University,Program,Level,Type,CAPES_Score,Status
Fundação Centro Universitário Zona Oeste do Rio de Janeiro,CIÊNCIA E TECNOLOGIA AMBIENTAL,MESTRADO PROFISSIONAL,PROFISSIONAL,3,EM FUNCIONAMENTO
Fundação Centro Universitário Zona Oeste do Rio de Janeiro,CIÊNCIA E TECNOLOGIA DE MATERIAIS,MESTRADO PROFISSIONAL,PROFISSIONAL,3,EM FUNCIONAMENTO
Universidade Estadual Paulista Júlio de Mesquita Filho,ARTES,MESTRADO/DOUTORADO,ACADÊMICO,5,EM FUNCIONAMENTO
Universidade Estadual Paulista Júlio de Mesquita Filho,DESENVOLVIMENTO TERRITORIAL NA AMÉRICA LATINA E CARIBE,MESTRADO/DOUTORADO,ACADÊMICO,4,EM FUNCIONAMENTO
Universidade Estadual Paulista Júlio de Mesquita Filho,MÚSICA,MESTRADO/DOUTORADO,ACADÊMICO,4,EM FUNCIONAMENTO
Universidade Estadual Paulista Júlio de Mesquita Filho,RELAÇÕES INTERNACIONAIS (UNESP - UNICAMP - PUC-SP),MESTRADO/DOUTORADO,ACADÊMICO,5,EM FUNCIONAMENTO
Universidade Estadual Vale do Acaraú,FILOSOFIA,MESTRADO,ACADÊMICO,3,EM FUNCIONAMENTO
Universidade Estadual Vale do Acaraú,GEOGRAFIA,MESTRADO,ACADÊMICO,4,EM FUNCIONAMENTO
Universidade Estadual Vale do Acaraú,ZOOTECNIA,MESTRADO,ACADÊMICO,3,EM FUNCIONAMENTO
Universidade Estadual da Paraíba,CIÊNCIAS AGRÁRIAS,MESTRADO,ACADÊMICO,5,EM FUNCIONAMENTO
Universidade Estadual da Paraíba,CIÊNCIAS FARMACÊUTICAS,MESTRADO,ACADÊMICO,3,EM FUNCIONAMENTO
Universidade Estadual da Paraíba,DESENVOLVIMENTO REGIONAL,MESTRADO,ACADÊMICO,3,EM FUNCIONAMENTO
Universidade Estadual da Paraíba,ENSINO DE CIÊNCIAS E EDUCAÇÃO MATEMÁTICA,MESTRADO,ACADÊMICO,4,EM FUNCIONAMENTO
Universidade Estadual da Paraíba,PSICOLOGIA DA SAÚDE,MESTRADO,ACADÊMICO,4,EM FUNCIONAMENTO
Universidade Estadual da Paraíba,QUÍMICA,MESTRADO,ACADÊMICO,3,EM FUNCIONAMENTO
Universidade Estadual da Paraíba,RELAÇOES INTERNACIONAIS,MESTRADO,ACADÊMICO,3,EM FUNCIONAMENTO
Universidade Estadual da Paraíba,SAÚDE PÚBLICA,MESTRADO,ACADÊMICO,3,EM FUNCIONAMENTO
Universidade Estadual da Paraíba,SERVIÇO SOCIAL,MESTRADO,ACADÊMICO,3,EM FUNCIONAMENTO
Universidade Estadual da Paraíba,CIÊNCIA E TECNOLOGIA EM SAÚDE,MESTRADO PROFISSIONAL,PROFISSIONAL,3,EM FUNCIONAMENTO
Universidade Estadual da Paraíba,FORMAÇÃO DE PROFESSORES,MESTRADO PROFISSIONAL,PROFISSIONAL,3,EM FUNCIONAMENTO
Universidade Estadual da Paraíba,GESTÃO DE DOCUMENTOS E GOVERNANÇA ARQUIVÍSTICA,MESTRADO PROFISSIONAL,PROFISSIONAL,A,EM FUNCIONAMENTO
Universidade Estadual da Paraíba,ENSINO DE CIÊNCIAS E MATEMÁTICA,MESTRADO PROFISSIONAL/DOUTORADO PROFISSIONAL,PROFISSIONAL,4,EM FUNCIONAMENTO
Universidade Estadual da Paraíba,CIÊNCIA E TECNOLOGIA AMBIENTAL,MESTRADO/DOUTORADO,ACADÊMICO,4,EM FUNCIONAMENTO
Universidade Estadual da Paraíba,ECOLOGIA E CONSERVAÇÃO,MESTRADO/DOUTORADO,ACADÊMICO,4,EM FUNCIONAMENTO
Universidade Estadual da Paraíba,LITERATURA E INTERCULTURALIDADE,MESTRADO/DOUTORADO,ACADÊMICO,4,EM FUNCIONAMENTO
Universidade Estadual da Paraíba,ODONTOLOGIA,MESTRADO/DOUTORADO,ACADÊMICO,4,EM FUNCIONAMENTO
Universidade Estadual da Região Tocantina do Maranhão,LETRAS,MESTRADO PROFISSIONAL,PROFISSIONAL,3,EM FUNCIONAMENTO
Universidade Estadual de Alagoas,DINÂMICAS TERRITORIAIS E CULTURA,MESTRADO,ACADÊMICO,3,EM FUNCIONAMENTO
Universidade Estadual de Campinas,AMBIENTE E SOCIEDADE,DOUTORADO,ACADÊMICO,6,EM FUNCIONAMENTO
Universidade Estadual de Campinas,CIÊNCIAS SOCIAIS,DOUTORADO,ACADÊMICO,5,EM FUNCIONAMENTO
Universidade Estadual de Campinas,DIVULGAÇÃO CIENTÍFICA E CULTURAL,MESTRADO,ACADÊMICO,5,EM FUNCIONAMENTO
Universidade Estadual de Campinas,ENSINO EM SAÚDE,MESTRADO,ACADÊMICO,A,EM FUNCIONAMENTO
Universidade Estadual de Campinas,CIÊNCIA APLICADA À QUALIFICAÇÃO MÉDICA,MESTRADO PROFISSIONAL,PROFISSIONAL,4,EM FUNCIONAMENTO
Universidade Estadual de Campinas,EDUCAÇÃO ESCOLAR,MESTRADO PROFISSIONAL,PROFISSIONAL,4,EM FUNCIONAMENTO
Universidade Estadual de Campinas,HEMOTERAPIA E HEMATOLOGIA,MESTRADO PROFISSIONAL,PROFISSIONAL,3,EM FUNCIONAMENTO
Universidade Estadual de Campinas,MATEMÁTICA APLICADA E COMPUTACIONAL,MESTRADO PROFISSIONAL,PROFISSIONAL,4,EM FUNCIONAMENTO
Universidade Estadual de Campinas,ONCOLOGIA,MESTRADO PROFISSIONAL,PROFISSIONAL,4,EM FUNCIONAMENTO
Universidade Estadual de Campinas,SAÚDE COLETIVA: POLÍTICAS E GESTÃO EM SAÚDE,MESTRADO PROFISSIONAL,PROFISSIONAL,4,EM FUNCIONAMENTO
Universidade Estadual de Campinas,ALIMENTOS E NUTRIÇÃO,MESTRADO/DOUTORADO,ACADÊMICO,6,EM FUNCIONAMENTO
Universidade Estadual de Campinas,ANTROPOLOGIA SOCIAL,MESTRADO/DOUTORADO,ACADÊMICO,6,EM FUNCIONAMENTO
Universidade Estadual de Campinas,"ARQUITETURA, TECNOLOGIA E CIDADE",MESTRADO/DOUTORADO,ACADÊMICO,5,EM FUNCIONAMENTO
Universidade Estadual de Campinas,ARTES DA CENA,MESTRADO/DOUTORADO,ACADÊMICO,6,EM FUNCIONAMENTO
Universidade Estadual de Campinas,ARTES VISUAIS,MESTRADO/DOUTORADO,ACADÊMICO,5,EM FUNCIONAMENTO
Universidade Estadual de Campinas,BIOLOGIA ANIMAL,MESTRADO/DOUTORADO,ACADÊMICO,4,EM FUNCIONAMENTO
Universidade Estadual de Campinas,BIOLOGIA MOLECULAR E MORFOFUNCIONAL,MESTRADO/DOUTORADO,ACADÊMICO,6,EM FUNCIONAMENTO
Universidade Estadual de Campinas,BIOLOGIA VEGETAL,MESTRADO/DOUTORADO,ACADÊMICO,6,EM FUNCIONAMENTO
Universidade Estadual de Campinas,CIÊNCIA DA COMPUTAÇÃO,MESTRADO/DOUTORADO,ACADÊMICO,7,EM FUNCIONAMENTO
Universidade Estadual de Campinas,CIÊNCIA DE ALIMENTOS,MESTRADO/DOUTORADO,ACADÊMICO,7,EM FUNCIONAMENTO
Universidade Estadual de Campinas,CIÊNCIA ECONÔMICA,MESTRADO/DOUTORADO,ACADÊMICO,6,EM FUNCIONAMENTO
Universidade Estadual de Campinas,CIÊNCIA POLÍTICA,MESTRADO/DOUTORADO,ACADÊMICO,7,EM FUNCIONAMENTO
Universidade Estadual de Campinas,CIÊNCIAS DA CIRURGIA,MESTRADO/DOUTORADO,ACADÊMICO,5,EM FUNCIONAMENTO
Universidade Estadual de Campinas,CIÊNCIAS E ENGENHARIA DE PETRÓLEO,MESTRADO/DOUTORADO,ACADÊMICO,5,EM FUNCIONAMENTO
Universidade Estadual de Campinas,CIÊNCIAS FARMACÊUTICAS,MESTRADO/DOUTORADO,ACADÊMICO,4,EM FUNCIONAMENTO
Universidade Estadual de Campinas,CIÊNCIAS MÉDICAS,MESTRADO/DOUTORADO,ACADÊMICO,5,EM FUNCIONAMENTO
Universidade Estadual de Campinas,CLÍNICA MÉDICA,MESTRADO/DOUTORADO,ACADÊMICO,5,EM FUNCIONAMENTO
Universidade Estadual de Campinas,DEMOGRAFIA,MESTRADO/DOUTORADO,ACADÊMICO,6,EM FUNCIONAMENTO
Universidade Estadual de Campinas,DESENVOLVIMENTO ECONÔMICO,MESTRADO/DOUTORADO,ACADÊMICO,5,EM FUNCIONAMENTO
Universidade Estadual de Campinas,ECOLOGIA,MESTRADO/DOUTORADO,ACADÊMICO,5,EM FUNCIONAMENTO
Universidade Estadual de Campinas,EDUCAÇÃO,MESTRADO/DOUTORADO,ACADÊMICO,6,EM FUNCIONAMENTO
Universidade Estadual de Campinas,EDUCAÇÃO FÍSICA,MESTRADO/DOUTORADO,ACADÊMICO,5,EM FUNCIONAMENTO
Universidade Estadual de Campinas,ENFERMAGEM,MESTRADO/DOUTORADO,ACADÊMICO,5,EM FUNCIONAMENTO
Universidade Estadual de Campinas,ENGENHARIA AGRÍCOLA,MESTRADO/DOUTORADO,ACADÊMICO,5,EM FUNCIONAMENTO
Universidade Estadual de Campinas,ENGENHARIA CIVIL,MESTRADO/DOUTORADO,ACADÊMICO,5,EM FUNCIONAMENTO
Universidade Estadual de Campinas,ENGENHARIA DE ALIMENTOS,MESTRADO/DOUTORADO,ACADÊMICO,7,EM FUNCIONAMENTO
Universidade Estadual de Campinas,ENGENHARIA ELÉTRICA,MESTRADO/DOUTORADO,ACADÊMICO,7,EM FUNCIONAMENTO
Universidade Estadual de Campinas,ENGENHARIA MECÂNICA,MESTRADO/DOUTORADO,ACADÊMICO,6,EM FUNCIONAMENTO
Universidade Estadual de Campinas,ENGENHARIA QUÍMICA,MESTRADO/DOUTORADO,ACADÊMICO,7,EM FUNCIONAMENTO
Universidade Estadual de Campinas,ENSINO E HISTÓRIA DE CIÊNCIAS DA TERRA,MESTRADO/DOUTORADO,ACADÊMICO,4,EM FUNCIONAMENTO
Universidade Estadual de Campinas,ESTATÍSTICA,MESTRADO/DOUTORADO,ACADÊMICO,5,EM FUNCIONAMENTO
Universidade Estadual de Campinas,FARMACOLOGIA,MESTRADO/DOUTORADO,ACADÊMICO,5,EM FUNCIONAMENTO
Universidade Estadual de Campinas,FILOSOFIA,MESTRADO/DOUTORADO,ACADÊMICO,6,EM FUNCIONAMENTO
Universidade Estadual de Campinas,FISIOPATOLOGIA MÉDICA,MESTRADO/DOUTORADO,ACADÊMICO,7,EM FUNCIONAMENTO
Universidade Estadual de Campinas,FÍSICA,MESTRADO/DOUTORADO,ACADÊMICO,7,EM FUNCIONAMENTO
Universidade Estadual de Campinas,GENÉTICA E BIOLOGIA MOLECULAR,MESTRADO/DOUTORADO,ACADÊMICO,7,EM FUNCIONAMENTO
Universidade Estadual de Campinas,GEOCIÊNCIAS,MESTRADO/DOUTORADO,ACADÊMICO,6,EM FUNCIONAMENTO
Universidade Estadual de Campinas,GEOGRAFIA,MESTRADO/DOUTORADO,ACADÊMICO,6,EM FUNCIONAMENTO
Universidade Estadual de Campinas,GERONTOLOGIA,MESTRADO/DOUTORADO,ACADÊMICO,5,EM FUNCIONAMENTO
Universidade Estadual de Campinas,HISTÓRIA,MESTRADO/DOUTORADO,ACADÊMICO,7,EM FUNCIONAMENTO
Universidade Estadual de Campinas,LINGÜÍSTICA,MESTRADO/DOUTORADO,ACADÊMICO,7,EM FUNCIONAMENTO
Universidade Estadual de Campinas,LINGÜÍSTICA APLICADA,MESTRADO/DOUTORADO,ACADÊMICO,6,EM FUNCIONAMENTO
Universidade Estadual de Campinas,MATEMÁTICA,MESTRADO/DOUTORADO,ACADÊMICO,7,EM FUNCIONAMENTO
Universidade Estadual de Campinas,MATEMÁTICA APLICADA,MESTRADO/DOUTORADO,ACADÊMICO,6,EM FUNCIONAMENTO
Universidade Estadual de Campinas,MULTIMEIOS,MESTRADO/DOUTORADO,ACADÊMICO,5,EM FUNCIONAMENTO
Universidade Estadual de Campinas,MULTIUNIDADES EM ENSINO DE CIÊNCIAS E MATEMÁTICA,MESTRADO/DOUTORADO,ACADÊMICO,4,EM FUNCIONAMENTO
Universidade Estadual de Campinas,MÚSICA,MESTRADO/DOUTORADO,ACADÊMICO,6,EM FUNCIONAMENTO
Universidade Estadual de Campinas,PLANEJAMENTO DE SISTEMAS ENERGÉTICOS,MESTRADO/DOUTORADO,ACADÊMICO,5,EM FUNCIONAMENTO
Universidade Estadual de Campinas,POLÍTICA CIENTÍFICA E TECNOLÓGICA,MESTRADO/DOUTORADO,ACADÊMICO,6,EM FUNCIONAMENTO
Universidade Estadual de Campinas,QUÍMICA,MESTRADO/DOUTORADO,ACADÊMICO,7,EM FUNCIONAMENTO
Universidade Estadual de Campinas,SAÚDE COLETIVA,MESTRADO/DOUTORADO,ACADÊMICO,5,EM FUNCIONAMENTO
Universidade Estadual de Campinas,SAÚDE DA CRIANÇA E DO ADOLESCENTE,MESTRADO/DOUTORADO,ACADÊMICO,5,EM FUNCIONAMENTO
Universidade Estadual de Campinas,"SAÚDE, INTERDISCIPLINARIDADE E REABILITAÇÃO",MESTRADO/DOUTORADO,ACADÊMICO,4,EM FUNCIONAMENTO
Universidade Estadual de Campinas,SOCIOLOGIA,MESTRADO/DOUTORADO,ACADÊMICO,6,EM FUNCIONAMENTO
Universidade Estadual de Campinas,TECNOLOGIA DE ALIMENTOS,MESTRADO/DOUTORADO,ACADÊMICO,5,EM FUNCIONAMENTO
Universidade Estadual de Campinas,TEORIA E HISTÓRIA LITERÁRIA,MESTRADO/DOUTORADO,ACADÊMICO,6,EM FUNCIONAMENTO
Universidade Estadual de Campinas,TOCOGINECOLOGIA,MESTRADO/DOUTORADO,ACADÊMICO,7,EM FUNCIONAMENTO
Universidade Estadual de Ciências da Saúde de Alagoas,EDUCAÇÃO ESPECIAL,MESTRADO PROFISSIONAL,PROFISSIONAL,A,EM FUNCIONAMENTO
Universidade Estadual de Ciências da Saúde de Alagoas,ENSINO EM SAÚDE E TECNOLOGIA,MESTRADO PROFISSIONAL,PROFISSIONAL,4,EM FUNCIONAMENTO
Universidade Estadual de Feira de Santana,CIÊNCIA DA COMPUTAÇÃO,MESTRADO,ACADÊMICO,3,EM FUNCIONAMENTO
Universidade Estadual de Feira de Santana,CIÊNCIAS FARMACÊUTICAS,MESTRADO,ACADÊMICO,3,EM FUNCIONAMENTO
Universidade Estadual de Feira de Santana,"DESENHO, CULTURA E INTERATIVIDADE",MESTRADO,ACADÊMICO,3,EM FUNCIONAMENTO
Universidade Estadual de Feira de Santana,ECOLOGIA E EVOLUÇÃO,MESTRADO,ACADÊMICO,3,EM FUNCIONAMENTO
Universidade Estadual de Feira de Santana,EDUCAÇÃO,MESTRADO,ACADÊMICO,4,EM FUNCIONAMENTO
Universidade Estadual de Feira de Santana,ENGENHARIA CIVIL E AMBIENTAL,MESTRADO,ACADÊMICO,3,EM FUNCIONAMENTO
Universidade Estadual de Feira de Santana,ENSINO DE MATEMÁTICA,MESTRADO,ACADÊMICO,A,EM FUNCIONAMENTO
Universidade Estadual de Feira de Santana,ESTUDOS LITERÁRIOS,MESTRADO,ACADÊMICO,5,EM FUNCIONAMENTO
Universidade Estadual de Feira de Santana,HISTÓRIA,MESTRADO,ACADÊMICO,3,EM FUNCIONAMENTO
Universidade Estadual de Feira de Santana,ASTRONOMIA,MESTRADO PROFISSIONAL,PROFISSIONAL,4,EM FUNCIONAMENTO
Universidade Estadual de Feira de Santana,ENFERMAGEM,MESTRADO PROFISSIONAL,PROFISSIONAL,3,EM FUNCIONAMENTO
Universidade Estadual de Feira de Santana,PLANEJAMENTO TERRITORIAL,MESTRADO PROFISSIONAL,PROFISSIONAL,4,EM FUNCIONAMENTO
Universidade Estadual de Feira de Santana,SAÚDE COLETIVA,MESTRADO PROFISSIONAL,PROFISSIONAL,3,EM FUNCIONAMENTO
Universidade Estadual de Feira de Santana,BIOTECNOLOGIA,MESTRADO/DOUTORADO,ACADÊMICO,5,EM FUNCIONAMENTO
Universidade Estadual de Feira de Santana,BOTÂNICA,MESTRADO/DOUTORADO,ACADÊMICO,5,EM FUNCIONAMENTO
Universidade Estadual de Feira de Santana,ESTUDOS LINGUÍSTICOS,MESTRADO/DOUTORADO,ACADÊMICO,5,EM FUNCIONAMENTO
Universidade Estadual de Feira de Santana,MODELAGEM EM CIÊNCIAS DA TERRA E DO AMBIENTE,MESTRADO/DOUTORADO,ACADÊMICO,4,EM FUNCIONAMENTO
Universidade Estadual de Feira de Santana,RECURSOS GENÉTICOS VEGETAIS,MESTRADO/DOUTORADO,ACADÊMICO,4,EM FUNCIONAMENTO
Universidade Estadual de Feira de Santana,SAÚDE COLETIVA,MESTRADO/DOUTORADO,ACADÊMICO,5,EM FUNCIONAMENTO
Universidade Estadual de Goiás,AMBIENTE E SOCIEDADE,MESTRADO,ACADÊMICO,4,EM FUNCIONAMENTO
Universidade Estadual de Goiás,CIÊNCIAS APLICADAS A PRODUTOS PARA SAÚDE,MESTRADO,ACADÊMICO,4,EM FUNCIONAMENTO
Universidade Estadual de Goiás,CIÊNCIAS MOLECULARES,MESTRADO,ACADÊMICO,3,EM FUNCIONAMENTO
Universidade Estadual de Goiás,EDUCAÇÃO,MESTRADO,ACADÊMICO,A,EM FUNCIONAMENTO
Universidade Estadual de Goiás,"EDUCAÇÃO, LINGUAGEM E TECNOLOGIAS",MESTRADO,ACADÊMICO,4,EM FUNCIONAMENTO
Universidade Estadual de Goiás,ENGENHARIA AGRÍCOLA,MESTRADO,ACADÊMICO,4,EM FUNCIONAMENTO
Universidade Estadual de Goiás,GEOGRAFIA,MESTRADO,ACADÊMICO,3,EM FUNCIONAMENTO
Universidade Estadual de Goiás,"GESTÃO, EDUCAÇÃO E TECNOLOGIAS",MESTRADO,ACADÊMICO,3,EM FUNCIONAMENTO
Universidade Estadual de Goiás,HISTÓRIA,MESTRADO,ACADÊMICO,3,EM FUNCIONAMENTO
Universidade Estadual de Goiás,"LÍNGUA, LITERATURA E INTERCULTURALIDADE",MESTRADO,ACADÊMICO,4,EM FUNCIONAMENTO
Universidade Estadual de Goiás,PRODUÇÃO VEGETAL,MESTRADO,ACADÊMICO,4,EM FUNCIONAMENTO
Universidade Estadual de Goiás,TERRITÓRIOS E EXPRESSÕES CULTURAIS NO CERRADO,MESTRADO,ACADÊMICO,4,EM FUNCIONAMENTO
Universidade Estadual de Goiás,ENSINO DE CIÊNCIAS,MESTRADO PROFISSIONAL,PROFISSIONAL,4,EM FUNCIONAMENTO
Universidade Estadual de Goiás,ESTUDOS CULTURAIS MEMORIA E PATRIMÔNIO,MESTRADO PROFISSIONAL,PROFISSIONAL,3,EM FUNCIONAMENTO
Universidade Estadual de Goiás,PRODUÇÃO ANIMAL E FORRAGICULTURA,MESTRADO PROFISSIONAL,PROFISSIONAL,3,EM FUNCIONAMENTO
Universidade Estadual de Goiás,RECURSOS NATURAIS DO CERRADO (RENAC),MESTRADO/DOUTORADO,ACADÊMICO,5,EM FUNCIONAMENTO
Universidade Estadual de Londrina,ENGENHARIA ELETRICA,DOUTORADO,ACADÊMICO,4,EM FUNCIONAMENTO
Universidade Estadual de Londrina,QUÍMICA - UEL - UNICENTRO - UEPG,DOUTORADO,ACADÊMICO,4,EM FUNCIONAMENTO
Universidade Estadual de Londrina,ADMINISTRAÇÃO,MESTRADO,ACADÊMICO,3,EM FUNCIONAMENTO
Universidade Estadual de Londrina,CIÊNCIA DA COMPUTAÇÃO,MESTRADO,ACADÊMICO,4,EM FUNCIONAMENTO
Universidade Estadual de Londrina,CIÊNCIAS FARMACÊUTICAS,MESTRADO,ACADÊMICO,3,EM FUNCIONAMENTO
Universidade Estadual de Londrina,COMUNICAÇÃO,MESTRADO,ACADÊMICO,3,EM FUNCIONAMENTO
Universidade Estadual de Londrina,ECONOMIA,MESTRADO,ACADÊMICO,3,EM FUNCIONAMENTO
Universidade Estadual de Londrina,ENGENHARIA ELETRICA,MESTRADO,ACADÊMICO,4,EM FUNCIONAMENTO
Universidade Estadual de Londrina,HISTÓRIA SOCIAL,MESTRADO,ACADÊMICO,4,EM FUNCIONAMENTO
Universidade Estadual de Londrina,MATEMÁTICA APLICADA E COMPUTACIONAL,MESTRADO,ACADÊMICO,4,EM FUNCIONAMENTO
Universidade Estadual de Londrina,CLÍNICAS VETERINÁRIAS,MESTRADO PROFISSIONAL,PROFISSIONAL,4,EM FUNCIONAMENTO
Universidade Estadual de Londrina,LETRAS ESTRANGEIRAS MODERNAS,MESTRADO PROFISSIONAL,PROFISSIONAL,4,EM FUNCIONAMENTO
Universidade Estadual de Londrina,AGRONOMIA,MESTRADO/DOUTORADO,ACADÊMICO,6,EM FUNCIONAMENTO
Universidade Estadual de Londrina,ANÁLISE DO COMPORTAMENTO,MESTRADO/DOUTORADO,ACADÊMICO,5,EM FUNCIONAMENTO
Universidade Estadual de Londrina,ARQUITETURA E URBANISMO,MESTRADO/DOUTORADO,ACADÊMICO,5,EM FUNCIONAMENTO
Universidade Estadual de Londrina,BIOTECNOLOGIA,MESTRADO/DOUTORADO,ACADÊMICO,6,EM FUNCIONAMENTO
Universidade Estadual de Londrina,CIÊNCIA ANIMAL,MESTRADO/DOUTORADO,ACADÊMICO,7,EM FUNCIONAMENTO
Universidade Estadual de Londrina,CIÊNCIA DA INFORMAÇÃO,MESTRADO/DOUTORADO,ACADÊMICO,4,EM FUNCIONAMENTO
Universidade Estadual de Londrina,CIÊNCIAS BIOLÓGICAS,MESTRADO/DOUTORADO,ACADÊMICO,4,EM FUNCIONAMENTO
Universidade Estadual de Londrina,CIÊNCIAS DA REABILITAÇÃO,MESTRADO/DOUTORADO,ACADÊMICO,5,EM FUNCIONAMENTO
Universidade Estadual de Londrina,CIÊNCIAS DA SAÚDE,MESTRADO/DOUTORADO,ACADÊMICO,5,EM FUNCIONAMENTO
Universidade Estadual de Londrina,CIÊNCIAS DE ALIMENTOS,MESTRADO/DOUTORADO,ACADÊMICO,4,EM FUNCIONAMENTO
Universidade Estadual de Londrina,CIÊNCIAS FISIOLÓGICAS,MESTRADO/DOUTORADO,ACADÊMICO,4,EM FUNCIONAMENTO
Universidade Estadual de Londrina,DIREITO NEGOCIAL,MESTRADO/DOUTORADO,ACADÊMICO,4,EM FUNCIONAMENTO
Universidade Estadual de Londrina,EDUCAÇÃO,MESTRADO/DOUTORADO,ACADÊMICO,5,EM FUNCIONAMENTO
Universidade Estadual de Londrina,EDUCAÇÃO FÍSICA,MESTRADO/DOUTORADO,ACADÊMICO,5,EM FUNCIONAMENTO
Universidade Estadual de Londrina,ENFERMAGEM,MESTRADO/DOUTORADO,ACADÊMICO,4,EM FUNCIONAMENTO
Universidade Estadual de Londrina,ENGENHARIA CIVIL,MESTRADO/DOUTORADO,ACADÊMICO,4,EM FUNCIONAMENTO
Universidade Estadual de Londrina,ENSINO DE CIÊNCIAS E EDUCAÇÃO MATEMÁTICA,MESTRADO/DOUTORADO,ACADÊMICO,7,EM FUNCIONAMENTO
Universidade Estadual de Londrina,ESTUDOS DA LINGUAGEM,MESTRADO/DOUTORADO,ACADÊMICO,4,EM FUNCIONAMENTO
Universidade Estadual de Londrina,FILOSOFIA,MESTRADO/DOUTORADO,ACADÊMICO,4,EM FUNCIONAMENTO
Universidade Estadual de Londrina,FISIOPATOLOGIA CLÍNICA E LABORATORIAL,MESTRADO/DOUTORADO,ACADÊMICO,4,EM FUNCIONAMENTO
Universidade Estadual de Londrina,FÍSICA,MESTRADO/DOUTORADO,ACADÊMICO,4,EM FUNCIONAMENTO
Universidade Estadual de Londrina,GENÉTICA E BIOLOGIA MOLECULAR,MESTRADO/DOUTORADO,ACADÊMICO,5,EM FUNCIONAMENTO
Universidade Estadual de Londrina,GEOGRAFIA,MESTRADO/DOUTORADO,ACADÊMICO,4,EM FUNCIONAMENTO
Universidade Estadual de Londrina,LETRAS,MESTRADO/DOUTORADO,ACADÊMICO,4,EM FUNCIONAMENTO
Universidade Estadual de Londrina,MICROBIOLOGIA,MESTRADO/DOUTORADO,ACADÊMICO,5,EM FUNCIONAMENTO
Universidade Estadual de Londrina,PATOLOGIA EXPERIMENTAL,MESTRADO/DOUTORADO,ACADÊMICO,7,EM FUNCIONAMENTO
Universidade Estadual de Londrina,PSICOLOGIA,MESTRADO/DOUTORADO,ACADÊMICO,4,EM FUNCIONAMENTO
Universidade Estadual de Londrina,QUÍMICA,MESTRADO/DOUTORADO,ACADÊMICO,5,EM FUNCIONAMENTO
Universidade Estadual de Londrina,SAÚDE COLETIVA,MESTRADO/DOUTORADO,ACADÊMICO,4,EM FUNCIONAMENTO
Universidade Estadual de Londrina,SERVIÇO SOCIAL E POLÍTICA SOCIAL,MESTRADO/DOUTORADO,ACADÊMICO,4,EM FUNCIONAMENTO
Universidade Estadual de Londrina,SOCIOLOGIA,MESTRADO/DOUTORADO,ACADÊMICO,4,EM FUNCIONAMENTO
Universidade Estadual de Maringá,CIÊNCIAS AGRÁRIAS,MESTRADO,ACADÊMICO,3,EM FUNCIONAMENTO
Universidade Estadual de Maringá,CIÊNCIAS CONTÁBEIS,MESTRADO,ACADÊMICO,3,EM FUNCIONAMENTO
Universidade Estadual de Maringá,CIÊNCIAS SOCIAIS,MESTRADO,ACADÊMICO,4,EM FUNCIONAMENTO
Universidade Estadual de Maringá,ENGENHARIA DE ALIMENTOS,MESTRADO,ACADÊMICO,3,EM FUNCIONAMENTO
Universidade Estadual de Maringá,ENGENHARIA DE PRODUÇÃO,MESTRADO,ACADÊMICO,3,EM FUNCIONAMENTO
Universidade Estadual de Maringá,ENGENHARIA MECÂNICA,MESTRADO,ACADÊMICO,3,EM FUNCIONAMENTO
Universidade Estadual de Maringá,ENGENHARIA URBANA,MESTRADO,ACADÊMICO,3,EM FUNCIONAMENTO
Universidade Estadual de Maringá,FILOSOFIA,MESTRADO,ACADÊMICO,4,EM FUNCIONAMENTO
Universidade Estadual de Maringá,MÚSICA,MESTRADO,ACADÊMICO,3,EM FUNCIONAMENTO
Universidade Estadual de Maringá,PRODUÇÃO SUSTENTÁVEL E SAÚDE ANIMAL,MESTRADO,ACADÊMICO,4,EM FUNCIONAMENTO
Universidade Estadual de Maringá,SUSTENTABILIDADE,MESTRADO,ACADÊMICO,4,EM FUNCIONAMENTO
Universidade Estadual de Maringá,AGROECOLOGIA,MESTRADO PROFISSIONAL,PROFISSIONAL,4,EM FUNCIONAMENTO
Universidade Estadual de Maringá,ASSISTÊNCIA FARMACÊUTICA,MESTRADO PROFISSIONAL,PROFISSIONAL,3,EM FUNCIONAMENTO
Universidade Estadual de Maringá,"GESTÃO, TECNOLOGIA E INOVAÇÃO EM URGÊNCIA E EMERGÊNCIA",MESTRADO PROFISSIONAL,PROFISSIONAL,3,EM FUNCIONAMENTO
Universidade Estadual de Maringá,POLÍTICAS PÚBLICAS,MESTRADO PROFISSIONAL,PROFISSIONAL,4,EM FUNCIONAMENTO
Universidade Estadual de Maringá,ADMINISTRAÇÃO,MESTRADO/DOUTORADO,ACADÊMICO,4,EM FUNCIONAMENTO
Universidade Estadual de Maringá,AGRONOMIA,MESTRADO/DOUTORADO,ACADÊMICO,6,EM FUNCIONAMENTO
Universidade Estadual de Maringá,BIOCIÊNCIAS E FISIOPATOLOGIA,MESTRADO/DOUTORADO,ACADÊMICO,5,EM FUNCIONAMENTO
Universidade Estadual de Maringá,BIOESTATÍSTICA,MESTRADO/DOUTORADO,ACADÊMICO,4,EM FUNCIONAMENTO
Universidade Estadual de Maringá,BIOLOGIA COMPARADA,MESTRADO/DOUTORADO,ACADÊMICO,4,EM FUNCIONAMENTO
Universidade Estadual de Maringá,BIOQUÍMICA,MESTRADO/DOUTORADO,ACADÊMICO,4,EM FUNCIONAMENTO
Universidade Estadual de Maringá,BIOTECNOLOGIA AMBIENTAL,MESTRADO/DOUTORADO,ACADÊMICO,4,EM FUNCIONAMENTO
Universidade Estadual de Maringá,CIÊNCIA DA COMPUTAÇÃO,MESTRADO/DOUTORADO,ACADÊMICO,4,EM FUNCIONAMENTO
Universidade Estadual de Maringá,CIÊNCIA DE ALIMENTOS,MESTRADO/DOUTORADO,ACADÊMICO,4,EM FUNCIONAMENTO
Universidade Estadual de Maringá,CIÊNCIAS BIOLÓGICAS (BIOLOGIA CELULAR),MESTRADO/DOUTORADO,ACADÊMICO,5,EM FUNCIONAMENTO
Universidade Estadual de Maringá,CIÊNCIAS DA SAÚDE,MESTRADO/DOUTORADO,ACADÊMICO,5,EM FUNCIONAMENTO
Universidade Estadual de Maringá,CIÊNCIAS FARMACÊUTICAS,MESTRADO/DOUTORADO,ACADÊMICO,5,EM FUNCIONAMENTO
Universidade Estadual de Maringá,CIÊNCIAS FISIOLÓGICAS,MESTRADO/DOUTORADO,ACADÊMICO,4,EM FUNCIONAMENTO
Universidade Estadual de Maringá,ECOLOGIA DE AMBIENTES AQUÁTICOS CONTINENTAIS,MESTRADO/DOUTORADO,ACADÊMICO,7,EM FUNCIONAMENTO
Universidade Estadual de Maringá,ECONOMIA,MESTRADO/DOUTORADO,ACADÊMICO,4,EM FUNCIONAMENTO
Universidade Estadual de Maringá,EDUCAÇÃO,MESTRADO/DOUTORADO,ACADÊMICO,5,EM FUNCIONAMENTO
Universidade Estadual de Maringá,EDUCAÇÃO PARA A CIÊNCIA E A MATEMÁTICA,MESTRADO/DOUTORADO,ACADÊMICO,5,EM FUNCIONAMENTO
Universidade Estadual de Maringá,ENFERMAGEM,MESTRADO/DOUTORADO,ACADÊMICO,5,EM FUNCIONAMENTO
Universidade Estadual de Maringá,ENGENHARIA CIVIL,MESTRADO/DOUTORADO,ACADÊMICO,4,EM FUNCIONAMENTO
Universidade Estadual de Maringá,ENGENHARIA QUÍMICA,MESTRADO/DOUTORADO,ACADÊMICO,6,EM FUNCIONAMENTO
Universidade Estadual de Maringá,FÍSICA,MESTRADO/DOUTORADO,ACADÊMICO,6,EM FUNCIONAMENTO
Universidade Estadual de Maringá,GENÉTICA E MELHORAMENTO,MESTRADO/DOUTORADO,ACADÊMICO,5,EM FUNCIONAMENTO
Universidade Estadual de Maringá,GEOGRAFIA,MESTRADO/DOUTORADO,ACADÊMICO,5,EM FUNCIONAMENTO
Universidade Estadual de Maringá,HISTÓRIA,MESTRADO/DOUTORADO,ACADÊMICO,5,EM FUNCIONAMENTO
Universidade Estadual de Maringá,LETRAS,MESTRADO/DOUTORADO,ACADÊMICO,6,EM FUNCIONAMENTO
Universidade Estadual de Maringá,MATEMÁTICA,MESTRADO/DOUTORADO,ACADÊMICO,5,EM FUNCIONAMENTO
Universidade Estadual de Maringá,ODONTOLOGIA INTEGRADA,MESTRADO/DOUTORADO,ACADÊMICO,4,EM FUNCIONAMENTO
Universidade Estadual de Maringá,PSICOLOGIA,MESTRADO/DOUTORADO,ACADÊMICO,4,EM FUNCIONAMENTO
Universidade Estadual de Maringá,QUÍMICA,MESTRADO/DOUTORADO,ACADÊMICO,6,EM FUNCIONAMENTO
Universidade Estadual de Maringá,ZOOTECNIA,MESTRADO/DOUTORADO,ACADÊMICO,6,EM FUNCIONAMENTO
Universidade Estadual de Mato Grosso do Sul,AGRONOMIA - SUSTENTABILIDADE NA AGRICULTURA,MESTRADO,ACADÊMICO,3,EM FUNCIONAMENTO
Universidade Estadual de Mato Grosso do Sul,BIODIVERSIDADE E SUSTENTABILIDADE AMBIENTAL,MESTRADO,ACADÊMICO,A,EM FUNCIONAMENTO
Universidade Estadual de Mato Grosso do Sul,DESENVOLVIMENTO REGIONAL E DE SISTEMAS PRODUTIVOS,MESTRADO,ACADÊMICO,3,EM FUNCIONAMENTO
Universidade Estadual de Mato Grosso do Sul,EDUCAÇÃO,MESTRADO,ACADÊMICO,3,EM FUNCIONAMENTO
Universidade Estadual de Mato Grosso do Sul,GEOGRAFIA,MESTRADO,ACADÊMICO,A,EM FUNCIONAMENTO
Universidade Estadual de Mato Grosso do Sul,LETRAS,MESTRADO,ACADÊMICO,3,EM FUNCIONAMENTO
Universidade Estadual de Mato Grosso do Sul,ZOOTECNIA,MESTRADO,ACADÊMICO,3,EM FUNCIONAMENTO
Universidade Estadual de Mato Grosso do Sul,EDUCAÇÃO,MESTRADO PROFISSIONAL,PROFISSIONAL,4,EM FUNCIONAMENTO
Universidade Estadual de Mato Grosso do Sul,EDUCAÇÃO CIENTÍFICA E MATEMÁTICA,MESTRADO PROFISSIONAL,PROFISSIONAL,4,EM FUNCIONAMENTO
Universidade Estadual de Mato Grosso do Sul,ENSINO EM SAÚDE,MESTRADO PROFISSIONAL,PROFISSIONAL,4,EM FUNCIONAMENTO
Universidade Estadual de Mato Grosso do Sul,AGRONOMIA,MESTRADO/DOUTORADO,ACADÊMICO,4,EM FUNCIONAMENTO
Universidade Estadual de Mato Grosso do Sul,RECURSOS NATURAIS,MESTRADO/DOUTORADO,ACADÊMICO,5,EM FUNCIONAMENTO
Universidade Estadual de Montes Claros,BOTÂNICA APLICADA,MESTRADO,ACADÊMICO,3,EM FUNCIONAMENTO
Universidade Estadual de Montes Claros,EDUCAÇÃO,MESTRADO,ACADÊMICO,3,EM FUNCIONAMENTO
Universidade Estadual de Montes Claros,GEOGRAFIA,MESTRADO,ACADÊMICO,4,EM FUNCIONAMENTO
Universidade Estadual de Montes Claros,HISTORIA,MESTRADO,ACADÊMICO,4,EM FUNCIONAMENTO
Universidade Estadual de Montes Claros,LETRAS-ESTUDOS LITERÁRIOS,MESTRADO,ACADÊMICO,3,EM FUNCIONAMENTO
Universidade Estadual de Montes Claros,ZOOTECNIA,MESTRADO,ACADÊMICO,3,EM FUNCIONAMENTO
Universidade Estadual de Montes Claros,CIÊNCIAS POLICIAIS E TECNOLOGIAS INOVADORAS,MESTRADO PROFISSIONAL,PROFISSIONAL,A,EM FUNCIONAMENTO
Universidade Estadual de Montes Claros,CUIDADO PRIMÁRIO EM SAÚDE,MESTRADO PROFISSIONAL,PROFISSIONAL,5,EM FUNCIONAMENTO
Universidade Estadual de Montes Claros,DESENVOLVIMENTO ECONÔMICO E ESTRATÉGIA EMPRESARIAL,MESTRADO PROFISSIONAL,PROFISSIONAL,3,EM FUNCIONAMENTO
Universidade Estadual de Montes Claros,MODELAGEM COMPUTACIONAL E SISTEMAS,MESTRADO PROFISSIONAL,PROFISSIONAL,3,EM FUNCIONAMENTO
Universidade Estadual de Montes Claros,BIOTECNOLOGIA,MESTRADO PROFISSIONAL/DOUTORADO PROFISSIONAL,PROFISSIONAL,5,EM FUNCIONAMENTO
Universidade Estadual de Montes Claros,BIODIVERSIDADE E USO DOS RECURSOS NATURAIS,MESTRADO/DOUTORADO,ACADÊMICO,4,EM FUNCIONAMENTO
Universidade Estadual de Montes Claros,CIÊNCIAS DA SAÚDE,MESTRADO/DOUTORADO,ACADÊMICO,6,EM FUNCIONAMENTO
Universidade Estadual de Montes Claros,DESENVOLVIMENTO SOCIAL,MESTRADO/DOUTORADO,ACADÊMICO,5,EM FUNCIONAMENTO
Universidade Estadual de Montes Claros,PRODUÇÃO VEGETAL NO SEMIÁRIDO,MESTRADO/DOUTORADO,ACADÊMICO,4,EM FUNCIONAMENTO
Universidade Estadual de Ponta Grossa,CIÊNCIAS BIOMÉDICAS,MESTRADO,ACADÊMICO,3,EM FUNCIONAMENTO
Universidade Estadual de Ponta Grossa,COMPUTAÇÃO APLICADA,MESTRADO,ACADÊMICO,3,EM FUNCIONAMENTO
Universidade Estadual de Ponta Grossa,ECONOMIA,MESTRADO,ACADÊMICO,3,EM FUNCIONAMENTO
Universidade Estadual de Ponta Grossa,ENSINO DE CIÊNCIAS E EDUCAÇÃO MATEMÁTICA,MESTRADO,ACADÊMICO,4,EM FUNCIONAMENTO
Universidade Estadual de Ponta Grossa,HISTÓRIA,MESTRADO,ACADÊMICO,4,EM FUNCIONAMENTO
Universidade Estadual de Ponta Grossa,JORNALISMO,MESTRADO,ACADÊMICO,4,EM FUNCIONAMENTO
Universidade Estadual de Ponta Grossa,ZOOTECNIA,MESTRADO,ACADÊMICO,4,EM FUNCIONAMENTO
Universidade Estadual de Ponta Grossa,DIREITO,MESTRADO PROFISSIONAL,PROFISSIONAL,A,EM FUNCIONAMENTO
Universidade Estadual de Ponta Grossa,AGRONOMIA,MESTRADO/DOUTORADO,ACADÊMICO,5,EM FUNCIONAMENTO
Universidade Estadual de Ponta Grossa,BIOENERGIA - UEL - UEM - UEPG - UNICENTRO - UNIOESTE - UFPR,MESTRADO/DOUTORADO,ACADÊMICO,4,EM FUNCIONAMENTO
Universidade Estadual de Ponta Grossa,CIÊNCIA E TECNOLOGIA DE ALIMENTOS,MESTRADO/DOUTORADO,ACADÊMICO,4,EM FUNCIONAMENTO
Universidade Estadual de Ponta Grossa,CIÊNCIAS,MESTRADO/DOUTORADO,ACADÊMICO,5,EM FUNCIONAMENTO
Universidade Estadual de Ponta Grossa,CIÊNCIAS DA SAÚDE,MESTRADO/DOUTORADO,ACADÊMICO,4,EM FUNCIONAMENTO
Universidade Estadual de Ponta Grossa,CIÊNCIAS FARMACÊUTICAS,MESTRADO/DOUTORADO,ACADÊMICO,4,EM FUNCIONAMENTO
Universidade Estadual de Ponta Grossa,CIÊNCIAS SOCIAIS APLICADAS,MESTRADO/DOUTORADO,ACADÊMICO,4,EM FUNCIONAMENTO
Universidade Estadual de Ponta Grossa,EDUCAÇÃO,MESTRADO/DOUTORADO,ACADÊMICO,5,EM FUNCIONAMENTO
Universidade Estadual de Ponta Grossa,ENGENHARIA E CIÊNCIA DE MATERIAIS,MESTRADO/DOUTORADO,ACADÊMICO,4,EM FUNCIONAMENTO
Universidade Estadual de Ponta Grossa,ESTUDOS DA LINGUAGEM,MESTRADO/DOUTORADO,ACADÊMICO,4,EM FUNCIONAMENTO
Universidade Estadual de Ponta Grossa,GEOGRAFIA,MESTRADO/DOUTORADO,ACADÊMICO,5,EM FUNCIONAMENTO
Universidade Estadual de Ponta Grossa,ODONTOLOGIA,MESTRADO/DOUTORADO,ACADÊMICO,5,EM FUNCIONAMENTO
Universidade Estadual de Ponta Grossa,QUÍMICA,MESTRADO/DOUTORADO,ACADÊMICO,4,EM FUNCIONAMENTO
Universidade Estadual de Roraima,"AGROECOLOGIA, AMBIENTE, SOCIEDADE E AMAZÔNIA (PPGAASA)",MESTRADO,ACADÊMICO,3,EM FUNCIONAMENTO
Universidade Estadual de Roraima,EDUCAÇÃO,MESTRADO,ACADÊMICO,3,EM FUNCIONAMENTO
Universidade Estadual de Roraima,ENSINO DE CIÊNCIAS E MATEMÁTICA,MESTRADO PROFISSIONAL,PROFISSIONAL,5,EM FUNCIONAMENTO
Universidade Estadual de Roraima,"SEGURANÇA PÚBLICA, DIREITOS HUMANOS E CIDADANIA",MESTRADO PROFISSIONAL,PROFISSIONAL,3,EM FUNCIONAMENTO
Universidade Estadual de Santa Cruz,"CIÊNCIA, INOVAÇÃO E MODELAGEM EM MATERIAIS",MESTRADO,ACADÊMICO,4,EM FUNCIONAMENTO
Universidade Estadual de Santa Cruz,CIÊNCIAS DA SAÚDE,MESTRADO,ACADÊMICO,3,EM FUNCIONAMENTO
Universidade Estadual de Santa Cruz,DESENVOLVIMENTO REGIONAL E MEIO AMBIENTE,MESTRADO,ACADÊMICO,5,EM FUNCIONAMENTO
Universidade Estadual de Santa Cruz,EDUCAÇÃO EM CIÊNCIAS E MATEMÁTICA,MESTRADO,ACADÊMICO,4,EM FUNCIONAMENTO
Universidade Estadual de Santa Cruz,FÍSICA,MESTRADO,ACADÊMICO,3,EM FUNCIONAMENTO
Universidade Estadual de Santa Cruz,HISTÓRIA: ATLÂNTICO E DIÁSPORA AFRICANA,MESTRADO,ACADÊMICO,3,EM FUNCIONAMENTO
Universidade Estadual de Santa Cruz,QUÍMICA,MESTRADO,ACADÊMICO,3,EM FUNCIONAMENTO
Universidade Estadual de Santa Cruz,SISTEMAS AQUÁTICOS TROPICAIS,MESTRADO,ACADÊMICO,3,EM FUNCIONAMENTO
Universidade Estadual de Santa Cruz,ENFERMAGEM,MESTRADO PROFISSIONAL,PROFISSIONAL,3,EM FUNCIONAMENTO
Universidade Estadual de Santa Cruz,EDUCAÇÃO,MESTRADO PROFISSIONAL/DOUTORADO PROFISSIONAL,PROFISSIONAL,4,EM FUNCIONAMENTO
Universidade Estadual de Santa Cruz,BIOLOGIA E BIOTECNOLOGIA DE MICRORGANISMOS,MESTRADO/DOUTORADO,ACADÊMICO,4,EM FUNCIONAMENTO
Universidade Estadual de Santa Cruz,CIÊNCIA ANIMAL,MESTRADO/DOUTORADO,ACADÊMICO,5,EM FUNCIONAMENTO
Universidade Estadual de Santa Cruz,ECOLOGIA E CONSERVAÇÃO DA BIODIVERSIDADE,MESTRADO/DOUTORADO,ACADÊMICO,6,EM FUNCIONAMENTO
Universidade Estadual de Santa Cruz,ECONOMIA REGIONAL E POLÍTICAS PÚBLICAS,MESTRADO/DOUTORADO,ACADÊMICO,4,EM FUNCIONAMENTO
Universidade Estadual de Santa Cruz,GENÉTICA E BIOLOGIA MOLECULAR,MESTRADO/DOUTORADO,ACADÊMICO,5,EM FUNCIONAMENTO
Universidade Estadual de Santa Cruz,LINGUAGENS E REPRESENTAÇÕES,MESTRADO/DOUTORADO,ACADÊMICO,4,EM FUNCIONAMENTO
Universidade Estadual de Santa Cruz,MODELAGEM COMPUTACIONAL EM CIÊNCIA E TECNOLOGIA,MESTRADO/DOUTORADO,ACADÊMICO,4,EM FUNCIONAMENTO
Universidade Estadual de Santa Cruz,PRODUÇÃO VEGETAL,MESTRADO/DOUTORADO,ACADÊMICO,5,EM FUNCIONAMENTO
Universidade Estadual de Santa Cruz,ZOOLOGIA,MESTRADO/DOUTORADO,ACADÊMICO,5,EM FUNCIONAMENTO
Universidade Estadual do Ceará,POLÍTICAS PÚBLICAS,DOUTORADO,ACADÊMICO,4,EM FUNCIONAMENTO
Universidade Estadual do Ceará,CIÊNCIAS FÍSICAS APLICADAS,MESTRADO,ACADÊMICO,3,EM FUNCIONAMENTO
Universidade Estadual do Ceará,EDUCAÇÃO E ENSINO (MAIE),MESTRADO,ACADÊMICO,4,EM FUNCIONAMENTO
Universidade Estadual do Ceará,FILOSOFIA,MESTRADO,ACADÊMICO,A,EM FUNCIONAMENTO
Universidade Estadual do Ceará,"HISTÓRIA, CULTURAS E ESPACIALIDADES",MESTRADO,ACADÊMICO,A,EM FUNCIONAMENTO
Universidade Estadual do Ceará,INTERDISCIPLINAR EM HISTÓRIA E LETRAS - MIHL,MESTRADO,ACADÊMICO,3,EM FUNCIONAMENTO
Universidade Estadual do Ceará,NUTRIÇÃO E SAÚDE,MESTRADO,ACADÊMICO,4,EM FUNCIONAMENTO
Universidade Estadual do Ceará,"SERVIÇO SOCIAL, TRABALHO E QUESTÃO SOCIAL",MESTRADO,ACADÊMICO,4,EM FUNCIONAMENTO
Universidade Estadual do Ceará,CLIMATOLOGIA,MESTRADO PROFISSIONAL,PROFISSIONAL,3,EM FUNCIONAMENTO
Universidade Estadual do Ceará,ENSINO NA SAÚDE,MESTRADO PROFISSIONAL,PROFISSIONAL,3,EM FUNCIONAMENTO
Universidade Estadual do Ceará,GESTÃO EM SAÚDE,MESTRADO PROFISSIONAL,PROFISSIONAL,3,EM FUNCIONAMENTO
Universidade Estadual do Ceará,PLANEJAMENTO E POLITICAS PÚBLICAS,MESTRADO PROFISSIONAL,PROFISSIONAL,4,EM FUNCIONAMENTO
Universidade Estadual do Ceará,TRANSPLANTES,MESTRADO PROFISSIONAL,PROFISSIONAL,3,EM FUNCIONAMENTO
Universidade Estadual do Ceará,BIOTECNOLOGIA EM SAÚDE HUMANA E ANIMAL,MESTRADO PROFISSIONAL/DOUTORADO PROFISSIONAL,PROFISSIONAL,4,EM FUNCIONAMENTO
Universidade Estadual do Ceará,ADMINISTRAÇÃO,MESTRADO/DOUTORADO,ACADÊMICO,4,EM FUNCIONAMENTO
Universidade Estadual do Ceará,CIÊNCIA DA COMPUTAÇÃO,MESTRADO/DOUTORADO,ACADÊMICO,4,EM FUNCIONAMENTO
Universidade Estadual do Ceará,CIÊNCIAS FISIOLÓGICAS,MESTRADO/DOUTORADO,ACADÊMICO,4,EM FUNCIONAMENTO
Universidade Estadual do Ceará,CIÊNCIAS NATURAIS,MESTRADO/DOUTORADO,ACADÊMICO,5,EM FUNCIONAMENTO
Universidade Estadual do Ceará,CIÊNCIAS VETERINÁRIAS,MESTRADO/DOUTORADO,ACADÊMICO,6,EM FUNCIONAMENTO
Universidade Estadual do Ceará,CUIDADOS CLÍNICOS EM ENFERMAGEM E SAÚDE,MESTRADO/DOUTORADO,ACADÊMICO,5,EM FUNCIONAMENTO
Universidade Estadual do Ceará,EDUCAÇÃO,MESTRADO/DOUTORADO,ACADÊMICO,5,EM FUNCIONAMENTO
Universidade Estadual do Ceará,GEOGRAFIA,MESTRADO/DOUTORADO,ACADÊMICO,4,EM FUNCIONAMENTO
Universidade Estadual do Ceará,LINGÜÍSTICA APLICADA,MESTRADO/DOUTORADO,ACADÊMICO,5,EM FUNCIONAMENTO
Universidade Estadual do Ceará,SAÚDE COLETIVA,MESTRADO/DOUTORADO,ACADÊMICO,4,EM FUNCIONAMENTO
Universidade Estadual do Ceará,SOCIOLOGIA,MESTRADO/DOUTORADO,ACADÊMICO,4,EM FUNCIONAMENTO
Universidade Estadual do Centro-Oeste,CIÊNCIAS VETERINÁRIAS,MESTRADO,ACADÊMICO,4,EM FUNCIONAMENTO
Universidade Estadual do Centro-Oeste,ENGENHARIA SANITÁRIA E AMBIENTAL - UEPG / UNICENTRO,MESTRADO,ACADÊMICO,3,EM FUNCIONAMENTO
Universidade Estadual do Centro-Oeste,HÍSTÓRIA,MESTRADO,ACADÊMICO,3,EM FUNCIONAMENTO
Universidade Estadual do Centro-Oeste,NANOCIÊNCIAS E BIOCIÊNCIAS,MESTRADO,ACADÊMICO,3,EM FUNCIONAMENTO
Universidade Estadual do Centro-Oeste,ADMINISTRAÇÃO,MESTRADO PROFISSIONAL,PROFISSIONAL,4,EM FUNCIONAMENTO
Universidade Estadual do Centro-Oeste,ENSINO DE CIÊNCIAS NATURAIS E MATEMÁTICA,MESTRADO PROFISSIONAL,PROFISSIONAL,4,EM FUNCIONAMENTO
Universidade Estadual do Centro-Oeste,AGRONOMIA,MESTRADO/DOUTORADO,ACADÊMICO,4,EM FUNCIONAMENTO
Universidade Estadual do Centro-Oeste,BIOLOGIA EVOLUTIVA,MESTRADO/DOUTORADO,ACADÊMICO,4,EM FUNCIONAMENTO
Universidade Estadual do Centro-Oeste,CIÊNCIAS FLORESTAIS,MESTRADO/DOUTORADO,ACADÊMICO,4,EM FUNCIONAMENTO
Universidade Estadual do Centro-Oeste,DESENVOLVIMENTO COMUNITÁRIO,MESTRADO/DOUTORADO,ACADÊMICO,4,EM FUNCIONAMENTO
Universidade Estadual do Centro-Oeste,EDUCAÇÃO,MESTRADO/DOUTORADO,ACADÊMICO,4,EM FUNCIONAMENTO
Universidade Estadual do Centro-Oeste,GEOGRAFIA,MESTRADO/DOUTORADO,ACADÊMICO,4,EM FUNCIONAMENTO
Universidade Estadual do Centro-Oeste,LETRAS,MESTRADO/DOUTORADO,ACADÊMICO,5,EM FUNCIONAMENTO
Universidade Estadual do Centro-Oeste,QUÍMICA APLICADA,MESTRADO/DOUTORADO,ACADÊMICO,4,EM FUNCIONAMENTO
Universidade Estadual do Maranhão,AGRICULTURA E AMBIENTE,MESTRADO,ACADÊMICO,3,EM FUNCIONAMENTO
Universidade Estadual do Maranhão,"BIODIVERSIDADE, AMBIENTE E SAÚDE",MESTRADO,ACADÊMICO,4,EM FUNCIONAMENTO
Universidade Estadual do Maranhão,CARTOGRAFIA SOCIAL E POLÍTICA DA AMAZÔNIA,MESTRADO,ACADÊMICO,4,EM FUNCIONAMENTO
Universidade Estadual do Maranhão,DESENVOLVIMENTO SOCIOESPACIAL E REGIONAL,MESTRADO,ACADÊMICO,3,EM FUNCIONAMENTO
Universidade Estadual do Maranhão,ECOLOGIA E CONSERVAÇÃO DA BIODIVERSIDADE,MESTRADO,ACADÊMICO,3,EM FUNCIONAMENTO
Universidade Estadual do Maranhão,LETRAS,MESTRADO,ACADÊMICO,4,EM FUNCIONAMENTO
Universidade Estadual do Maranhão,PRODUÇÃO ANIMAL,MESTRADO,ACADÊMICO,A,EM FUNCIONAMENTO
Universidade Estadual do Maranhão,EDUCAÇÃO,MESTRADO PROFISSIONAL,PROFISSIONAL,3,EM FUNCIONAMENTO
Universidade Estadual do Maranhão,ENGENHARIA DE COMPUTAÇÃO E SISTEMAS,MESTRADO PROFISSIONAL,PROFISSIONAL,3,EM FUNCIONAMENTO
Universidade Estadual do Maranhão,DEFESA SANITÁRIA ANIMAL,MESTRADO PROFISSIONAL/DOUTORADO PROFISSIONAL,PROFISSIONAL,5,EM FUNCIONAMENTO
Universidade Estadual do Maranhão,HISTÓRIA,MESTRADO PROFISSIONAL/DOUTORADO PROFISSIONAL,PROFISSIONAL,5,EM FUNCIONAMENTO
Universidade Estadual do Maranhão,AGROECOLOGIA,MESTRADO/DOUTORADO,ACADÊMICO,4,EM FUNCIONAMENTO
Universidade Estadual do Maranhão,CIÊNCIA ANIMAL,MESTRADO/DOUTORADO,ACADÊMICO,5,EM FUNCIONAMENTO
Universidade Estadual do Maranhão,"GEOGRAFIA, NATUREZA E DINÂMICA DO ESPAÇO",MESTRADO/DOUTORADO,ACADÊMICO,4,EM FUNCIONAMENTO
Universidade Estadual do Norte Fluminense,MEDICINA VETERINÁRIA,MESTRADO,ACADÊMICO,A,EM FUNCIONAMENTO
Universidade Estadual do Norte Fluminense,CLIMA E ENERGIA,MESTRADO PROFISSIONAL,PROFISSIONAL,A,EM FUNCIONAMENTO
Universidade Estadual do Norte Fluminense,BIOCIÊNCIAS E BIOTECNOLOGIA,MESTRADO/DOUTORADO,ACADÊMICO,4,EM FUNCIONAMENTO
Universidade Estadual do Norte Fluminense,BIOTECNOLOGIA VEGETAL,MESTRADO/DOUTORADO,ACADÊMICO,5,EM FUNCIONAMENTO
Universidade Estadual do Norte Fluminense,CIÊNCIA ANIMAL,MESTRADO/DOUTORADO,ACADÊMICO,4,EM FUNCIONAMENTO
Universidade Estadual do Norte Fluminense,CIÊNCIAS NATURAIS,MESTRADO/DOUTORADO,ACADÊMICO,5,EM FUNCIONAMENTO
Universidade Estadual do Norte Fluminense,COGNIÇÃO E LINGUAGEM,MESTRADO/DOUTORADO,ACADÊMICO,5,EM FUNCIONAMENTO
Universidade Estadual do Norte Fluminense,ECOLOGIA E RECURSOS NATURAIS,MESTRADO/DOUTORADO,ACADÊMICO,5,EM FUNCIONAMENTO
Universidade Estadual do Norte Fluminense,ENGENHARIA CIVIL,MESTRADO/DOUTORADO,ACADÊMICO,4,EM FUNCIONAMENTO
Universidade Estadual do Norte Fluminense,ENGENHARIA DE RESERVATÓRIO E DE EXPLORAÇÃO,MESTRADO/DOUTORADO,ACADÊMICO,4,EM FUNCIONAMENTO
Universidade Estadual do Norte Fluminense,ENGENHARIA E CIÊNCIA DOS MATERIAIS,MESTRADO/DOUTORADO,ACADÊMICO,4,EM FUNCIONAMENTO
Universidade Estadual do Norte Fluminense,GENÉTICA E MELHORAMENTO DE PLANTAS,MESTRADO/DOUTORADO,ACADÊMICO,6,EM FUNCIONAMENTO
Universidade Estadual do Norte Fluminense,POLÍTICAS SOCIAIS,MESTRADO/DOUTORADO,ACADÊMICO,4,EM FUNCIONAMENTO
Universidade Estadual do Norte Fluminense,PRODUÇÃO VEGETAL,MESTRADO/DOUTORADO,ACADÊMICO,5,EM FUNCIONAMENTO
Universidade Estadual do Norte Fluminense,SOCIOLOGIA POLÍTICA,MESTRADO/DOUTORADO,ACADÊMICO,5,EM FUNCIONAMENTO
Universidade Estadual do Norte do Paraná,CIÊNCIAS DO MOVIMENTO HUMANO,MESTRADO,ACADÊMICO,3,EM FUNCIONAMENTO
Universidade Estadual do Norte do Paraná,PRODUÇÃO AGROPECUÁRIA SUSTENTÁVEL,MESTRADO,ACADÊMICO,3,EM FUNCIONAMENTO
Universidade Estadual do Norte do Paraná,EDUCAÇÃO,MESTRADO PROFISSIONAL,PROFISSIONAL,3,EM FUNCIONAMENTO
Universidade Estadual do Norte do Paraná,ENFERMAGEM EM ATENÇÃO PRIMÁRIA À SAÚDE,MESTRADO PROFISSIONAL,PROFISSIONAL,A,EM FUNCIONAMENTO
Universidade Estadual do Norte do Paraná,ENSINO,MESTRADO PROFISSIONAL/DOUTORADO PROFISSIONAL,PROFISSIONAL,4,EM FUNCIONAMENTO
Universidade Estadual do Norte do Paraná,CIÊNCIA JURÍDICA,MESTRADO/DOUTORADO,ACADÊMICO,4,EM FUNCIONAMENTO
Universidade Estadual do Oeste do Paraná,CIÊNCIA DA COMPUTAÇÃO,MESTRADO,ACADÊMICO,3,EM FUNCIONAMENTO
Universidade Estadual do Oeste do Paraná,CIÊNCIAS AMBIENTAIS,MESTRADO,ACADÊMICO,3,EM FUNCIONAMENTO
Universidade Estadual do Oeste do Paraná,CIÊNCIAS APLICADAS A SAÚDE,MESTRADO,ACADÊMICO,4,EM FUNCIONAMENTO
Universidade Estadual do Oeste do Paraná,CIÊNCIAS FARMACÊUTICAS,MESTRADO,ACADÊMICO,3,EM FUNCIONAMENTO
Universidade Estadual do Oeste do Paraná,CONSERVAÇÃO E MANEJO DE RECURSOS NATURAIS,MESTRADO,ACADÊMICO,4,EM FUNCIONAMENTO
Universidade Estadual do Oeste do Paraná,CONTABILIDADE,MESTRADO,ACADÊMICO,4,EM FUNCIONAMENTO
Universidade Estadual do Oeste do Paraná,ECONOMIA,MESTRADO,ACADÊMICO,3,EM FUNCIONAMENTO
Universidade Estadual do Oeste do Paraná,EDUCAÇÃO,MESTRADO,ACADÊMICO,4,EM FUNCIONAMENTO
Universidade Estadual do Oeste do Paraná,ENGENHARIA ELÉTRICA E COMPUTAÇÃO,MESTRADO,ACADÊMICO,3,EM FUNCIONAMENTO
Universidade Estadual do Oeste do Paraná,ENSINO,MESTRADO,ACADÊMICO,4,EM FUNCIONAMENTO
Universidade Estadual do Oeste do Paraná,ODONTOLOGIA,MESTRADO,ACADÊMICO,4,EM FUNCIONAMENTO
Universidade Estadual do Oeste do Paraná,QUÍMICA,MESTRADO,ACADÊMICO,4,EM FUNCIONAMENTO
Universidade Estadual do Oeste do Paraná,SAÚDE PÚBLICA EM REGIÃO DE FRONTEIRA,MESTRADO,ACADÊMICO,3,EM FUNCIONAMENTO
Universidade Estadual do Oeste do Paraná,SERVIÇO SOCIAL,MESTRADO,ACADÊMICO,3,EM FUNCIONAMENTO
Universidade Estadual do Oeste do Paraná,"TECNOLOGIAS, GESTÃO E SUSTENTABILIDADE",MESTRADO PROFISSIONAL,PROFISSIONAL,4,EM FUNCIONAMENTO
Universidade Estadual do Oeste do Paraná,ADMINISTRAÇÃO,MESTRADO PROFISSIONAL/DOUTORADO PROFISSIONAL,PROFISSIONAL,4,EM FUNCIONAMENTO
Universidade Estadual do Oeste do Paraná,AGRONOMIA,MESTRADO/DOUTORADO,ACADÊMICO,5,EM FUNCIONAMENTO
Universidade Estadual do Oeste do Paraná,BIOCIÊNCIAS E SAÚDE,MESTRADO/DOUTORADO,ACADÊMICO,5,EM FUNCIONAMENTO
Universidade Estadual do Oeste do Paraná,DESENVOLVIMENTO REGIONAL E AGRONEGÓCIO,MESTRADO/DOUTORADO,ACADÊMICO,6,EM FUNCIONAMENTO
Universidade Estadual do Oeste do Paraná,DESENVOLVIMENTO RURAL SUSTENTÁVEL,MESTRADO/DOUTORADO,ACADÊMICO,5,EM FUNCIONAMENTO
Universidade Estadual do Oeste do Paraná,EDUCAÇÃO,MESTRADO/DOUTORADO,ACADÊMICO,5,EM FUNCIONAMENTO
Universidade Estadual do Oeste do Paraná,EDUCAÇÃO EM CIÊNCIAS E EDUCAÇÃO MATEMÁTICA,MESTRADO/DOUTORADO,ACADÊMICO,5,EM FUNCIONAMENTO
Universidade Estadual do Oeste do Paraná,ENGENHARIA AGRÍCOLA,MESTRADO/DOUTORADO,ACADÊMICO,5,EM FUNCIONAMENTO
Universidade Estadual do Oeste do Paraná,ENGENHARIA DE ENERGIA NA AGRICULTURA,MESTRADO/DOUTORADO,ACADÊMICO,5,EM FUNCIONAMENTO
Universidade Estadual do Oeste do Paraná,ENGENHARIA QUÍMICA,MESTRADO/DOUTORADO,ACADÊMICO,5,EM FUNCIONAMENTO
Universidade Estadual do Oeste do Paraná,FILOSOFIA,MESTRADO/DOUTORADO,ACADÊMICO,5,EM FUNCIONAMENTO
Universidade Estadual do Oeste do Paraná,GEOGRAFIA,MESTRADO/DOUTORADO,ACADÊMICO,4,EM FUNCIONAMENTO
Universidade Estadual do Oeste do Paraná,GEOGRAFIA,MESTRADO/DOUTORADO,ACADÊMICO,5,EM FUNCIONAMENTO
Universidade Estadual do Oeste do Paraná,HISTÓRIA,MESTRADO/DOUTORADO,ACADÊMICO,5,EM FUNCIONAMENTO
Universidade Estadual do Oeste do Paraná,LETRAS,MESTRADO/DOUTORADO,ACADÊMICO,5,EM FUNCIONAMENTO
Universidade Estadual do Oeste do Paraná,RECURSOS PESQUEIROS E ENGENHARIA DE PESCA,MESTRADO/DOUTORADO,ACADÊMICO,4,EM FUNCIONAMENTO
Universidade Estadual do Oeste do Paraná,"SOCIEDADE, CULTURA E FRONTEIRAS",MESTRADO/DOUTORADO,ACADÊMICO,5,EM FUNCIONAMENTO
Universidade Estadual do Oeste do Paraná,ZOOTECNIA,MESTRADO/DOUTORADO,ACADÊMICO,4,EM FUNCIONAMENTO
Universidade Estadual do Paraná,AMBIENTES LITORÂNEOS E INSULARES,MESTRADO,ACADÊMICO,A,EM FUNCIONAMENTO
Universidade Estadual do Paraná,ARTES VISUAIS,MESTRADO,ACADÊMICO,A,EM FUNCIONAMENTO
Universidade Estadual do Paraná,CINEMA E ARTES DO VÍDEO,MESTRADO,ACADÊMICO,3,EM FUNCIONAMENTO
Universidade Estadual do Paraná,EDUCAÇÃO MATEMÁTICA,MESTRADO,ACADÊMICO,3,EM FUNCIONAMENTO
Universidade Estadual do Paraná,FORMAÇÃO DOCENTE INTERDISCIPLINAR,MESTRADO,ACADÊMICO,4,EM FUNCIONAMENTO
Universidade Estadual do Paraná,HISTÓRIA,MESTRADO,ACADÊMICO,3,EM FUNCIONAMENTO
Universidade Estadual do Paraná,MÚSICA,MESTRADO,ACADÊMICO,3,EM FUNCIONAMENTO
Universidade Estadual do Paraná,SOCIEDADE E DESENVOLVIMENTO,MESTRADO,ACADÊMICO,4,EM FUNCIONAMENTO
Universidade Estadual do Paraná,ARTES,MESTRADO PROFISSIONAL,PROFISSIONAL,3,EM FUNCIONAMENTO
Universidade Estadual do Piauí,INTERDISCIPLINAR EM SOCIEDADE E CULTURA,MESTRADO,ACADÊMICO,A,EM FUNCIONAMENTO
Universidade Estadual do Piauí,LETRAS,MESTRADO,ACADÊMICO,5,EM FUNCIONAMENTO
Universidade Estadual do Piauí,QUÍMICA,MESTRADO,ACADÊMICO,3,EM FUNCIONAMENTO
Universidade Estadual do Rio Grande do Sul,AMBIENTE E SUSTENTABILIDADE,MESTRADO PROFISSIONAL,PROFISSIONAL,3,EM FUNCIONAMENTO
Universidade Estadual do Rio Grande do Sul,CIÊNCIA E TECNOLOGIA DE ALIMENTOS,MESTRADO PROFISSIONAL,PROFISSIONAL,3,EM FUNCIONAMENTO
Universidade Estadual do Rio Grande do Sul,"FORMAÇÃO DOCENTE PARA CIÊNCIAS, TECNOLOGIAS, ENGENHARIAS E MATEMÁTICA",MESTRADO PROFISSIONAL,PROFISSIONAL,3,EM FUNCIONAMENTO
Universidade Estadual do Rio Grande do Sul,EDUCAÇÃO,MESTRADO PROFISSIONAL/DOUTORADO PROFISSIONAL,PROFISSIONAL,4,EM FUNCIONAMENTO
Universidade Estadual do Sudoeste da Bahia,CIÊNCIAS AMBIENTAIS,MESTRADO,ACADÊMICO,3,EM FUNCIONAMENTO
Universidade Estadual do Sudoeste da Bahia,CIÊNCIAS FLORESTAIS,MESTRADO,ACADÊMICO,3,EM FUNCIONAMENTO
Universidade Estadual do Sudoeste da Bahia,EDUCAÇÃO FÍSICA,MESTRADO,ACADÊMICO,A,EM FUNCIONAMENTO
Universidade Estadual do Sudoeste da Bahia,ENSINO,MESTRADO,ACADÊMICO,4,EM FUNCIONAMENTO
Universidade Estadual do Sudoeste da Bahia,"GENÉTICA, BIODIVERSIDADE E CONSERVAÇÃO",MESTRADO,ACADÊMICO,3,EM FUNCIONAMENTO
Universidade Estadual do Sudoeste da Bahia,GEOGRAFIA,MESTRADO,ACADÊMICO,4,EM FUNCIONAMENTO
Universidade Estadual do Sudoeste da Bahia,"LETRAS: CULTURA, EDUCAÇÃO E LINGUAGENS",MESTRADO,ACADÊMICO,3,EM FUNCIONAMENTO
Universidade Estadual do Sudoeste da Bahia,QUIMICA,MESTRADO,ACADÊMICO,4,EM FUNCIONAMENTO
Universidade Estadual do Sudoeste da Bahia,RELAÇÕES ÉTNICAS E CONTEMPORANEIDADE,MESTRADO,ACADÊMICO,4,EM FUNCIONAMENTO
Universidade Estadual do Sudoeste da Bahia,AGRONOMIA (FITOTECNIA),MESTRADO/DOUTORADO,ACADÊMICO,4,EM FUNCIONAMENTO
Universidade Estadual do Sudoeste da Bahia,EDUCAÇÃO,MESTRADO/DOUTORADO,ACADÊMICO,4,EM FUNCIONAMENTO
Universidade Estadual do Sudoeste da Bahia,EDUCAÇÃO CIENTÍFICA E FORMAÇÃO DE PROFESSORES,MESTRADO/DOUTORADO,ACADÊMICO,4,EM FUNCIONAMENTO
Universidade Estadual do Sudoeste da Bahia,ENFERMAGEM E SAÚDE,MESTRADO/DOUTORADO,ACADÊMICO,4,EM FUNCIONAMENTO
Universidade Estadual do Sudoeste da Bahia,ENGENHARIA E CIÊNCIA DE ALIMENTOS,MESTRADO/DOUTORADO,ACADÊMICO,4,EM FUNCIONAMENTO
Universidade Estadual do Sudoeste da Bahia,LINGUÍSTICA,MESTRADO/DOUTORADO,ACADÊMICO,5,EM FUNCIONAMENTO
Universidade Estadual do Sudoeste da Bahia,MEMÓRIA:LINGUAGEM E SOCIEDADE,MESTRADO/DOUTORADO,ACADÊMICO,6,EM FUNCIONAMENTO
Universidade Estadual do Sudoeste da Bahia,ZOOTECNIA,MESTRADO/DOUTORADO,ACADÊMICO,5,EM FUNCIONAMENTO
Universidade Federal Fluminense,"CIÊNCIAS, TECNOLOGIAS E INCLUSÃO",DOUTORADO,ACADÊMICO,4,EM FUNCIONAMENTO
Universidade Federal Fluminense,"DIREITOS, INSTITUIÇÕES E NEGÓCIOS",DOUTORADO,ACADÊMICO,4,EM FUNCIONAMENTO
Universidade Federal Fluminense,SISTEMAS DE GESTÃO SUSTENTÁVEIS,DOUTORADO,ACADÊMICO,4,EM FUNCIONAMENTO
Universidade Federal Fluminense,ADMINISTRAÇÃO,MESTRADO,ACADÊMICO,4,EM FUNCIONAMENTO
Universidade Federal Fluminense,CIÊNCIAS DA NUTRIÇÃO,MESTRADO,ACADÊMICO,3,EM FUNCIONAMENTO
Universidade Federal Fluminense,CULTURA E TERRITORIALIDADES,MESTRADO,ACADÊMICO,4,EM FUNCIONAMENTO
Universidade Federal Fluminense,"DESENVOLVIMENTO REGIONAL, AMBIENTE E POLÍTICAS PÚBLICAS",MESTRADO,ACADÊMICO,3,EM FUNCIONAMENTO
Universidade Federal Fluminense,DIREITO CONSTITUCIONAL,MESTRADO,ACADÊMICO,4,EM FUNCIONAMENTO
Universidade Federal Fluminense,ENGENHARIA QUÍMICA,MESTRADO,ACADÊMICO,3,EM FUNCIONAMENTO
Universidade Federal Fluminense,ENSINO,MESTRADO,ACADÊMICO,4,EM FUNCIONAMENTO
Universidade Federal Fluminense,GEOGRAFIA,MESTRADO,ACADÊMICO,4,EM FUNCIONAMENTO
Universidade Federal Fluminense,JUSTIÇA E SEGURANÇA,MESTRADO,ACADÊMICO,3,EM FUNCIONAMENTO
Universidade Federal Fluminense,MODELAGEM COMPUTACIONAL EM CIÊNCIA E TECNOLOGIA,MESTRADO,ACADÊMICO,3,EM FUNCIONAMENTO
Universidade Federal Fluminense,SAÚDE COLETIVA,MESTRADO,ACADÊMICO,4,EM FUNCIONAMENTO
Universidade Federal Fluminense,SERVIÇO SOCIAL E DESENVOLVIMENTO REGIONAL,MESTRADO,ACADÊMICO,4,EM FUNCIONAMENTO
Universidade Federal Fluminense,TECNOLOGIA AMBIENTAL,MESTRADO,ACADÊMICO,3,EM FUNCIONAMENTO
Universidade Federal Fluminense,TURISMO,MESTRADO,ACADÊMICO,4,EM FUNCIONAMENTO
Universidade Federal Fluminense,ADMINISTRAÇÃO,MESTRADO PROFISSIONAL,PROFISSIONAL,5,EM FUNCIONAMENTO
Universidade Federal Fluminense,ADMINISTRAÇÃO E GESTÃO DA ASSISTÊNCIA FARMACÊUTICA,MESTRADO PROFISSIONAL,PROFISSIONAL,4,EM FUNCIONAMENTO
Universidade Federal Fluminense,DEFESA E SEGURANÇA CIVIL,MESTRADO PROFISSIONAL,PROFISSIONAL,4,EM FUNCIONAMENTO
Universidade Federal Fluminense,DIVERSIDADE E INCLUSÃO,MESTRADO PROFISSIONAL,PROFISSIONAL,3,EM FUNCIONAMENTO
Universidade Federal Fluminense,ENFERMAGEM,MESTRADO PROFISSIONAL,PROFISSIONAL,5,EM FUNCIONAMENTO
Universidade Federal Fluminense,ENGENHARIA DE PRODUÇÃO,MESTRADO PROFISSIONAL,PROFISSIONAL,3,EM FUNCIONAMENTO
Universidade Federal Fluminense,ENGENHARIA DE PRODUÇÃO E SISTEMAS COMPUTACIONAIS,MESTRADO PROFISSIONAL,PROFISSIONAL,3,EM FUNCIONAMENTO
Universidade Federal Fluminense,ENSINO DE CIÊNCIAS DA NATUREZA,MESTRADO PROFISSIONAL,PROFISSIONAL,4,EM FUNCIONAMENTO
Universidade Federal Fluminense,ENSINO NA SAÚDE:FORMAÇÃO DOCENTE INTERDISCIPLINAR PARA O SUS,MESTRADO PROFISSIONAL,PROFISSIONAL,4,EM FUNCIONAMENTO
Universidade Federal Fluminense,JUSTIÇA ADMINISTRATIVA,MESTRADO PROFISSIONAL,PROFISSIONAL,4,EM FUNCIONAMENTO
Universidade Federal Fluminense,SAÚDE MATERNO-INFANTIL,MESTRADO PROFISSIONAL,PROFISSIONAL,4,EM FUNCIONAMENTO
Universidade Federal Fluminense,SISTEMAS DE GESTÃO,MESTRADO PROFISSIONAL,PROFISSIONAL,4,EM FUNCIONAMENTO
Universidade Federal Fluminense,MONTAGEM INDUSTRIAL,MESTRADO PROFISSIONAL/DOUTORADO PROFISSIONAL,PROFISSIONAL,4,EM FUNCIONAMENTO
Universidade Federal Fluminense,ANTROPOLOGIA,MESTRADO/DOUTORADO,ACADÊMICO,6,EM FUNCIONAMENTO
Universidade Federal Fluminense,ARQUITETURA E URBANISMO,MESTRADO/DOUTORADO,ACADÊMICO,5,EM FUNCIONAMENTO
Universidade Federal Fluminense,BIOLOGIA MARINHA E AMBIENTES COSTEIROS,MESTRADO/DOUTORADO,ACADÊMICO,4,EM FUNCIONAMENTO
Universidade Federal Fluminense,CINEMA E AUDIOVISUAL,MESTRADO/DOUTORADO,ACADÊMICO,4,EM FUNCIONAMENTO
Universidade Federal Fluminense,CIÊNCIA DA INFORMAÇÃO,MESTRADO/DOUTORADO,ACADÊMICO,4,EM FUNCIONAMENTO
Universidade Federal Fluminense,CIÊNCIA POLÍTICA,MESTRADO/DOUTORADO,ACADÊMICO,4,EM FUNCIONAMENTO
Universidade Federal Fluminense,CIÊNCIAS APLICADAS A PRODUTOS PARA SAÚDE,MESTRADO/DOUTORADO,ACADÊMICO,5,EM FUNCIONAMENTO
Universidade Federal Fluminense,CIÊNCIAS BIOMÉDICAS (FISIOLOGIA E FARMACOLOGIA),MESTRADO/DOUTORADO,ACADÊMICO,5,EM FUNCIONAMENTO
Universidade Federal Fluminense,CIÊNCIAS CARDIOVASCULARES,MESTRADO/DOUTORADO,ACADÊMICO,5,EM FUNCIONAMENTO
Universidade Federal Fluminense,CIÊNCIAS E BIOTECNOLOGIA,MESTRADO/DOUTORADO,ACADÊMICO,5,EM FUNCIONAMENTO
Universidade Federal Fluminense,CIÊNCIAS MÉDICAS,MESTRADO/DOUTORADO,ACADÊMICO,5,EM FUNCIONAMENTO
Universidade Federal Fluminense,COMPUTAÇÃO,MESTRADO/DOUTORADO,ACADÊMICO,6,EM FUNCIONAMENTO
Universidade Federal Fluminense,COMUNICAÇÃO,MESTRADO/DOUTORADO,ACADÊMICO,7,EM FUNCIONAMENTO
Universidade Federal Fluminense,DINÂMICA DOS OCEANOS E DA TERRA,MESTRADO/DOUTORADO,ACADÊMICO,4,EM FUNCIONAMENTO
Universidade Federal Fluminense,ECONOMIA,MESTRADO/DOUTORADO,ACADÊMICO,6,EM FUNCIONAMENTO
Universidade Federal Fluminense,EDUCAÇÃO,MESTRADO/DOUTORADO,ACADÊMICO,5,EM FUNCIONAMENTO
Universidade Federal Fluminense,ENFERMAGEM,MESTRADO/DOUTORADO,ACADÊMICO,4,EM FUNCIONAMENTO
Universidade Federal Fluminense,ENGENHARIA CIVIL,MESTRADO/DOUTORADO,ACADÊMICO,4,EM FUNCIONAMENTO
Universidade Federal Fluminense,ENGENHARIA DE BIOSSISTEMAS,MESTRADO/DOUTORADO,ACADÊMICO,4,EM FUNCIONAMENTO
Universidade Federal Fluminense,ENGENHARIA DE PRODUÇÃO,MESTRADO/DOUTORADO,ACADÊMICO,4,EM FUNCIONAMENTO
Universidade Federal Fluminense,ENGENHARIA ELÉTRICA E DE TELECOMUNICAÇÕES,MESTRADO/DOUTORADO,ACADÊMICO,4,EM FUNCIONAMENTO
Universidade Federal Fluminense,ENGENHARIA MECÂNICA,MESTRADO/DOUTORADO,ACADÊMICO,5,EM FUNCIONAMENTO
Universidade Federal Fluminense,ENGENHARIA METALÚRGICA,MESTRADO/DOUTORADO,ACADÊMICO,4,EM FUNCIONAMENTO
Universidade Federal Fluminense,ESTUDOS CONTEMPORANEOS DAS ARTES,MESTRADO/DOUTORADO,ACADÊMICO,4,EM FUNCIONAMENTO
Universidade Federal Fluminense,ESTUDOS DE LINGUAGEM,MESTRADO/DOUTORADO,ACADÊMICO,6,EM FUNCIONAMENTO
Universidade Federal Fluminense,ESTUDOS DE LITERATURA,MESTRADO/DOUTORADO,ACADÊMICO,7,EM FUNCIONAMENTO
Universidade Federal Fluminense,ESTUDOS ESTRATÉGICOS DA DEFESA E DA SEGURANÇA,MESTRADO/DOUTORADO,ACADÊMICO,4,EM FUNCIONAMENTO
Universidade Federal Fluminense,FILOSOFIA,MESTRADO/DOUTORADO,ACADÊMICO,4,EM FUNCIONAMENTO
Universidade Federal Fluminense,FÍSICA,MESTRADO/DOUTORADO,ACADÊMICO,6,EM FUNCIONAMENTO
Universidade Federal Fluminense,GEOCIÊNCIAS (GEOQUÍMICA),MESTRADO/DOUTORADO,ACADÊMICO,6,EM FUNCIONAMENTO
Universidade Federal Fluminense,GEOGRAFIA,MESTRADO/DOUTORADO,ACADÊMICO,6,EM FUNCIONAMENTO
Universidade Federal Fluminense,HISTÓRIA,MESTRADO/DOUTORADO,ACADÊMICO,7,EM FUNCIONAMENTO
Universidade Federal Fluminense,MATEMÁTICA,MESTRADO/DOUTORADO,ACADÊMICO,6,EM FUNCIONAMENTO
Universidade Federal Fluminense,MEDIC.VETERIN.(HIG.VETER.PROC.TECN.PROD.ORIG.ANIMAL),MESTRADO/DOUTORADO,ACADÊMICO,5,EM FUNCIONAMENTO
Universidade Federal Fluminense,MEDICINA (NEUROLOGIA),MESTRADO/DOUTORADO,ACADÊMICO,3,EM FUNCIONAMENTO
Universidade Federal Fluminense,MEDICINA VETERINÁRIA ( CLÍNICA E REPRODUÇÃO ANIMAL),MESTRADO/DOUTORADO,ACADÊMICO,5,EM FUNCIONAMENTO
Universidade Federal Fluminense,MICROBIOLOGIA E PARASITOLOGIA APLICADAS,MESTRADO/DOUTORADO,ACADÊMICO,4,EM FUNCIONAMENTO
Universidade Federal Fluminense,MÍDIA E COTIDIANO,MESTRADO/DOUTORADO,ACADÊMICO,5,EM FUNCIONAMENTO
Universidade Federal Fluminense,NEUROCIÊNCIAS,MESTRADO/DOUTORADO,ACADÊMICO,4,EM FUNCIONAMENTO
Universidade Federal Fluminense,ODONTOLOGIA,MESTRADO/DOUTORADO,ACADÊMICO,4,EM FUNCIONAMENTO
Universidade Federal Fluminense,ODONTOLOGIA,MESTRADO/DOUTORADO,ACADÊMICO,5,EM FUNCIONAMENTO
Universidade Federal Fluminense,PATOLOGIA,MESTRADO/DOUTORADO,ACADÊMICO,4,EM FUNCIONAMENTO
Universidade Federal Fluminense,POLÍTICA SOCIAL,MESTRADO/DOUTORADO,ACADÊMICO,5,EM FUNCIONAMENTO
Universidade Federal Fluminense,PSICOLOGIA,MESTRADO/DOUTORADO,ACADÊMICO,4,EM FUNCIONAMENTO
Universidade Federal Fluminense,QUÍMICA,MESTRADO/DOUTORADO,ACADÊMICO,6,EM FUNCIONAMENTO
Universidade Federal Fluminense,SOCIOLOGIA,MESTRADO/DOUTORADO,ACADÊMICO,4,EM FUNCIONAMENTO
Universidade Federal Fluminense,SOCIOLOGIA E DIREITO,MESTRADO/DOUTORADO,ACADÊMICO,5,EM FUNCIONAMENTO
Universidade Federal Rural da Amazônia,AQUICULTURA E RECURSOS AQUÁTICOS TROPICAIS,MESTRADO,ACADÊMICO,3,EM FUNCIONAMENTO
Universidade Federal Rural da Amazônia,BIOTECNOLOGIA APLICADA À AGROPECUÁRIA,MESTRADO,ACADÊMICO,3,EM FUNCIONAMENTO
Universidade Federal Rural da Amazônia,AGRONOMIA,MESTRADO/DOUTORADO,ACADÊMICO,5,EM FUNCIONAMENTO
Universidade Federal Rural da Amazônia,CIÊNCIAS BIOLÓGICAS,MESTRADO/DOUTORADO,ACADÊMICO,4,EM FUNCIONAMENTO
Universidade Federal Rural da Amazônia,CIÊNCIAS FLORESTAIS,MESTRADO/DOUTORADO,ACADÊMICO,4,EM FUNCIONAMENTO
Universidade Federal Rural da Amazônia,REPRODUÇÃO ANIMAL NA AMAZÔNIA,MESTRADO/DOUTORADO,ACADÊMICO,4,EM FUNCIONAMENTO
Universidade Federal Rural da Amazônia,SAÚDE E PRODUÇÃO ANIMAL NA AMAZÔNIA,MESTRADO/DOUTORADO,ACADÊMICO,5,EM FUNCIONAMENTO
Universidade Federal Rural de Pernambuco,ADMINISTRAÇÃO E DESENVOLVIMENTO,MESTRADO,ACADÊMICO,4,EM FUNCIONAMENTO
Universidade Federal Rural de Pernambuco,BIODIVERSIDADE E CONSERVAÇÃO,MESTRADO,ACADÊMICO,3,EM FUNCIONAMENTO
Universidade Federal Rural de Pernambuco,CIÊNCIA E TECNOLOGIA DE ALIMENTOS,MESTRADO,ACADÊMICO,3,EM FUNCIONAMENTO
Universidade Federal Rural de Pernambuco,CIÊNCIAS SOCIAIS,MESTRADO,ACADÊMICO,A,EM FUNCIONAMENTO
Universidade Federal Rural de Pernambuco,CONTROLADORIA,MESTRADO,ACADÊMICO,4,EM FUNCIONAMENTO
Universidade Federal Rural de Pernambuco,"EDUCAÇÃO, CULTURAS E IDENTIDADES",MESTRADO,ACADÊMICO,4,EM FUNCIONAMENTO
Universidade Federal Rural de Pernambuco,ENGENHARIA DE SISTEMAS DE ENERGIA (PPGESE),MESTRADO,ACADÊMICO,A,EM FUNCIONAMENTO
Universidade Federal Rural de Pernambuco,ENGENHARIA FÍSICA,MESTRADO,ACADÊMICO,3,EM FUNCIONAMENTO
Universidade Federal Rural de Pernambuco,ESTUDOS DA LINGUAGEM,MESTRADO,ACADÊMICO,3,EM FUNCIONAMENTO
Universidade Federal Rural de Pernambuco,FÍSICA APLICADA,MESTRADO,ACADÊMICO,4,EM FUNCIONAMENTO
Universidade Federal Rural de Pernambuco,INFORMÁTICA APLICADA,MESTRADO,ACADÊMICO,3,EM FUNCIONAMENTO
Universidade Federal Rural de Pernambuco,PRODUÇÃO VEGETAL,MESTRADO,ACADÊMICO,4,EM FUNCIONAMENTO
Universidade Federal Rural de Pernambuco,SAÚDE ÚNICA,MESTRADO PROFISSIONAL,PROFISSIONAL,3,EM FUNCIONAMENTO
Universidade Federal Rural de Pernambuco,TECNOLOGIA E GESTÃO EM EDUCAÇÃO A DISTÂNCIA,MESTRADO PROFISSIONAL,PROFISSIONAL,3,EM FUNCIONAMENTO
Universidade Federal Rural de Pernambuco,AGRONOMIA ( MELHORAMENTO GENÉTICO DE PLANTAS),MESTRADO/DOUTORADO,ACADÊMICO,4,EM FUNCIONAMENTO
Universidade Federal Rural de Pernambuco,BIOCIÊNCIA ANIMAL,MESTRADO/DOUTORADO,ACADÊMICO,6,EM FUNCIONAMENTO
Universidade Federal Rural de Pernambuco,BIODIVERSIDADE,MESTRADO/DOUTORADO,ACADÊMICO,5,EM FUNCIONAMENTO
Universidade Federal Rural de Pernambuco,BIOMETRIA E ESTATÍSTICA APLICADA,MESTRADO/DOUTORADO,ACADÊMICO,5,EM FUNCIONAMENTO
Universidade Federal Rural de Pernambuco,CIÊNCIA DO SOLO,MESTRADO/DOUTORADO,ACADÊMICO,5,EM FUNCIONAMENTO
Universidade Federal Rural de Pernambuco,CIÊNCIAS FLORESTAIS,MESTRADO/DOUTORADO,ACADÊMICO,4,EM FUNCIONAMENTO
Universidade Federal Rural de Pernambuco,ENGENHARIA AGRÍCOLA,MESTRADO/DOUTORADO,ACADÊMICO,6,EM FUNCIONAMENTO
Universidade Federal Rural de Pernambuco,ENGENHARIA AMBIENTAL,MESTRADO/DOUTORADO,ACADÊMICO,5,EM FUNCIONAMENTO
Universidade Federal Rural de Pernambuco,ENSINO DAS CIÊNCIAS,MESTRADO/DOUTORADO,ACADÊMICO,5,EM FUNCIONAMENTO
Universidade Federal Rural de Pernambuco,ENTOMOLOGIA,MESTRADO/DOUTORADO,ACADÊMICO,6,EM FUNCIONAMENTO
Universidade Federal Rural de Pernambuco,ETNOBIOLOGIA E CONSERVAÇÃO DA NATUREZA,MESTRADO/DOUTORADO,ACADÊMICO,5,EM FUNCIONAMENTO
Universidade Federal Rural de Pernambuco,FITOPATOLOGIA,MESTRADO/DOUTORADO,ACADÊMICO,5,EM FUNCIONAMENTO
Universidade Federal Rural de Pernambuco,HISTÓRIA,MESTRADO/DOUTORADO,ACADÊMICO,4,EM FUNCIONAMENTO
Universidade Federal Rural de Pernambuco,MEDICINA VETERINÁRIA,MESTRADO/DOUTORADO,ACADÊMICO,4,EM FUNCIONAMENTO
Universidade Federal Rural de Pernambuco,QUIMICA,MESTRADO/DOUTORADO,ACADÊMICO,4,EM FUNCIONAMENTO
Universidade Federal Rural de Pernambuco,RECURSOS PESQUEIROS E AQUICULTURA,MESTRADO/DOUTORADO,ACADÊMICO,5,EM FUNCIONAMENTO
Universidade Federal Rural de Pernambuco,ZOOTECNIA,MESTRADO/DOUTORADO,ACADÊMICO,4,EM FUNCIONAMENTO
Universidade Federal Rural do Rio de Janeiro,CIÊNCIA TECNOLOGIA E INOVAÇÃO EM AGROPECUÁRIA,DOUTORADO,ACADÊMICO,4,EM FUNCIONAMENTO
Universidade Federal Rural do Rio de Janeiro,CIÊNCIA E ENGENHARIA DE MATERIAIS,MESTRADO,ACADÊMICO,A,EM FUNCIONAMENTO
Universidade Federal Rural do Rio de Janeiro,ECONOMIA REGIONAL E DESENVOLVIMENTO,MESTRADO,ACADÊMICO,3,EM FUNCIONAMENTO
Universidade Federal Rural do Rio de Janeiro,EDUCAÇÃO AGRÍCOLA,MESTRADO,ACADÊMICO,3,EM FUNCIONAMENTO
Universidade Federal Rural do Rio de Janeiro,ENGENHARIA AGRÍCOLA E AMBIENTAL,MESTRADO,ACADÊMICO,4,EM FUNCIONAMENTO
Universidade Federal Rural do Rio de Janeiro,ENGENHARIA QUÍMICA,MESTRADO,ACADÊMICO,4,EM FUNCIONAMENTO
Universidade Federal Rural do Rio de Janeiro,FILOSOFIA,MESTRADO,ACADÊMICO,4,EM FUNCIONAMENTO
Universidade Federal Rural do Rio de Janeiro,FITOSSANIDADE E BIOTECNOLOGIA APLICADA,MESTRADO,ACADÊMICO,3,EM FUNCIONAMENTO
Universidade Federal Rural do Rio de Janeiro,LETRAS: ESTUDOS DE LINGUAGEM E LITERATURA,MESTRADO,ACADÊMICO,A,EM FUNCIONAMENTO
Universidade Federal Rural do Rio de Janeiro,MODELAGEM E EVOLUÇÃO GEOLÓGICA,MESTRADO,ACADÊMICO,3,EM FUNCIONAMENTO
Universidade Federal Rural do Rio de Janeiro,MODELAGEM MATEMÁTICA E COMPUTACIONAL,MESTRADO,ACADÊMICO,3,EM FUNCIONAMENTO
Universidade Federal Rural do Rio de Janeiro,AGRICULTURA ORGÂNICA,MESTRADO PROFISSIONAL,PROFISSIONAL,4,EM FUNCIONAMENTO
Universidade Federal Rural do Rio de Janeiro,EDUCAÇÃO EM CIÊNCIAS E MATEMÁTICA,MESTRADO PROFISSIONAL,PROFISSIONAL,4,EM FUNCIONAMENTO
Universidade Federal Rural do Rio de Janeiro,GESTÃO E ESTRATÉGIA,MESTRADO PROFISSIONAL,PROFISSIONAL,4,EM FUNCIONAMENTO
Universidade Federal Rural do Rio de Janeiro,PRÁTICAS EM DESENVOLVIMENTO SUSTENTÁVEL,MESTRADO PROFISSIONAL,PROFISSIONAL,3,EM FUNCIONAMENTO
Universidade Federal Rural do Rio de Janeiro,AGRONOMIA (CIÊNCIAS DO SOLO),MESTRADO/DOUTORADO,ACADÊMICO,7,EM FUNCIONAMENTO
Universidade Federal Rural do Rio de Janeiro,BIOLOGIA ANIMAL,MESTRADO/DOUTORADO,ACADÊMICO,4,EM FUNCIONAMENTO
Universidade Federal Rural do Rio de Janeiro,CIÊNCIA E TECNOLOGIA DE ALIMENTOS,MESTRADO/DOUTORADO,ACADÊMICO,4,EM FUNCIONAMENTO
Universidade Federal Rural do Rio de Janeiro,CIÊNCIAS AMBIENTAIS E FLORESTAIS,MESTRADO/DOUTORADO,ACADÊMICO,5,EM FUNCIONAMENTO
Universidade Federal Rural do Rio de Janeiro,CIÊNCIAS SOCIAIS,MESTRADO/DOUTORADO,ACADÊMICO,4,EM FUNCIONAMENTO
Universidade Federal Rural do Rio de Janeiro,"CIÊNCIAS SOCIAIS EM DESENVOLVIMENTO, AGRICULTURA E SOCIEDADE",MESTRADO/DOUTORADO,ACADÊMICO,5,EM FUNCIONAMENTO
Universidade Federal Rural do Rio de Janeiro,CIÊNCIAS VETERINÁRIAS,MESTRADO/DOUTORADO,ACADÊMICO,6,EM FUNCIONAMENTO
Universidade Federal Rural do Rio de Janeiro,DESENVOLVIMENTO TERRITORIAL E POLÍTICAS PÚBLICAS,MESTRADO/DOUTORADO,ACADÊMICO,4,EM FUNCIONAMENTO
Universidade Federal Rural do Rio de Janeiro,"EDUCAÇÃO, CONTEXTOS CONTEMPORÂNEOS E DEMANDAS POPULARES",MESTRADO/DOUTORADO,ACADÊMICO,4,EM FUNCIONAMENTO
Universidade Federal Rural do Rio de Janeiro,FITOTECNIA,MESTRADO/DOUTORADO,ACADÊMICO,4,EM FUNCIONAMENTO
Universidade Federal Rural do Rio de Janeiro,GEOGRAFIA,MESTRADO/DOUTORADO,ACADÊMICO,4,EM FUNCIONAMENTO
Universidade Federal Rural do Rio de Janeiro,HISTÓRIA,MESTRADO/DOUTORADO,ACADÊMICO,5,EM FUNCIONAMENTO
Universidade Federal Rural do Rio de Janeiro,MEDICINA VETERINÁRIA (PATOLOGIA E CIÊNCIAS CLÍNICAS),MESTRADO/DOUTORADO,ACADÊMICO,4,EM FUNCIONAMENTO
Universidade Federal Rural do Rio de Janeiro,PSICOLOGIA,MESTRADO/DOUTORADO,ACADÊMICO,4,EM FUNCIONAMENTO
Universidade Federal Rural do Rio de Janeiro,QUÍMICA,MESTRADO/DOUTORADO,ACADÊMICO,4,EM FUNCIONAMENTO
Universidade Federal Rural do Semi-Árido,ADMINISTRAÇÃO,MESTRADO,ACADÊMICO,3,EM FUNCIONAMENTO
Universidade Federal Rural do Semi-Árido,"AMBIENTE, TECNOLOGIA E SOCIEDADE",MESTRADO,ACADÊMICO,4,EM FUNCIONAMENTO
Universidade Federal Rural do Semi-Árido,CIÊNCIA E ENGENHARIA DE MATERIAIS,MESTRADO,ACADÊMICO,4,EM FUNCIONAMENTO
Universidade Federal Rural do Semi-Árido,"COGNIÇÃO, TECNOLOGIAS E INSTITUIÇÕES",MESTRADO,ACADÊMICO,4,EM FUNCIONAMENTO
Universidade Federal Rural do Semi-Árido,DIREITO,MESTRADO,ACADÊMICO,3,EM FUNCIONAMENTO
Universidade Federal Rural do Semi-Árido,ECOLOGIA E CONSERVAÇÃO,MESTRADO,ACADÊMICO,3,EM FUNCIONAMENTO
Universidade Federal Rural do Semi-Árido,ENGENHARIA ELÉTRICA,MESTRADO,ACADÊMICO,3,EM FUNCIONAMENTO
Universidade Federal Rural do Semi-Árido,PRODUÇÃO ANIMAL,MESTRADO,ACADÊMICO,3,EM FUNCIONAMENTO
Universidade Federal Rural do Semi-Árido,CIÊNCIA ANIMAL,MESTRADO/DOUTORADO,ACADÊMICO,5,EM FUNCIONAMENTO
Universidade Federal Rural do Semi-Árido,FITOTECNIA,MESTRADO/DOUTORADO,ACADÊMICO,6,EM FUNCIONAMENTO
Universidade Federal Rural do Semi-Árido,MANEJO DE SOLO E ÁGUA,MESTRADO/DOUTORADO,ACADÊMICO,4,EM FUNCIONAMENTO
Universidade Federal da Bahia,DIFUSÃO DO CONHECIMENTO IFBA - SENAI/CIMATEC - LNCC - UNEB - UEFS,DOUTORADO,ACADÊMICO,5,EM FUNCIONAMENTO
Universidade Federal da Bahia,ENERGIA E AMBIENTE,DOUTORADO,ACADÊMICO,4,EM FUNCIONAMENTO
Universidade Federal da Bahia,MATEMÁTICA - UFBA-UFAL,DOUTORADO,ACADÊMICO,4,EM FUNCIONAMENTO
Universidade Federal da Bahia,CIÊNCIA POLÍTICA,MESTRADO,ACADÊMICO,A,EM FUNCIONAMENTO
Universidade Federal da Bahia,CIÊNCIAS DA REABILITAÇÃO,MESTRADO,ACADÊMICO,A,EM FUNCIONAMENTO
Universidade Federal da Bahia,CONTABILIDADE,MESTRADO,ACADÊMICO,4,EM FUNCIONAMENTO
Universidade Federal da Bahia,MATEMÁTICA,MESTRADO,ACADÊMICO,4,EM FUNCIONAMENTO
Universidade Federal da Bahia,MICROBIOLOGIA,MESTRADO,ACADÊMICO,3,EM FUNCIONAMENTO
Universidade Federal da Bahia,MUSEOLOGIA,MESTRADO,ACADÊMICO,3,EM FUNCIONAMENTO
Universidade Federal da Bahia,SERVIÇO SOCIAL,MESTRADO,ACADÊMICO,3,EM FUNCIONAMENTO
Universidade Federal da Bahia,ADMINISTRAÇÃO,MESTRADO PROFISSIONAL,PROFISSIONAL,4,EM FUNCIONAMENTO
Universidade Federal da Bahia,CECRE - CONSERVAÇÃO E RESTAURAÇÃO,MESTRADO PROFISSIONAL,PROFISSIONAL,5,EM FUNCIONAMENTO
Universidade Federal da Bahia,"CURRÍCULO, LINGUAGENS E INOVAÇÕES PEDAGÓGICAS.",MESTRADO PROFISSIONAL,PROFISSIONAL,3,EM FUNCIONAMENTO
Universidade Federal da Bahia,DANÇA,MESTRADO PROFISSIONAL,PROFISSIONAL,3,EM FUNCIONAMENTO
Universidade Federal da Bahia,DESENVOLVIMENTO E GESTÃO SOCIAL,MESTRADO PROFISSIONAL,PROFISSIONAL,3,EM FUNCIONAMENTO
Universidade Federal da Bahia,ENGENHARIA INDUSTRIAL,MESTRADO PROFISSIONAL,PROFISSIONAL,4,EM FUNCIONAMENTO
Universidade Federal da Bahia,MÚSICA,MESTRADO PROFISSIONAL,PROFISSIONAL,4,EM FUNCIONAMENTO
Universidade Federal da Bahia,PSICOLOGIA DA SAÚDE,MESTRADO PROFISSIONAL,PROFISSIONAL,3,EM FUNCIONAMENTO
Universidade Federal da Bahia,SAÚDE COLETIVA,MESTRADO PROFISSIONAL,PROFISSIONAL,5,EM FUNCIONAMENTO
Universidade Federal da Bahia,"SEGURANÇA PÚBLICA, JUSTIÇA E CIDADANIA",MESTRADO PROFISSIONAL,PROFISSIONAL,3,EM FUNCIONAMENTO
Universidade Federal da Bahia,ADMINISTRAÇÃO,MESTRADO/DOUTORADO,ACADÊMICO,4,EM FUNCIONAMENTO
Universidade Federal da Bahia,"ALIMENTOS, NUTRIÇÃO E SAÚDE",MESTRADO/DOUTORADO,ACADÊMICO,4,EM FUNCIONAMENTO
Universidade Federal da Bahia,ANTROPOLOGIA,MESTRADO/DOUTORADO,ACADÊMICO,4,EM FUNCIONAMENTO
Universidade Federal da Bahia,ARQUITETURA E URBANISMO,MESTRADO/DOUTORADO,ACADÊMICO,6,EM FUNCIONAMENTO
Universidade Federal da Bahia,ARTES CÊNICAS,MESTRADO/DOUTORADO,ACADÊMICO,6,EM FUNCIONAMENTO
Universidade Federal da Bahia,ARTES VISUAIS,MESTRADO/DOUTORADO,ACADÊMICO,4,EM FUNCIONAMENTO
Universidade Federal da Bahia,BIOCIÊNCIAS,MESTRADO/DOUTORADO,ACADÊMICO,4,EM FUNCIONAMENTO
Universidade Federal da Bahia,BIODIVERSIDADE E EVOLUÇÃO,MESTRADO/DOUTORADO,ACADÊMICO,5,EM FUNCIONAMENTO
Universidade Federal da Bahia,BIOTECNOLOGIA,MESTRADO/DOUTORADO,ACADÊMICO,5,EM FUNCIONAMENTO
Universidade Federal da Bahia,CIÊNCIA ANIMAL NOS TRÓPICOS,MESTRADO/DOUTORADO,ACADÊMICO,5,EM FUNCIONAMENTO
Universidade Federal da Bahia,CIÊNCIA DA COMPUTAÇÃO,MESTRADO/DOUTORADO,ACADÊMICO,5,EM FUNCIONAMENTO
Universidade Federal da Bahia,CIÊNCIA DA INFORMAÇÃO,MESTRADO/DOUTORADO,ACADÊMICO,4,EM FUNCIONAMENTO
Universidade Federal da Bahia,CIÊNCIA DE ALIMENTOS,MESTRADO/DOUTORADO,ACADÊMICO,4,EM FUNCIONAMENTO
Universidade Federal da Bahia,CIÊNCIAS DA SAÚDE,MESTRADO/DOUTORADO,ACADÊMICO,4,EM FUNCIONAMENTO
Universidade Federal da Bahia,CIÊNCIAS SOCIAIS,MESTRADO/DOUTORADO,ACADÊMICO,5,EM FUNCIONAMENTO
Universidade Federal da Bahia,COMUNICAÇÃO E CULTURA CONTEMPORÂNEAS,MESTRADO/DOUTORADO,ACADÊMICO,6,EM FUNCIONAMENTO
Universidade Federal da Bahia,CULTURA E SOCIEDADE,MESTRADO/DOUTORADO,ACADÊMICO,4,EM FUNCIONAMENTO
Universidade Federal da Bahia,DANÇA,MESTRADO/DOUTORADO,ACADÊMICO,5,EM FUNCIONAMENTO
Universidade Federal da Bahia,DIREITO,MESTRADO/DOUTORADO,ACADÊMICO,5,EM FUNCIONAMENTO
Universidade Federal da Bahia,"ECOLOGIA: TEORIA, APLICAÇÃO E VALORES",MESTRADO/DOUTORADO,ACADÊMICO,4,EM FUNCIONAMENTO
Universidade Federal da Bahia,ECONOMIA,MESTRADO/DOUTORADO,ACADÊMICO,4,EM FUNCIONAMENTO
Universidade Federal da Bahia,EDUCAÇÃO,MESTRADO/DOUTORADO,ACADÊMICO,6,EM FUNCIONAMENTO
Universidade Federal da Bahia,ENFERMAGEM E SAÚDE,MESTRADO/DOUTORADO,ACADÊMICO,5,EM FUNCIONAMENTO
Universidade Federal da Bahia,ENGENHARIA CIVIL,MESTRADO/DOUTORADO,ACADÊMICO,5,EM FUNCIONAMENTO
Universidade Federal da Bahia,ENGENHARIA INDUSTRIAL,MESTRADO/DOUTORADO,ACADÊMICO,5,EM FUNCIONAMENTO
Universidade Federal da Bahia,ENGENHARIA QUÍMICA - UFBA-UNIFACS,MESTRADO/DOUTORADO,ACADÊMICO,4,EM FUNCIONAMENTO
Universidade Federal da Bahia,ENGENHARIAS ELÉTRICA E DE COMPUTAÇÃO,MESTRADO/DOUTORADO,ACADÊMICO,4,EM FUNCIONAMENTO
Universidade Federal da Bahia,"ENSINO, FILOSOFIA E HISTÓRIA DAS CIÊNCIAS",MESTRADO/DOUTORADO,ACADÊMICO,5,EM FUNCIONAMENTO
Universidade Federal da Bahia,ESTATÍSTICA E CIÊNCIA DE DADOS,MESTRADO/DOUTORADO,ACADÊMICO,A,EM FUNCIONAMENTO
Universidade Federal da Bahia,ESTUDOS INTERDISCIPLINARES SOBRE A UNIVERSIDADE,MESTRADO/DOUTORADO,ACADÊMICO,4,EM FUNCIONAMENTO
Universidade Federal da Bahia,"ESTUDOS INTERDISCIPLINARES SOBRE MULHERES, GÊNERO E FEMINISMO",MESTRADO/DOUTORADO,ACADÊMICO,4,EM FUNCIONAMENTO
Universidade Federal da Bahia,ESTUDOS ÉTNICOS E AFRICANOS,MESTRADO/DOUTORADO,ACADÊMICO,4,EM FUNCIONAMENTO
Universidade Federal da Bahia,FARMÁCIA,MESTRADO/DOUTORADO,ACADÊMICO,4,EM FUNCIONAMENTO
Universidade Federal da Bahia,FILOSOFIA,MESTRADO/DOUTORADO,ACADÊMICO,6,EM FUNCIONAMENTO
Universidade Federal da Bahia,FÍSICA,MESTRADO/DOUTORADO,ACADÊMICO,4,EM FUNCIONAMENTO
Universidade Federal da Bahia,GEOFÍSICA,MESTRADO/DOUTORADO,ACADÊMICO,4,EM FUNCIONAMENTO
Universidade Federal da Bahia,GEOGRAFIA,MESTRADO/DOUTORADO,ACADÊMICO,4,EM FUNCIONAMENTO
Universidade Federal da Bahia,GEOLOGIA,MESTRADO/DOUTORADO,ACADÊMICO,4,EM FUNCIONAMENTO
Universidade Federal da Bahia,GEOQUÍMICA: PETRÓLEO E MEIO AMBIENTE,MESTRADO/DOUTORADO,ACADÊMICO,4,EM FUNCIONAMENTO
Universidade Federal da Bahia,HISTÓRIA,MESTRADO/DOUTORADO,ACADÊMICO,5,EM FUNCIONAMENTO
Universidade Federal da Bahia,IMUNOLOGIA,MESTRADO/DOUTORADO,ACADÊMICO,5,EM FUNCIONAMENTO
Universidade Federal da Bahia,LITERATURA E CULTURA,MESTRADO/DOUTORADO,ACADÊMICO,5,EM FUNCIONAMENTO
Universidade Federal da Bahia,LÍNGUA E CULTURA,MESTRADO/DOUTORADO,ACADÊMICO,5,EM FUNCIONAMENTO
Universidade Federal da Bahia,MECATRÔNICA,MESTRADO/DOUTORADO,ACADÊMICO,4,EM FUNCIONAMENTO
Universidade Federal da Bahia,MEDICINA E SAÚDE,MESTRADO/DOUTORADO,ACADÊMICO,5,EM FUNCIONAMENTO
Universidade Federal da Bahia,"MEIO AMBIENTE , ÁGUAS E SANEAMENTO",MESTRADO/DOUTORADO,ACADÊMICO,4,EM FUNCIONAMENTO
Universidade Federal da Bahia,MÚSICA,MESTRADO/DOUTORADO,ACADÊMICO,4,EM FUNCIONAMENTO
Universidade Federal da Bahia,ODONTOLOGIA E SAUDE,MESTRADO/DOUTORADO,ACADÊMICO,5,EM FUNCIONAMENTO
Universidade Federal da Bahia,PATOLOGIA HUMANA,MESTRADO/DOUTORADO,ACADÊMICO,6,EM FUNCIONAMENTO
Universidade Federal da Bahia,PROCESSOS INTERATIVOS DOS ÓRGÃOS E SISTEMAS,MESTRADO/DOUTORADO,ACADÊMICO,5,EM FUNCIONAMENTO
Universidade Federal da Bahia,PSICOLOGIA,MESTRADO/DOUTORADO,ACADÊMICO,6,EM FUNCIONAMENTO
Universidade Federal da Bahia,QUÍMICA,MESTRADO/DOUTORADO,ACADÊMICO,4,EM FUNCIONAMENTO
Universidade Federal da Bahia,RELAÇÕES INTERNACIONAIS,MESTRADO/DOUTORADO,ACADÊMICO,4,EM FUNCIONAMENTO
Universidade Federal da Bahia,SAÚDE COLETIVA,MESTRADO/DOUTORADO,ACADÊMICO,7,EM FUNCIONAMENTO
Universidade Federal da Bahia,SAÚDE COLETIVA,MESTRADO/DOUTORADO,ACADÊMICO,4,EM FUNCIONAMENTO
Universidade Federal da Bahia,"SAÚDE, AMBIENTE E TRABALHO",MESTRADO/DOUTORADO,ACADÊMICO,4,EM FUNCIONAMENTO
Universidade Federal da Bahia,ZOOTECNIA,MESTRADO/DOUTORADO,ACADÊMICO,4,EM FUNCIONAMENTO
Universidade Federal da Fronteira Sul,AGROECOLOGIA E DESENVOLVIMENTO RURAL SUSTENTÁVEL,MESTRADO,ACADÊMICO,4,EM FUNCIONAMENTO
Universidade Federal da Fronteira Sul,AMBIENTE E TECNOLOGIAS SUSTENTÁVEIS,MESTRADO,ACADÊMICO,3,EM FUNCIONAMENTO
Universidade Federal da Fronteira Sul,CIÊNCIA E TECNOLOGIA DE ALIMENTOS,MESTRADO,ACADÊMICO,3,EM FUNCIONAMENTO
Universidade Federal da Fronteira Sul,CIÊNCIAS BIOMÉDICAS,MESTRADO,ACADÊMICO,3,EM FUNCIONAMENTO
Universidade Federal da Fronteira Sul,EDUCAÇÃO,MESTRADO,ACADÊMICO,3,EM FUNCIONAMENTO
Universidade Federal da Fronteira Sul,ENFERMAGEM,MESTRADO,ACADÊMICO,A,EM FUNCIONAMENTO
Universidade Federal da Fronteira Sul,ENSINO DE CIÊNCIAS,MESTRADO,ACADÊMICO,3,EM FUNCIONAMENTO
Universidade Federal da Fronteira Sul,FILOSOFIA,MESTRADO,ACADÊMICO,3,EM FUNCIONAMENTO
Universidade Federal da Fronteira Sul,GEOGRAFIA,MESTRADO,ACADÊMICO,3,EM FUNCIONAMENTO
Universidade Federal da Fronteira Sul,INTERDISCIPLINAR EM CIÊNCIAS HUMANAS,MESTRADO,ACADÊMICO,4,EM FUNCIONAMENTO
Universidade Federal da Fronteira Sul,"SAÚDE, BEM-ESTAR E PRODUÇÃO ANIMAL SUSTENTÁVEL NA FRONTEIRA SUL",MESTRADO,ACADÊMICO,4,EM FUNCIONAMENTO
Universidade Federal da Fronteira Sul,EDUCAÇÃO,MESTRADO PROFISSIONAL,PROFISSIONAL,4,EM FUNCIONAMENTO
Universidade Federal da Fronteira Sul,CIÊNCIA E TECNOLOGIA AMBIENTAL,MESTRADO/DOUTORADO,ACADÊMICO,4,EM FUNCIONAMENTO
Universidade Federal da Fronteira Sul,DESENVOLVIMENTO E POLÍTICAS PÚBLICAS,MESTRADO/DOUTORADO,ACADÊMICO,4,EM FUNCIONAMENTO
Universidade Federal da Fronteira Sul,ESTUDOS LINGUÍSTICOS,MESTRADO/DOUTORADO,ACADÊMICO,4,EM FUNCIONAMENTO
Universidade Federal da Fronteira Sul,HISTÓRIA,MESTRADO/DOUTORADO,ACADÊMICO,4,EM FUNCIONAMENTO
Universidade Federal da Grande Dourados,QUÍMICA,DOUTORADO,ACADÊMICO,4,EM FUNCIONAMENTO
Universidade Federal da Grande Dourados,"ALIMENTOS, NUTRIÇÃO E SAÚDE",MESTRADO,ACADÊMICO,3,EM FUNCIONAMENTO
Universidade Federal da Grande Dourados,ANTROPOLOGIA,MESTRADO,ACADÊMICO,4,EM FUNCIONAMENTO
Universidade Federal da Grande Dourados,BIODIVERSIDADE E MEIO AMBIENTE,MESTRADO,ACADÊMICO,4,EM FUNCIONAMENTO
Universidade Federal da Grande Dourados,CIÊNCIA E TECNOLOGIA DE ALIMENTOS,MESTRADO,ACADÊMICO,3,EM FUNCIONAMENTO
Universidade Federal da Grande Dourados,EDUCAÇÃO E TERRITORIALIDADE,MESTRADO,ACADÊMICO,3,EM FUNCIONAMENTO
Universidade Federal da Grande Dourados,ENGENHARIA AGRÍCOLA,MESTRADO,ACADÊMICO,3,EM FUNCIONAMENTO
Universidade Federal da Grande Dourados,ENSINO DE CIÊNCIAS E MATEMÁTICA,MESTRADO,ACADÊMICO,A,EM FUNCIONAMENTO
Universidade Federal da Grande Dourados,FRONTEIRAS E DIREITOS HUMANOS,MESTRADO,ACADÊMICO,4,EM FUNCIONAMENTO
Universidade Federal da Grande Dourados,PSICOLOGIA,MESTRADO,ACADÊMICO,3,EM FUNCIONAMENTO
Universidade Federal da Grande Dourados,QUÍMICA,MESTRADO,ACADÊMICO,4,EM FUNCIONAMENTO
Universidade Federal da Grande Dourados,SOCIOLOGIA,MESTRADO,ACADÊMICO,4,EM FUNCIONAMENTO
Universidade Federal da Grande Dourados,AGRONEGÓCIOS,MESTRADO/DOUTORADO,ACADÊMICO,4,EM FUNCIONAMENTO
Universidade Federal da Grande Dourados,AGRONOMIA,MESTRADO/DOUTORADO,ACADÊMICO,5,EM FUNCIONAMENTO
Universidade Federal da Grande Dourados,CIÊNCIA E TECNOLOGIA AMBIENTAL,MESTRADO/DOUTORADO,ACADÊMICO,4,EM FUNCIONAMENTO
Universidade Federal da Grande Dourados,CIÊNCIAS DA SAUDE,MESTRADO/DOUTORADO,ACADÊMICO,4,EM FUNCIONAMENTO
Universidade Federal da Grande Dourados,EDUCAÇÃO,MESTRADO/DOUTORADO,ACADÊMICO,5,EM FUNCIONAMENTO
Universidade Federal da Grande Dourados,ENTOMOLOGIA E CONSERVAÇÃO DA BIODIVERSIDADE,MESTRADO/DOUTORADO,ACADÊMICO,4,EM FUNCIONAMENTO
Universidade Federal da Grande Dourados,GEOGRAFIA,MESTRADO/DOUTORADO,ACADÊMICO,5,EM FUNCIONAMENTO
Universidade Federal da Grande Dourados,HISTÓRIA,MESTRADO/DOUTORADO,ACADÊMICO,4,EM FUNCIONAMENTO
Universidade Federal da Grande Dourados,LETRAS,MESTRADO/DOUTORADO,ACADÊMICO,4,EM FUNCIONAMENTO
Universidade Federal da Grande Dourados,ZOOTECNIA,MESTRADO/DOUTORADO,ACADÊMICO,4,EM FUNCIONAMENTO
Universidade Federal da Integração Latino-Americana,BIOCIÊNCIAS,MESTRADO,ACADÊMICO,4,EM FUNCIONAMENTO
Universidade Federal da Integração Latino-Americana,BIODIVERSIDADE NEOTROPICAL,MESTRADO,ACADÊMICO,4,EM FUNCIONAMENTO
Universidade Federal da Integração Latino-Americana,ECONOMIA,MESTRADO,ACADÊMICO,3,EM FUNCIONAMENTO
Universidade Federal da Integração Latino-Americana,ENGENHARIA CIVIL,MESTRADO,ACADÊMICO,3,EM FUNCIONAMENTO
Universidade Federal da Integração Latino-Americana,FÍSICA APLICADA,MESTRADO,ACADÊMICO,3,EM FUNCIONAMENTO
Universidade Federal da Integração Latino-Americana,HISTÓRIA,MESTRADO,ACADÊMICO,3,EM FUNCIONAMENTO
Universidade Federal da Integração Latino-Americana,INTERDISCIPLINAR EM ESTUDOS LATINO-AMERICANOS,MESTRADO,ACADÊMICO,4,EM FUNCIONAMENTO
Universidade Federal da Integração Latino-Americana,LITERATURA COMPARADA,MESTRADO,ACADÊMICO,4,EM FUNCIONAMENTO
Universidade Federal da Integração Latino-Americana,POLÍTICAS PÚBLICAS E DESENVOLVIMENTO,MESTRADO,ACADÊMICO,3,EM FUNCIONAMENTO
Universidade Federal da Integração Latino-Americana,RELAÇÕES INTERNACIONAIS,MESTRADO,ACADÊMICO,3,EM FUNCIONAMENTO
Universidade Federal da Integração Latino-Americana,ENERGIA & SUSTENTABILIDADE,MESTRADO/DOUTORADO,ACADÊMICO,4,EM FUNCIONAMENTO
Universidade Federal da Integração Latino-Americana,INTEGRAÇÃO CONTEMPORÂNEA DA AMÉRICA LATINA - ICAL,MESTRADO/DOUTORADO,ACADÊMICO,4,EM FUNCIONAMENTO
Universidade Federal da Lusofonia Afro-Brasileira,ANTROPOLOGIA,MESTRADO,ACADÊMICO,3,EM FUNCIONAMENTO
Universidade Federal da Lusofonia Afro-Brasileira,ENERGIA E AMBIENTE,MESTRADO,ACADÊMICO,3,EM FUNCIONAMENTO
Universidade Federal da Lusofonia Afro-Brasileira,ESTUDOS DA LINGUAGEM,MESTRADO,ACADÊMICO,3,EM FUNCIONAMENTO
Universidade Federal da Lusofonia Afro-Brasileira,ESTUDOS DE LINGUAGENS: CONTEXTOS LUSÓFONOS BRASIL-ÁFRICA,MESTRADO,ACADÊMICO,A,EM FUNCIONAMENTO
Universidade Federal da Lusofonia Afro-Brasileira,INTERDISCIPLINAR EM HUMANIDADES,MESTRADO,ACADÊMICO,3,EM FUNCIONAMENTO
Universidade Federal da Lusofonia Afro-Brasileira,SOCIOBIODIVERSIDADE E TECNOLOGIAS SUSTENTÁVEIS,MESTRADO,ACADÊMICO,3,EM FUNCIONAMENTO
Universidade Federal da Lusofonia Afro-Brasileira,ENFERMAGEM,MESTRADO/DOUTORADO,ACADÊMICO,4,EM FUNCIONAMENTO
Universidade Federal da Paraíba,DESENVOLVIMENTO E INOVAÇÃO TECNOLÓGICA EM MEDICAMENTOS,DOUTORADO,ACADÊMICO,4,EM FUNCIONAMENTO
Universidade Federal da Paraíba,ARTES VISUAIS (UFPB J.P. - UFPE),MESTRADO,ACADÊMICO,4,EM FUNCIONAMENTO
Universidade Federal da Paraíba,BIODIVERSIDADE,MESTRADO,ACADÊMICO,3,EM FUNCIONAMENTO
Universidade Federal da Paraíba,BIOLOGIA CELULAR E MOLECULAR,MESTRADO,ACADÊMICO,3,EM FUNCIONAMENTO
Universidade Federal da Paraíba,BIOTECNOLOGIA,MESTRADO,ACADÊMICO,4,EM FUNCIONAMENTO
Universidade Federal da Paraíba,CIÊNCIAS AGRÁRIAS (AGROECOLOGIA),MESTRADO,ACADÊMICO,3,EM FUNCIONAMENTO
Universidade Federal da Paraíba,COMUNICAÇÃO E CULTURAS MIDIÁTICAS,MESTRADO,ACADÊMICO,3,EM FUNCIONAMENTO
Universidade Federal da Paraíba,DESENVOLVIMENTO E MEIO AMBIENTE - PRODEMA,MESTRADO,ACADÊMICO,4,EM FUNCIONAMENTO
Universidade Federal da Paraíba,"DIREITOS HUMANOS, CIDADANIA E POLÍTICAS PÚBLICAS",MESTRADO,ACADÊMICO,4,EM FUNCIONAMENTO
Universidade Federal da Paraíba,ECOLOGIA E MONITORAMENTO AMBIENTAL,MESTRADO,ACADÊMICO,4,EM FUNCIONAMENTO
Universidade Federal da Paraíba,ENERGIAS RENOVÁVEIS,MESTRADO,ACADÊMICO,4,EM FUNCIONAMENTO
Universidade Federal da Paraíba,ENGENHARIA DE PRODUÇÃO E SISTEMAS,MESTRADO,ACADÊMICO,3,EM FUNCIONAMENTO
Universidade Federal da Paraíba,ENGENHARIA ELÉTRICA,MESTRADO,ACADÊMICO,3,EM FUNCIONAMENTO
Universidade Federal da Paraíba,ENGENHARIA QUÍMICA,MESTRADO,ACADÊMICO,3,EM FUNCIONAMENTO
Universidade Federal da Paraíba,FILOSOFIA,MESTRADO,ACADÊMICO,4,EM FUNCIONAMENTO
Universidade Federal da Paraíba,FISIOTERAPIA,MESTRADO,ACADÊMICO,3,EM FUNCIONAMENTO
Universidade Federal da Paraíba,GESTÃO PÚBLICA E COOPERAÇÃO INTERNACIONAL,MESTRADO,ACADÊMICO,3,EM FUNCIONAMENTO
Universidade Federal da Paraíba,SAÚDE COLETIVA,MESTRADO,ACADÊMICO,3,EM FUNCIONAMENTO
Universidade Federal da Paraíba,TECNOLOGIA AGROALIMENTAR,MESTRADO,ACADÊMICO,3,EM FUNCIONAMENTO
Universidade Federal da Paraíba,ECONOMIA DO SETOR PÚBLICO,MESTRADO PROFISSIONAL,PROFISSIONAL,3,EM FUNCIONAMENTO
Universidade Federal da Paraíba,GERONTOLOGIA,MESTRADO PROFISSIONAL,PROFISSIONAL,4,EM FUNCIONAMENTO
Universidade Federal da Paraíba,GESTÃO EM ORGANIZAÇÕES APRENDENTES,MESTRADO PROFISSIONAL,PROFISSIONAL,3,EM FUNCIONAMENTO
Universidade Federal da Paraíba,JORNALISMO,MESTRADO PROFISSIONAL,PROFISSIONAL,4,EM FUNCIONAMENTO
Universidade Federal da Paraíba,LINGUÍSTICA E ENSINO,MESTRADO PROFISSIONAL,PROFISSIONAL,4,EM FUNCIONAMENTO
Universidade Federal da Paraíba,"POLÍTICAS PÚBLICAS, GESTÃO E AVALIAÇÃO DA EDUCAÇÃO SUPERIOR",MESTRADO PROFISSIONAL,PROFISSIONAL,4,EM FUNCIONAMENTO
Universidade Federal da Paraíba,PSICOLOGIA CLÍNICA,MESTRADO PROFISSIONAL,PROFISSIONAL,A,EM FUNCIONAMENTO
Universidade Federal da Paraíba,ADMINISTRAÇÃO,MESTRADO/DOUTORADO,ACADÊMICO,5,EM FUNCIONAMENTO
Universidade Federal da Paraíba,AGRONOMIA,MESTRADO/DOUTORADO,ACADÊMICO,5,EM FUNCIONAMENTO
Universidade Federal da Paraíba,ANTROPOLOGIA,MESTRADO/DOUTORADO,ACADÊMICO,4,EM FUNCIONAMENTO
Universidade Federal da Paraíba,ARQUITETURA E URBANISMO,MESTRADO/DOUTORADO,ACADÊMICO,5,EM FUNCIONAMENTO
Universidade Federal da Paraíba,CIÊNCIA ANIMAL,MESTRADO/DOUTORADO,ACADÊMICO,4,EM FUNCIONAMENTO
Universidade Federal da Paraíba,CIÊNCIA DA INFORMAÇÃO,MESTRADO/DOUTORADO,ACADÊMICO,4,EM FUNCIONAMENTO
Universidade Federal da Paraíba,CIÊNCIA DO SOLO,MESTRADO/DOUTORADO,ACADÊMICO,3,EM FUNCIONAMENTO
Universidade Federal da Paraíba,CIÊNCIA E ENGENHARIA DE MATERIAIS,MESTRADO/DOUTORADO,ACADÊMICO,5,EM FUNCIONAMENTO
Universidade Federal da Paraíba,CIÊNCIA E TECNOLOGIA DE ALIMENTOS,MESTRADO/DOUTORADO,ACADÊMICO,5,EM FUNCIONAMENTO
Universidade Federal da Paraíba,CIÊNCIA POLÍTICA E RELAÇÕES INTERNACIONAIS,MESTRADO/DOUTORADO,ACADÊMICO,4,EM FUNCIONAMENTO
Universidade Federal da Paraíba,CIÊNCIAS BIOLÓGICAS (ZOOLOGIA),MESTRADO/DOUTORADO,ACADÊMICO,5,EM FUNCIONAMENTO
Universidade Federal da Paraíba,CIÊNCIAS CONTÁBEIS,MESTRADO/DOUTORADO,ACADÊMICO,5,EM FUNCIONAMENTO
Universidade Federal da Paraíba,CIÊNCIAS DA NUTRIÇÃO,MESTRADO/DOUTORADO,ACADÊMICO,5,EM FUNCIONAMENTO
Universidade Federal da Paraíba,CIÊNCIAS DAS RELIGIÕES,MESTRADO/DOUTORADO,ACADÊMICO,4,EM FUNCIONAMENTO
Universidade Federal da Paraíba,CIÊNCIAS JURÍDICAS,MESTRADO/DOUTORADO,ACADÊMICO,4,EM FUNCIONAMENTO
Universidade Federal da Paraíba,ECONOMIA,MESTRADO/DOUTORADO,ACADÊMICO,5,EM FUNCIONAMENTO
Universidade Federal da Paraíba,EDUCAÇÃO,MESTRADO/DOUTORADO,ACADÊMICO,4,EM FUNCIONAMENTO
Universidade Federal da Paraíba,ENFERMAGEM,MESTRADO/DOUTORADO,ACADÊMICO,5,EM FUNCIONAMENTO
Universidade Federal da Paraíba,ENGENHARIA CIVIL E AMBIENTAL,MESTRADO/DOUTORADO,ACADÊMICO,5,EM FUNCIONAMENTO
Universidade Federal da Paraíba,ENGENHARIA MECÂNICA,MESTRADO/DOUTORADO,ACADÊMICO,4,EM FUNCIONAMENTO
Universidade Federal da Paraíba,FÍSICA,MESTRADO/DOUTORADO,ACADÊMICO,5,EM FUNCIONAMENTO
Universidade Federal da Paraíba,GEOGRAFIA,MESTRADO/DOUTORADO,ACADÊMICO,4,EM FUNCIONAMENTO
Universidade Federal da Paraíba,HISTÓRIA,MESTRADO/DOUTORADO,ACADÊMICO,4,EM FUNCIONAMENTO
Universidade Federal da Paraíba,INFORMÁTICA,MESTRADO/DOUTORADO,ACADÊMICO,4,EM FUNCIONAMENTO
Universidade Federal da Paraíba,LETRAS,MESTRADO/DOUTORADO,ACADÊMICO,5,EM FUNCIONAMENTO
Universidade Federal da Paraíba,LINGÜÍSTICA,MESTRADO/DOUTORADO,ACADÊMICO,6,EM FUNCIONAMENTO
Universidade Federal da Paraíba,MATEMÁTICA,MESTRADO/DOUTORADO,ACADÊMICO,5,EM FUNCIONAMENTO
Universidade Federal da Paraíba,MODELOS DE DECISÃO E SAÚDE,MESTRADO/DOUTORADO,ACADÊMICO,6,EM FUNCIONAMENTO
Universidade Federal da Paraíba,MÚSICA,MESTRADO/DOUTORADO,ACADÊMICO,4,EM FUNCIONAMENTO
Universidade Federal da Paraíba,NEUROCIÊNCIA COGNITIVA E COMPORTAMENTO,MESTRADO/DOUTORADO,ACADÊMICO,5,EM FUNCIONAMENTO
Universidade Federal da Paraíba,ODONTOLOGIA,MESTRADO/DOUTORADO,ACADÊMICO,4,EM FUNCIONAMENTO
Universidade Federal da Paraíba,PRODUTOS NATURAIS E SINTÉTICOS BIOATIVOS,MESTRADO/DOUTORADO,ACADÊMICO,6,EM FUNCIONAMENTO
Universidade Federal da Paraíba,PSICOLOGIA SOCIAL,MESTRADO/DOUTORADO,ACADÊMICO,5,EM FUNCIONAMENTO
Universidade Federal da Paraíba,QUÍMICA,MESTRADO/DOUTORADO,ACADÊMICO,5,EM FUNCIONAMENTO
Universidade Federal da Paraíba,SERVIÇO SOCIAL,MESTRADO/DOUTORADO,ACADÊMICO,4,EM FUNCIONAMENTO
Universidade Federal da Paraíba,SOCIOLOGIA,MESTRADO/DOUTORADO,ACADÊMICO,5,EM FUNCIONAMENTO
Universidade Federal de Alagoas,BIOTECNOLOGIA - REDE RENORBIO,DOUTORADO,ACADÊMICO,6,EM FUNCIONAMENTO
Universidade Federal de Alagoas,MATERIAIS,DOUTORADO,ACADÊMICO,4,EM FUNCIONAMENTO
Universidade Federal de Alagoas,AGRICULTURA E AMBIENTE,MESTRADO,ACADÊMICO,3,EM FUNCIONAMENTO
Universidade Federal de Alagoas,ANTROPOLOGIA SOCIAL,MESTRADO,ACADÊMICO,3,EM FUNCIONAMENTO
Universidade Federal de Alagoas,CIÊNCIA ANIMAL,MESTRADO,ACADÊMICO,4,EM FUNCIONAMENTO
Universidade Federal de Alagoas,CIÊNCIA DA INFORMAÇÃO,MESTRADO,ACADÊMICO,3,EM FUNCIONAMENTO
Universidade Federal de Alagoas,CIÊNCIAS DO MOVIMENTO,MESTRADO,ACADÊMICO,A,EM FUNCIONAMENTO
Universidade Federal de Alagoas,CIÊNCIAS MÉDICAS,MESTRADO,ACADÊMICO,3,EM FUNCIONAMENTO
Universidade Federal de Alagoas,DIREITO,MESTRADO,ACADÊMICO,3,EM FUNCIONAMENTO
Universidade Federal de Alagoas,ECONOMIA,MESTRADO,ACADÊMICO,3,EM FUNCIONAMENTO
Universidade Federal de Alagoas,ENERGIAS RENOVÁVEIS,MESTRADO,ACADÊMICO,A,EM FUNCIONAMENTO
Universidade Federal de Alagoas,ENFERMAGEM,MESTRADO,ACADÊMICO,4,EM FUNCIONAMENTO
Universidade Federal de Alagoas,ENSINO E FORMAÇÃO DE PROFESSORES,MESTRADO,ACADÊMICO,A,EM FUNCIONAMENTO
Universidade Federal de Alagoas,FILOSOFIA,MESTRADO,ACADÊMICO,3,EM FUNCIONAMENTO
Universidade Federal de Alagoas,GEOGRAFIA,MESTRADO,ACADÊMICO,4,EM FUNCIONAMENTO
Universidade Federal de Alagoas,HISTÓRIA,MESTRADO,ACADÊMICO,4,EM FUNCIONAMENTO
Universidade Federal de Alagoas,INFORMÁTICA,MESTRADO,ACADÊMICO,3,EM FUNCIONAMENTO
Universidade Federal de Alagoas,MATEMÁTICA,MESTRADO,ACADÊMICO,4,EM FUNCIONAMENTO
Universidade Federal de Alagoas,METEOROLOGIA,MESTRADO,ACADÊMICO,4,EM FUNCIONAMENTO
Universidade Federal de Alagoas,NUTRIÇÃO,MESTRADO,ACADÊMICO,4,EM FUNCIONAMENTO
Universidade Federal de Alagoas,PSICOLOGIA,MESTRADO,ACADÊMICO,4,EM FUNCIONAMENTO
Universidade Federal de Alagoas,SOCIOLOGIA,MESTRADO,ACADÊMICO,4,EM FUNCIONAMENTO
Universidade Federal de Alagoas,ENSINO DE CIÊNCIAS E MATEMÁTICA,MESTRADO PROFISSIONAL,PROFISSIONAL,4,EM FUNCIONAMENTO
Universidade Federal de Alagoas,ENSINO NA SAÚDE,MESTRADO PROFISSIONAL,PROFISSIONAL,3,EM FUNCIONAMENTO
Universidade Federal de Alagoas,PROFNIT - PROPRIEDADE INTELECTUAL E TRANSFERÊNCIA DE TECNOLOGIA PARA INOVAÇÃO,MESTRADO PROFISSIONAL,PROFISSIONAL,4,EM FUNCIONAMENTO
Universidade Federal de Alagoas,AGRONOMIA (PRODUÇÃO VEGETAL),MESTRADO/DOUTORADO,ACADÊMICO,4,EM FUNCIONAMENTO
Universidade Federal de Alagoas,CIÊNCIAS DA SAÚDE,MESTRADO/DOUTORADO,ACADÊMICO,5,EM FUNCIONAMENTO
Universidade Federal de Alagoas,CIÊNCIAS FARMACÊUTICAS,MESTRADO/DOUTORADO,ACADÊMICO,4,EM FUNCIONAMENTO
Universidade Federal de Alagoas,DINÂMICA DO ESPAÇO HABITADO,MESTRADO/DOUTORADO,ACADÊMICO,4,EM FUNCIONAMENTO
Universidade Federal de Alagoas,DIVERSIDADE BIOLÓGICA E CONSERVAÇÃO NOS TRÓPICOS,MESTRADO/DOUTORADO,ACADÊMICO,5,EM FUNCIONAMENTO
Universidade Federal de Alagoas,EDUCAÇÃO,MESTRADO/DOUTORADO,ACADÊMICO,3,EM FUNCIONAMENTO
Universidade Federal de Alagoas,ENGENHARIA CIVIL,MESTRADO/DOUTORADO,ACADÊMICO,4,EM FUNCIONAMENTO
Universidade Federal de Alagoas,ENGENHARIA QUÍMICA,MESTRADO/DOUTORADO,ACADÊMICO,4,EM FUNCIONAMENTO
Universidade Federal de Alagoas,FÍSICA,MESTRADO/DOUTORADO,ACADÊMICO,5,EM FUNCIONAMENTO
Universidade Federal de Alagoas,LINGUÍSTICA E LITERATURA,MESTRADO/DOUTORADO,ACADÊMICO,4,EM FUNCIONAMENTO
Universidade Federal de Alagoas,PROTEÇÃO DE PLANTAS,MESTRADO/DOUTORADO,ACADÊMICO,4,EM FUNCIONAMENTO
Universidade Federal de Alagoas,QUÍMICA E BIOTECNOLOGIA,MESTRADO/DOUTORADO,ACADÊMICO,4,EM FUNCIONAMENTO
Universidade Federal de Alagoas,RECURSOS HIDRICOS E SANEAMENTO,MESTRADO/DOUTORADO,ACADÊMICO,4,EM FUNCIONAMENTO
Universidade Federal de Alagoas,SERVIÇO SOCIAL,MESTRADO/DOUTORADO,ACADÊMICO,5,EM FUNCIONAMENTO
Universidade Federal de Alfenas,BIOTECNOLOGIA,MESTRADO,ACADÊMICO,3,EM FUNCIONAMENTO
Universidade Federal de Alfenas,CIÊNCIA E ENGENHARIA AMBIENTAL,MESTRADO,ACADÊMICO,4,EM FUNCIONAMENTO
Universidade Federal de Alfenas,CIÊNCIAS DA REABILITAÇÃO,MESTRADO,ACADÊMICO,3,EM FUNCIONAMENTO
Universidade Federal de Alfenas,CIÊNCIAS ODONTOLÓGICAS,MESTRADO,ACADÊMICO,4,EM FUNCIONAMENTO
Universidade Federal de Alfenas,ECONOMIA,MESTRADO,ACADÊMICO,3,EM FUNCIONAMENTO
Universidade Federal de Alfenas,EDUCAÇÃO,MESTRADO,ACADÊMICO,4,EM FUNCIONAMENTO
Universidade Federal de Alfenas,ENGENHARIA QUÍMICA,MESTRADO,ACADÊMICO,3,EM FUNCIONAMENTO
Universidade Federal de Alfenas,ESTATÍSTICA APLICADA E BIOMETRIA,MESTRADO,ACADÊMICO,3,EM FUNCIONAMENTO
Universidade Federal de Alfenas,FÍSICA - UFSJ - UNIFAL,MESTRADO,ACADÊMICO,4,EM FUNCIONAMENTO
Universidade Federal de Alfenas,GEOGRAFIA,MESTRADO,ACADÊMICO,3,EM FUNCIONAMENTO
Universidade Federal de Alfenas,GESTÃO PÚBLICA E SOCIEDADE,MESTRADO,ACADÊMICO,3,EM FUNCIONAMENTO
Universidade Federal de Alfenas,NUTRIÇÃO E LONGEVIDADE,MESTRADO,ACADÊMICO,3,EM FUNCIONAMENTO
Universidade Federal de Alfenas,HISTÓRIA IBÉRICA,MESTRADO PROFISSIONAL,PROFISSIONAL,4,EM FUNCIONAMENTO
Universidade Federal de Alfenas,BIOCIÊNCIAS APLICADAS À SAÚDE,MESTRADO/DOUTORADO,ACADÊMICO,3,EM FUNCIONAMENTO
Universidade Federal de Alfenas,CIÊNCIA E ENGENHARIA DE MATERIAIS,MESTRADO/DOUTORADO,ACADÊMICO,4,EM FUNCIONAMENTO
Universidade Federal de Alfenas,CIÊNCIAS AMBIENTAIS,MESTRADO/DOUTORADO,ACADÊMICO,4,EM FUNCIONAMENTO
Universidade Federal de Alfenas,CIÊNCIAS BIOLÓGICAS,MESTRADO/DOUTORADO,ACADÊMICO,4,EM FUNCIONAMENTO
Universidade Federal de Alfenas,CIÊNCIAS FARMACÊUTICAS,MESTRADO/DOUTORADO,ACADÊMICO,4,EM FUNCIONAMENTO
Universidade Federal de Alfenas,ENFERMAGEM,MESTRADO/DOUTORADO,ACADÊMICO,4,EM FUNCIONAMENTO
Universidade Federal de Alfenas,QUÍMICA,MESTRADO/DOUTORADO,ACADÊMICO,4,EM FUNCIONAMENTO
Universidade Federal de Campina Grande,ENGENHARIA DE PROCESSOS,DOUTORADO,ACADÊMICO,4,EM FUNCIONAMENTO
Universidade Federal de Campina Grande,MATEMÁTICA - UFPB-J.P. - UFCG,DOUTORADO,ACADÊMICO,5,EM FUNCIONAMENTO
Universidade Federal de Campina Grande,ADMINISTRAÇÃO,MESTRADO,ACADÊMICO,3,EM FUNCIONAMENTO
Universidade Federal de Campina Grande,CIÊNCIA ANIMAL,MESTRADO,ACADÊMICO,3,EM FUNCIONAMENTO
Universidade Federal de Campina Grande,CIÊNCIA POLÍTICA,MESTRADO,ACADÊMICO,3,EM FUNCIONAMENTO
Universidade Federal de Campina Grande,CIÊNCIAS FLORESTAIS,MESTRADO,ACADÊMICO,3,EM FUNCIONAMENTO
Universidade Federal de Campina Grande,CIÊNCIAS NATURAIS E BIOTECNOLOGIA,MESTRADO,ACADÊMICO,4,EM FUNCIONAMENTO
Universidade Federal de Campina Grande,DESIGN,MESTRADO,ACADÊMICO,4,EM FUNCIONAMENTO
Universidade Federal de Campina Grande,EDUCAÇÃO,MESTRADO,ACADÊMICO,3,EM FUNCIONAMENTO
Universidade Federal de Campina Grande,ENGENHARIA DE ALIMENTOS,MESTRADO,ACADÊMICO,3,EM FUNCIONAMENTO
Universidade Federal de Campina Grande,ENGENHARIA MECÂNICA,MESTRADO,ACADÊMICO,3,EM FUNCIONAMENTO
Universidade Federal de Campina Grande,FÍSICA,MESTRADO,ACADÊMICO,4,EM FUNCIONAMENTO
Universidade Federal de Campina Grande,HISTÓRIA,MESTRADO,ACADÊMICO,3,EM FUNCIONAMENTO
Universidade Federal de Campina Grande,HORTICULTURA TROPICAL,MESTRADO,ACADÊMICO,3,EM FUNCIONAMENTO
Universidade Federal de Campina Grande,SISTEMAS AGROINDUSTRIAIS,MESTRADO,ACADÊMICO,3,EM FUNCIONAMENTO
Universidade Federal de Campina Grande,GESTÃO E SISTEMAS AGROINDUSTRIAIS,MESTRADO PROFISSIONAL,PROFISSIONAL,3,EM FUNCIONAMENTO
Universidade Federal de Campina Grande,CIÊNCIA DA COMPUTAÇÃO,MESTRADO/DOUTORADO,ACADÊMICO,4,EM FUNCIONAMENTO
Universidade Federal de Campina Grande,CIÊNCIA E ENGENHARIA DE MATERIAIS,MESTRADO/DOUTORADO,ACADÊMICO,6,EM FUNCIONAMENTO
Universidade Federal de Campina Grande,CIÊNCIA E SAÚDE ANIMAL,MESTRADO/DOUTORADO,ACADÊMICO,5,EM FUNCIONAMENTO
Universidade Federal de Campina Grande,CIÊNCIAS SOCIAIS,MESTRADO/DOUTORADO,ACADÊMICO,4,EM FUNCIONAMENTO
Universidade Federal de Campina Grande,ENGENHARIA AGRÍCOLA,MESTRADO/DOUTORADO,ACADÊMICO,5,EM FUNCIONAMENTO
Universidade Federal de Campina Grande,ENGENHARIA CIVIL E AMBIENTAL,MESTRADO/DOUTORADO,ACADÊMICO,5,EM FUNCIONAMENTO
Universidade Federal de Campina Grande,ENGENHARIA E GESTÃO DE RECURSOS NATURAIS,MESTRADO/DOUTORADO,ACADÊMICO,4,EM FUNCIONAMENTO
Universidade Federal de Campina Grande,ENGENHARIA ELÉTRICA,MESTRADO/DOUTORADO,ACADÊMICO,6,EM FUNCIONAMENTO
Universidade Federal de Campina Grande,ENGENHARIA QUÍMICA,MESTRADO/DOUTORADO,ACADÊMICO,4,EM FUNCIONAMENTO
Universidade Federal de Campina Grande,LINGUAGEM E ENSINO,MESTRADO/DOUTORADO,ACADÊMICO,4,EM FUNCIONAMENTO
Universidade Federal de Campina Grande,MATEMÁTICA,MESTRADO/DOUTORADO,ACADÊMICO,4,EM FUNCIONAMENTO
Universidade Federal de Campina Grande,METEOROLOGIA,MESTRADO/DOUTORADO,ACADÊMICO,4,EM FUNCIONAMENTO
Universidade Federal de Catalão,CIÊNCIA E ENGENHARIA DE MATERIAIS,DOUTORADO,ACADÊMICO,4,EM FUNCIONAMENTO
Universidade Federal de Catalão,EDUCAÇÃO,MESTRADO,ACADÊMICO,4,EM FUNCIONAMENTO
Universidade Federal de Catalão,ENGENHARIA DE PRODUÇÃO,MESTRADO,ACADÊMICO,3,EM FUNCIONAMENTO
Universidade Federal de Catalão,GEOGRAFIA,MESTRADO,ACADÊMICO,4,EM FUNCIONAMENTO
Universidade Federal de Catalão,MODELAGEM E OTIMIZAÇÃO,MESTRADO,ACADÊMICO,3,EM FUNCIONAMENTO
Universidade Federal de Catalão,QUÍMICA,MESTRADO,ACADÊMICO,3,EM FUNCIONAMENTO
Universidade Federal de Catalão,GESTÃO ORGANIZACIONAL,MESTRADO PROFISSIONAL,PROFISSIONAL,4,EM FUNCIONAMENTO
Universidade Federal de Catalão,HISTORIA,MESTRADO PROFISSIONAL,PROFISSIONAL,3,EM FUNCIONAMENTO
Universidade Federal de Catalão,ESTUDOS DA LINGUAGEM,MESTRADO/DOUTORADO,ACADÊMICO,4,EM FUNCIONAMENTO
Universidade Federal de Ciências da Saúde de Porto Alegre,CIÊNCIAS DA NUTRIÇÃO,MESTRADO,ACADÊMICO,3,EM FUNCIONAMENTO
Universidade Federal de Ciências da Saúde de Porto Alegre,MEDICINA (HEPATOLOGIA),MESTRADO,ACADÊMICO,3,EM FUNCIONAMENTO
Universidade Federal de Ciências da Saúde de Porto Alegre,PSICOLOGIA E SAÚDE,MESTRADO,ACADÊMICO,4,EM FUNCIONAMENTO
Universidade Federal de Ciências da Saúde de Porto Alegre,TECNOLOGIAS DA INFORMAÇÃO E GESTÃO EM SAÚDE,MESTRADO,ACADÊMICO,3,EM FUNCIONAMENTO
Universidade Federal de Ciências da Saúde de Porto Alegre,ENFERMAGEM,MESTRADO PROFISSIONAL,PROFISSIONAL,3,EM FUNCIONAMENTO
Universidade Federal de Ciências da Saúde de Porto Alegre,ENSINO NA SAÚDE,MESTRADO PROFISSIONAL,PROFISSIONAL,4,EM FUNCIONAMENTO
Universidade Federal de Ciências da Saúde de Porto Alegre,BIOCIÊNCIAS,MESTRADO/DOUTORADO,ACADÊMICO,5,EM FUNCIONAMENTO
Universidade Federal de Ciências da Saúde de Porto Alegre,CIÊNCIAS DA REABILITAÇÃO,MESTRADO/DOUTORADO,ACADÊMICO,4,EM FUNCIONAMENTO
Universidade Federal de Ciências da Saúde de Porto Alegre,CIÊNCIAS DA SAÚDE,MESTRADO/DOUTORADO,ACADÊMICO,5,EM FUNCIONAMENTO
Universidade Federal de Ciências da Saúde de Porto Alegre,PATOLOGIA,MESTRADO/DOUTORADO,ACADÊMICO,4,EM FUNCIONAMENTO
Universidade Federal de Ciências da Saúde de Porto Alegre,PEDIATRIA: ATENÇÃO A SAÚDE DA CRIANÇA E DO ADOLESCENTE,MESTRADO/DOUTORADO,ACADÊMICO,3,EM FUNCIONAMENTO
Universidade Federal de Goiás,NANOTECNOLOGIA FARMACÊUTICA,DOUTORADO,ACADÊMICO,4,EM FUNCIONAMENTO
Universidade Federal de Goiás,ARTES DA CENA,MESTRADO,ACADÊMICO,3,EM FUNCIONAMENTO
Universidade Federal de Goiás,ASSISTÊNCIA E AVALIAÇÃO EM SAÚDE,MESTRADO,ACADÊMICO,3,EM FUNCIONAMENTO
Universidade Federal de Goiás,CIÊNCIA POLÍTICA E RELAÇÕES INTERNACIONAIS,MESTRADO,ACADÊMICO,4,EM FUNCIONAMENTO
Universidade Federal de Goiás,CIÊNCIAS CONTÁBEIS,MESTRADO,ACADÊMICO,4,EM FUNCIONAMENTO
Universidade Federal de Goiás,DESENVOLVIMENTO REGIONAL (PPGDR),MESTRADO,ACADÊMICO,A,EM FUNCIONAMENTO
Universidade Federal de Goiás,ECONOMIA,MESTRADO,ACADÊMICO,3,EM FUNCIONAMENTO
Universidade Federal de Goiás,EDUCAÇÃO FÍSICA,MESTRADO,ACADÊMICO,3,EM FUNCIONAMENTO
Universidade Federal de Goiás,ENGENHARIA AMBIENTAL E SANITÁRIA,MESTRADO,ACADÊMICO,3,EM FUNCIONAMENTO
Universidade Federal de Goiás,ENGENHARIA MECÂNICA,MESTRADO,ACADÊMICO,A,EM FUNCIONAMENTO
Universidade Federal de Goiás,ENGENHARIA QUÍMICA,MESTRADO,ACADÊMICO,3,EM FUNCIONAMENTO
Universidade Federal de Goiás,GEOCIÊNCIAS,MESTRADO,ACADÊMICO,A,EM FUNCIONAMENTO
Universidade Federal de Goiás,PROJETO E CIDADE,MESTRADO,ACADÊMICO,4,EM FUNCIONAMENTO
Universidade Federal de Goiás,PSICOLOGIA,MESTRADO,ACADÊMICO,3,EM FUNCIONAMENTO
Universidade Federal de Goiás,SOCIOLOGIA,MESTRADO,ACADÊMICO,4,EM FUNCIONAMENTO
Universidade Federal de Goiás,DIREITO E POLÍTICAS PÚBLICAS,MESTRADO PROFISSIONAL,PROFISSIONAL,4,EM FUNCIONAMENTO
Universidade Federal de Goiás,ENGENHARIA DE PRODUÇÃO,MESTRADO PROFISSIONAL,PROFISSIONAL,3,EM FUNCIONAMENTO
Universidade Federal de Goiás,ENSINO NA EDUCAÇÃO BÁSICA,MESTRADO PROFISSIONAL,PROFISSIONAL,4,EM FUNCIONAMENTO
Universidade Federal de Goiás,ENSINO NA SAÚDE,MESTRADO PROFISSIONAL,PROFISSIONAL,4,EM FUNCIONAMENTO
Universidade Federal de Goiás,SAUDE COLETIVA,MESTRADO PROFISSIONAL,PROFISSIONAL,4,EM FUNCIONAMENTO
Universidade Federal de Goiás,ADMINISTRAÇÃO,MESTRADO/DOUTORADO,ACADÊMICO,4,EM FUNCIONAMENTO
Universidade Federal de Goiás,AGRONEGÓCIO,MESTRADO/DOUTORADO,ACADÊMICO,4,EM FUNCIONAMENTO
Universidade Federal de Goiás,AGRONOMIA,MESTRADO/DOUTORADO,ACADÊMICO,5,EM FUNCIONAMENTO
Universidade Federal de Goiás,ANTROPOLOGIA SOCIAL,MESTRADO/DOUTORADO,ACADÊMICO,5,EM FUNCIONAMENTO
Universidade Federal de Goiás,ARTE E CULTURA VISUAL,MESTRADO/DOUTORADO,ACADÊMICO,4,EM FUNCIONAMENTO
Universidade Federal de Goiás,BIODIVERSIDADE ANIMAL,MESTRADO/DOUTORADO,ACADÊMICO,4,EM FUNCIONAMENTO
Universidade Federal de Goiás,BIOLOGIA DA RELAÇÃO PARASITO-HOSPEDEIRO,MESTRADO/DOUTORADO,ACADÊMICO,5,EM FUNCIONAMENTO
Universidade Federal de Goiás,CIÊNCIA ANIMAL,MESTRADO/DOUTORADO,ACADÊMICO,5,EM FUNCIONAMENTO
Universidade Federal de Goiás,CIÊNCIA DA COMPUTAÇÃO,MESTRADO/DOUTORADO,ACADÊMICO,4,EM FUNCIONAMENTO
Universidade Federal de Goiás,CIÊNCIA E TECNOLOGIA DE ALIMENTOS,MESTRADO/DOUTORADO,ACADÊMICO,4,EM FUNCIONAMENTO
Universidade Federal de Goiás,CIÊNCIAS AMBIENTAIS,MESTRADO/DOUTORADO,ACADÊMICO,6,EM FUNCIONAMENTO
Universidade Federal de Goiás,CIÊNCIAS BIOLÓGICAS,MESTRADO/DOUTORADO,ACADÊMICO,5,EM FUNCIONAMENTO
Universidade Federal de Goiás,CIÊNCIAS DA SAÚDE,MESTRADO/DOUTORADO,ACADÊMICO,4,EM FUNCIONAMENTO
Universidade Federal de Goiás,CIÊNCIAS FARMACÊUTICAS,MESTRADO/DOUTORADO,ACADÊMICO,4,EM FUNCIONAMENTO
Universidade Federal de Goiás,COMUNICAÇÃO,MESTRADO/DOUTORADO,ACADÊMICO,4,EM FUNCIONAMENTO
Universidade Federal de Goiás,DIREITO AGRÁRIO,MESTRADO/DOUTORADO,ACADÊMICO,4,EM FUNCIONAMENTO
Universidade Federal de Goiás,DIREITOS HUMANOS,MESTRADO/DOUTORADO,ACADÊMICO,4,EM FUNCIONAMENTO
Universidade Federal de Goiás,ECOLOGIA E EVOLUÇÃO,MESTRADO/DOUTORADO,ACADÊMICO,7,EM FUNCIONAMENTO
Universidade Federal de Goiás,EDUCAÇÃO,MESTRADO/DOUTORADO,ACADÊMICO,5,EM FUNCIONAMENTO
Universidade Federal de Goiás,EDUCAÇÃO EM CIÊNCIAS E MATEMÁTICA,MESTRADO/DOUTORADO,ACADÊMICO,4,EM FUNCIONAMENTO
Universidade Federal de Goiás,ENFERMAGEM E SAÚDE (PPGENFS),MESTRADO/DOUTORADO,ACADÊMICO,5,EM FUNCIONAMENTO
Universidade Federal de Goiás,ENGENHARIA ELÉTRICA E DE COMPUTAÇÃO,MESTRADO/DOUTORADO,ACADÊMICO,4,EM FUNCIONAMENTO
Universidade Federal de Goiás,FILOSOFIA,MESTRADO/DOUTORADO,ACADÊMICO,5,EM FUNCIONAMENTO
Universidade Federal de Goiás,FÍSICA,MESTRADO/DOUTORADO,ACADÊMICO,6,EM FUNCIONAMENTO
Universidade Federal de Goiás,GENÉTICA E BIOLOGIA MOLECULAR,MESTRADO/DOUTORADO,ACADÊMICO,4,EM FUNCIONAMENTO
Universidade Federal de Goiás,GENÉTICA E MELHORAMENTO DE PLANTAS,MESTRADO/DOUTORADO,ACADÊMICO,5,EM FUNCIONAMENTO
Universidade Federal de Goiás,GEOGRAFIA,MESTRADO/DOUTORADO,ACADÊMICO,6,EM FUNCIONAMENTO
Universidade Federal de Goiás,"GEOTECNIA, ESTRUTURAS E CONSTRUÇÃO CIVIL",MESTRADO/DOUTORADO,ACADÊMICO,4,EM FUNCIONAMENTO
Universidade Federal de Goiás,HISTÓRIA,MESTRADO/DOUTORADO,ACADÊMICO,6,EM FUNCIONAMENTO
Universidade Federal de Goiás,LETRAS E LINGUÍSTICA,MESTRADO/DOUTORADO,ACADÊMICO,6,EM FUNCIONAMENTO
Universidade Federal de Goiás,MATEMÁTICA,MESTRADO/DOUTORADO,ACADÊMICO,5,EM FUNCIONAMENTO
Universidade Federal de Goiás,MEDICINA TROPICAL E SAÚDE PÚBLICA,MESTRADO/DOUTORADO,ACADÊMICO,6,EM FUNCIONAMENTO
Universidade Federal de Goiás,NUTRIÇÃO E SAÚDE,MESTRADO/DOUTORADO,ACADÊMICO,4,EM FUNCIONAMENTO
Universidade Federal de Goiás,ODONTOLOGIA,MESTRADO/DOUTORADO,ACADÊMICO,5,EM FUNCIONAMENTO
Universidade Federal de Goiás,PERFORMANCES CULTURAIS,MESTRADO/DOUTORADO,ACADÊMICO,4,EM FUNCIONAMENTO
Universidade Federal de Goiás,QUÍMICA,MESTRADO/DOUTORADO,ACADÊMICO,6,EM FUNCIONAMENTO
Universidade Federal de Goiás,ZOOTECNIA,MESTRADO/DOUTORADO,ACADÊMICO,4,EM FUNCIONAMENTO
Universidade Federal de Itajubá,CIÊNCIA E TECNOLOGIA DA COMPUTAÇÃO,MESTRADO,ACADÊMICO,3,EM FUNCIONAMENTO
Universidade Federal de Itajubá,"DESENVOLVIMENTO, TECNOLOGIAS E SOCIEDADE",MESTRADO,ACADÊMICO,4,EM FUNCIONAMENTO
Universidade Federal de Itajubá,EDUCAÇÃO EM CIÊNCIAS,MESTRADO,ACADÊMICO,4,EM FUNCIONAMENTO
Universidade Federal de Itajubá,ENGENHARIA DE ENERGIA,MESTRADO,ACADÊMICO,4,EM FUNCIONAMENTO
Universidade Federal de Itajubá,FÍSICA,MESTRADO,ACADÊMICO,4,EM FUNCIONAMENTO
Universidade Federal de Itajubá,MATEMÁTICA,MESTRADO,ACADÊMICO,4,EM FUNCIONAMENTO
Universidade Federal de Itajubá,ADMINISTRAÇÃO,MESTRADO PROFISSIONAL,PROFISSIONAL,3,EM FUNCIONAMENTO
Universidade Federal de Itajubá,ENGENHARIA DE MATERIAIS,MESTRADO PROFISSIONAL,PROFISSIONAL,3,EM FUNCIONAMENTO
Universidade Federal de Itajubá,ENGENHARIA DE PRODUÇÃO,MESTRADO PROFISSIONAL,PROFISSIONAL,1,EM DESATIVACAO
Universidade Federal de Itajubá,ENGENHARIA HÍDRICA,MESTRADO PROFISSIONAL,PROFISSIONAL,4,EM FUNCIONAMENTO
Universidade Federal de Itajubá,ENGENHARIA DE PRODUÇÃO,MESTRADO/DOUTORADO,ACADÊMICO,5,EM FUNCIONAMENTO
Universidade Federal de Itajubá,ENGENHARIA ELÉTRICA,MESTRADO/DOUTORADO,ACADÊMICO,5,EM FUNCIONAMENTO
Universidade Federal de Itajubá,ENGENHARIA MECÂNICA,MESTRADO/DOUTORADO,ACADÊMICO,4,EM FUNCIONAMENTO
Universidade Federal de Itajubá,MEIO AMBIENTE E RECURSOS HÍDRICOS,MESTRADO/DOUTORADO,ACADÊMICO,4,EM FUNCIONAMENTO
Universidade Federal de Itajubá,MULTICÊNTRICO EM QUÍMICA DE MINAS GERAIS,MESTRADO/DOUTORADO,ACADÊMICO,4,EM FUNCIONAMENTO
Universidade Federal de Jataí,AGRONOMIA (PRODUÇÃO VEGETAL),MESTRADO,ACADÊMICO,3,EM FUNCIONAMENTO
Universidade Federal de Jataí,BIOCIÊNCIA ANIMAL,MESTRADO,ACADÊMICO,4,EM FUNCIONAMENTO
Universidade Federal de Jataí,BIODIVERSIDADE,MESTRADO,ACADÊMICO,A,EM FUNCIONAMENTO
Universidade Federal de Jataí,CIÊNCIAS APLICADAS À SAÚDE,MESTRADO,ACADÊMICO,4,EM FUNCIONAMENTO
Universidade Federal de Jataí,DIREITO,MESTRADO,ACADÊMICO,A,EM FUNCIONAMENTO
Universidade Federal de Jataí,EDUCAÇÃO,MESTRADO,ACADÊMICO,4,EM FUNCIONAMENTO
Universidade Federal de Jataí,QUÍMICA,MESTRADO,ACADÊMICO,3,EM FUNCIONAMENTO
Universidade Federal de Jataí,GEOGRAFIA,MESTRADO/DOUTORADO,ACADÊMICO,4,EM FUNCIONAMENTO
Universidade Federal de Juiz de Fora,ADMINISTRAÇÃO,MESTRADO,ACADÊMICO,3,EM FUNCIONAMENTO
Universidade Federal de Juiz de Fora,AMBIENTE CONSTRUÍDO,MESTRADO,ACADÊMICO,4,EM FUNCIONAMENTO
Universidade Federal de Juiz de Fora,CIÊNCIA DA COMPUTAÇÃO,MESTRADO,ACADÊMICO,4,EM FUNCIONAMENTO
Universidade Federal de Juiz de Fora,CIÊNCIAS DA REABILITAÇÃO E DESEMPENHO FÍSICO-FUNCIONAL,MESTRADO,ACADÊMICO,3,EM FUNCIONAMENTO
Universidade Federal de Juiz de Fora,DIREITO E INOVAÇÃO,MESTRADO,ACADÊMICO,4,EM FUNCIONAMENTO
Universidade Federal de Juiz de Fora,ENFERMAGEM,MESTRADO,ACADÊMICO,4,EM FUNCIONAMENTO
Universidade Federal de Juiz de Fora,FILOSOFIA,MESTRADO,ACADÊMICO,3,EM FUNCIONAMENTO
Universidade Federal de Juiz de Fora,GEOGRAFIA,MESTRADO,ACADÊMICO,5,EM FUNCIONAMENTO
Universidade Federal de Juiz de Fora,MATEMÁTICA,MESTRADO,ACADÊMICO,4,EM FUNCIONAMENTO
Universidade Federal de Juiz de Fora,CIÊNCIA E TECNOLOGIA DO LEITE E DERIVADOS,MESTRADO PROFISSIONAL,PROFISSIONAL,4,EM FUNCIONAMENTO
Universidade Federal de Juiz de Fora,GESTÃO E AVALIAÇÃO DA EDUCAÇÃO PÚBLICA,MESTRADO PROFISSIONAL,PROFISSIONAL,3,EM FUNCIONAMENTO
Universidade Federal de Juiz de Fora,EDUCAÇÃO MATEMÁTICA,MESTRADO PROFISSIONAL/DOUTORADO PROFISSIONAL,PROFISSIONAL,4,EM FUNCIONAMENTO
Universidade Federal de Juiz de Fora,"ARTES, CULTURA E LINGUAGENS",MESTRADO/DOUTORADO,ACADÊMICO,4,EM FUNCIONAMENTO
Universidade Federal de Juiz de Fora,BIODIVERSIDADE E CONSERVAÇÃO DA NATUREZA,MESTRADO/DOUTORADO,ACADÊMICO,5,EM FUNCIONAMENTO
Universidade Federal de Juiz de Fora,CIÊNCIA DA RELIGIÃO,MESTRADO/DOUTORADO,ACADÊMICO,5,EM FUNCIONAMENTO
Universidade Federal de Juiz de Fora,CIÊNCIAS BIOLÓGICAS,MESTRADO/DOUTORADO,ACADÊMICO,4,EM FUNCIONAMENTO
Universidade Federal de Juiz de Fora,CIÊNCIAS FARMACÊUTICAS,MESTRADO/DOUTORADO,ACADÊMICO,4,EM FUNCIONAMENTO
Universidade Federal de Juiz de Fora,CIÊNCIAS SOCIAIS,MESTRADO/DOUTORADO,ACADÊMICO,4,EM FUNCIONAMENTO
Universidade Federal de Juiz de Fora,COMUNICAÇÃO,MESTRADO/DOUTORADO,ACADÊMICO,5,EM FUNCIONAMENTO
Universidade Federal de Juiz de Fora,ECONOMIA,MESTRADO/DOUTORADO,ACADÊMICO,5,EM FUNCIONAMENTO
Universidade Federal de Juiz de Fora,EDUCAÇÃO,MESTRADO/DOUTORADO,ACADÊMICO,4,EM FUNCIONAMENTO
Universidade Federal de Juiz de Fora,ENGENHARIA CIVIL,MESTRADO/DOUTORADO,ACADÊMICO,4,EM FUNCIONAMENTO
Universidade Federal de Juiz de Fora,ENGENHARIA ELÉTRICA,MESTRADO/DOUTORADO,ACADÊMICO,5,EM FUNCIONAMENTO
Universidade Federal de Juiz de Fora,FÍSICA,MESTRADO/DOUTORADO,ACADÊMICO,5,EM FUNCIONAMENTO
Universidade Federal de Juiz de Fora,HISTÓRIA,MESTRADO/DOUTORADO,ACADÊMICO,6,EM FUNCIONAMENTO
Universidade Federal de Juiz de Fora,LETRAS: ESTUDOS LITERÁRIOS,MESTRADO/DOUTORADO,ACADÊMICO,5,EM FUNCIONAMENTO
Universidade Federal de Juiz de Fora,LINGÜÍSTICA,MESTRADO/DOUTORADO,ACADÊMICO,6,EM FUNCIONAMENTO
Universidade Federal de Juiz de Fora,MODELAGEM COMPUTACIONAL,MESTRADO/DOUTORADO,ACADÊMICO,5,EM FUNCIONAMENTO
Universidade Federal de Juiz de Fora,ODONTOLOGIA,MESTRADO/DOUTORADO,ACADÊMICO,4,EM FUNCIONAMENTO
Universidade Federal de Juiz de Fora,PSICOLOGIA,MESTRADO/DOUTORADO,ACADÊMICO,5,EM FUNCIONAMENTO
Universidade Federal de Juiz de Fora,QUÍMICA,MESTRADO/DOUTORADO,ACADÊMICO,5,EM FUNCIONAMENTO
Universidade Federal de Juiz de Fora,SAÚDE,MESTRADO/DOUTORADO,ACADÊMICO,6,EM FUNCIONAMENTO
Universidade Federal de Juiz de Fora,SAÚDE COLETIVA,MESTRADO/DOUTORADO,ACADÊMICO,4,EM FUNCIONAMENTO
Universidade Federal de Juiz de Fora,SERVIÇO SOCIAL,MESTRADO/DOUTORADO,ACADÊMICO,5,EM FUNCIONAMENTO
Universidade Federal de Lavras,CIÊNCIA DA COMPUTAÇÃO,MESTRADO,ACADÊMICO,4,EM FUNCIONAMENTO
Universidade Federal de Lavras,CIÊNCIAS DA SAÚDE,MESTRADO,ACADÊMICO,3,EM FUNCIONAMENTO
Universidade Federal de Lavras,EDUCAÇÃO CIENTÍFICA E AMBIENTAL,MESTRADO,ACADÊMICO,3,EM FUNCIONAMENTO
Universidade Federal de Lavras,ENGENHARIA AMBIENTAL,MESTRADO,ACADÊMICO,3,EM FUNCIONAMENTO
Universidade Federal de Lavras,ENGENHARIA DE ALIMENTOS,MESTRADO,ACADÊMICO,3,EM FUNCIONAMENTO
Universidade Federal de Lavras,ENGENHARIA DE SISTEMAS E AUTOMAÇÃO,MESTRADO,ACADÊMICO,4,EM FUNCIONAMENTO
Universidade Federal de Lavras,ENGENHARIA QUÍMICA E DE MATERIAIS,MESTRADO,ACADÊMICO,A,EM FUNCIONAMENTO
Universidade Federal de Lavras,FILOSOFIA,MESTRADO,ACADÊMICO,3,EM FUNCIONAMENTO
Universidade Federal de Lavras,FÍSICA,MESTRADO,ACADÊMICO,3,EM FUNCIONAMENTO
Universidade Federal de Lavras,LETRAS,MESTRADO,ACADÊMICO,3,EM FUNCIONAMENTO
Universidade Federal de Lavras,NUTRIÇÃO E SAÚDE,MESTRADO,ACADÊMICO,3,EM FUNCIONAMENTO
Universidade Federal de Lavras,ADMINISTRAÇÃO PÚBLICA,MESTRADO PROFISSIONAL,PROFISSIONAL,3,EM FUNCIONAMENTO
Universidade Federal de Lavras,CIÊNCIA E TECNOLOGIA DA PRODUÇÃO ANIMAL,MESTRADO PROFISSIONAL,PROFISSIONAL,3,EM FUNCIONAMENTO
Universidade Federal de Lavras,DESENVOLVIMENTO SUSTENTÁVEL E EXTENSÃO,MESTRADO PROFISSIONAL,PROFISSIONAL,4,EM FUNCIONAMENTO
Universidade Federal de Lavras,EDUCAÇÃO,MESTRADO PROFISSIONAL,PROFISSIONAL,4,EM FUNCIONAMENTO
Universidade Federal de Lavras,ENSINO DE CIÊNCIAS E EDUCAÇÃO MATEMÁTICA,MESTRADO PROFISSIONAL,PROFISSIONAL,3,EM FUNCIONAMENTO
Universidade Federal de Lavras,GENÉTICA E MELHORAMENTO DE PLANTAS,MESTRADO PROFISSIONAL,PROFISSIONAL,4,EM FUNCIONAMENTO
Universidade Federal de Lavras,TECNOLOGIAS E INOVAÇÕES AMBIENTAIS,MESTRADO PROFISSIONAL,PROFISSIONAL,3,EM FUNCIONAMENTO
Universidade Federal de Lavras,ADMINISTRAÇÃO,MESTRADO/DOUTORADO,ACADÊMICO,5,EM FUNCIONAMENTO
Universidade Federal de Lavras,AGRONOMIA (FISIOLOGIA VEGETAL),MESTRADO/DOUTORADO,ACADÊMICO,5,EM FUNCIONAMENTO
Universidade Federal de Lavras,AGRONOMIA (FITOPATOLOGIA),MESTRADO/DOUTORADO,ACADÊMICO,5,EM FUNCIONAMENTO
Universidade Federal de Lavras,AGRONOMIA (FITOTECNIA),MESTRADO/DOUTORADO,ACADÊMICO,6,EM FUNCIONAMENTO
Universidade Federal de Lavras,AGROQUÍMICA,MESTRADO/DOUTORADO,ACADÊMICO,5,EM FUNCIONAMENTO
Universidade Federal de Lavras,BIOTECNOLOGIA VEGETAL,MESTRADO/DOUTORADO,ACADÊMICO,5,EM FUNCIONAMENTO
Universidade Federal de Lavras,BOTÂNICA APLICADA,MESTRADO/DOUTORADO,ACADÊMICO,5,EM FUNCIONAMENTO
Universidade Federal de Lavras,CIÊNCIA DO SOLO,MESTRADO/DOUTORADO,ACADÊMICO,7,EM FUNCIONAMENTO
Universidade Federal de Lavras,CIÊNCIA E TECNOLOGIA DA MADEIRA,MESTRADO/DOUTORADO,ACADÊMICO,5,EM FUNCIONAMENTO
Universidade Federal de Lavras,CIÊNCIAS DOS ALIMENTOS,MESTRADO/DOUTORADO,ACADÊMICO,6,EM FUNCIONAMENTO
Universidade Federal de Lavras,CIÊNCIAS VETERINÁRIAS,MESTRADO/DOUTORADO,ACADÊMICO,5,EM FUNCIONAMENTO
Universidade Federal de Lavras,ECOLOGIA APLICADA,MESTRADO/DOUTORADO,ACADÊMICO,6,EM FUNCIONAMENTO
Universidade Federal de Lavras,ENGENHARIA AGRÍCOLA,MESTRADO/DOUTORADO,ACADÊMICO,5,EM FUNCIONAMENTO
Universidade Federal de Lavras,ENGENHARIA DE BIOMATERIAIS,MESTRADO/DOUTORADO,ACADÊMICO,6,EM FUNCIONAMENTO
Universidade Federal de Lavras,ENGENHARIA FLORESTAL,MESTRADO/DOUTORADO,ACADÊMICO,5,EM FUNCIONAMENTO
Universidade Federal de Lavras,ENTOMOLOGIA,MESTRADO/DOUTORADO,ACADÊMICO,6,EM FUNCIONAMENTO
Universidade Federal de Lavras,ESTATÍSTICA E EXPERIMENTAÇÃO AGROPECUÁRIA,MESTRADO/DOUTORADO,ACADÊMICO,5,EM FUNCIONAMENTO
Universidade Federal de Lavras,GENÉTICA E MELHORAMENTO DE PLANTAS,MESTRADO/DOUTORADO,ACADÊMICO,7,EM FUNCIONAMENTO
Universidade Federal de Lavras,MICROBIOLOGIA AGRÍCOLA,MESTRADO/DOUTORADO,ACADÊMICO,6,EM FUNCIONAMENTO
Universidade Federal de Lavras,"PLANTAS MEDICINAIS, AROMÁTICAS E CONDIMENTARES",MESTRADO/DOUTORADO,ACADÊMICO,4,EM FUNCIONAMENTO
Universidade Federal de Lavras,RECURSOS HÍDRICOS,MESTRADO/DOUTORADO,ACADÊMICO,5,EM FUNCIONAMENTO
Universidade Federal de Lavras,ZOOTECNIA,MESTRADO/DOUTORADO,ACADÊMICO,6,EM FUNCIONAMENTO
Universidade Federal de Mato Grosso,AGRONOMIA,MESTRADO,ACADÊMICO,3,EM FUNCIONAMENTO
Universidade Federal de Mato Grosso,ANTROPOLOGIA SOCIAL,MESTRADO,ACADÊMICO,4,EM FUNCIONAMENTO
Universidade Federal de Mato Grosso,BIOLOGIA VEGETAL,MESTRADO,ACADÊMICO,A,EM FUNCIONAMENTO
Universidade Federal de Mato Grosso,CIÊNCIA DE MATERIAIS,MESTRADO,ACADÊMICO,4,EM FUNCIONAMENTO
Universidade Federal de Mato Grosso,CIÊNCIAS AMBIENTAIS,MESTRADO,ACADÊMICO,3,EM FUNCIONAMENTO
Universidade Federal de Mato Grosso,CIÊNCIAS EM SAÚDE,MESTRADO,ACADÊMICO,4,EM FUNCIONAMENTO
Universidade Federal de Mato Grosso,CIÊNCIAS FLORESTAIS E AMBIENTAIS,MESTRADO,ACADÊMICO,4,EM FUNCIONAMENTO
Universidade Federal de Mato Grosso,COMPUTAÇÃO APLICADA,MESTRADO,ACADÊMICO,A,EM FUNCIONAMENTO
Universidade Federal de Mato Grosso,COMUNICAÇÃO,MESTRADO,ACADÊMICO,3,EM FUNCIONAMENTO
Universidade Federal de Mato Grosso,DIREITO,MESTRADO,ACADÊMICO,4,EM FUNCIONAMENTO
Universidade Federal de Mato Grosso,ECONOMIA,MESTRADO,ACADÊMICO,4,EM FUNCIONAMENTO
Universidade Federal de Mato Grosso,EDUCAÇÃO FÍSICA,MESTRADO,ACADÊMICO,3,EM FUNCIONAMENTO
Universidade Federal de Mato Grosso,FILOSOFIA,MESTRADO,ACADÊMICO,4,EM FUNCIONAMENTO
Universidade Federal de Mato Grosso,GEOCIÊNCIAS,MESTRADO,ACADÊMICO,3,EM FUNCIONAMENTO
Universidade Federal de Mato Grosso,GEOGRAFIA,MESTRADO,ACADÊMICO,4,EM FUNCIONAMENTO
Universidade Federal de Mato Grosso,IMUNOLOGIA E PARASITOLOGIA BÁSICAS E APLICADAS,MESTRADO,ACADÊMICO,4,EM FUNCIONAMENTO
Universidade Federal de Mato Grosso,"NUTRIÇÃO, ALIMENTOS E METABOLISMO",MESTRADO,ACADÊMICO,4,EM FUNCIONAMENTO
Universidade Federal de Mato Grosso,PSICOLOGIA,MESTRADO,ACADÊMICO,3,EM FUNCIONAMENTO
Universidade Federal de Mato Grosso,QUÍMICA,MESTRADO,ACADÊMICO,3,EM FUNCIONAMENTO
Universidade Federal de Mato Grosso,RECURSOS HÍDRICOS,MESTRADO,ACADÊMICO,3,EM FUNCIONAMENTO
Universidade Federal de Mato Grosso,SOCIOLOGIA,MESTRADO,ACADÊMICO,3,EM FUNCIONAMENTO
Universidade Federal de Mato Grosso,ZOOLOGIA,MESTRADO,ACADÊMICO,4,EM FUNCIONAMENTO
Universidade Federal de Mato Grosso,ZOOTECNIA,MESTRADO,ACADÊMICO,4,EM FUNCIONAMENTO
Universidade Federal de Mato Grosso,ENSINO DE CIÊNCIAS DA NATUREZA E MATEMÁTICA,MESTRADO PROFISSIONAL,PROFISSIONAL,3,EM FUNCIONAMENTO
Universidade Federal de Mato Grosso,ENSINO DE CIÊNCIAS NATURAIS,MESTRADO PROFISSIONAL,PROFISSIONAL,4,EM FUNCIONAMENTO
Universidade Federal de Mato Grosso,MÚSICA,MESTRADO PROFISSIONAL,PROFISSIONAL,A,EM FUNCIONAMENTO
Universidade Federal de Mato Grosso,AGRICULTURA TROPICAL,MESTRADO/DOUTORADO,ACADÊMICO,5,EM FUNCIONAMENTO
Universidade Federal de Mato Grosso,CIÊNCIA ANIMAL,MESTRADO/DOUTORADO,ACADÊMICO,4,EM FUNCIONAMENTO
Universidade Federal de Mato Grosso,CIÊNCIAS DA SAÚDE,MESTRADO/DOUTORADO,ACADÊMICO,5,EM FUNCIONAMENTO
Universidade Federal de Mato Grosso,CIÊNCIAS VETERINÁRIAS,MESTRADO/DOUTORADO,ACADÊMICO,5,EM FUNCIONAMENTO
Universidade Federal de Mato Grosso,ECOLOGIA E CONSERVAÇÃO DA BIODIVERSIDADE,MESTRADO/DOUTORADO,ACADÊMICO,5,EM FUNCIONAMENTO
Universidade Federal de Mato Grosso,EDUCAÇÃO,MESTRADO/DOUTORADO,ACADÊMICO,4,EM FUNCIONAMENTO
Universidade Federal de Mato Grosso,ENFERMAGEM,MESTRADO/DOUTORADO,ACADÊMICO,4,EM FUNCIONAMENTO
Universidade Federal de Mato Grosso,ESTUDOS DE CULTURA CONTEMPORÂNEA,MESTRADO/DOUTORADO,ACADÊMICO,5,EM FUNCIONAMENTO
Universidade Federal de Mato Grosso,ESTUDOS DE LINGUAGEM,MESTRADO/DOUTORADO,ACADÊMICO,5,EM FUNCIONAMENTO
Universidade Federal de Mato Grosso,FÍSICA,MESTRADO/DOUTORADO,ACADÊMICO,4,EM FUNCIONAMENTO
Universidade Federal de Mato Grosso,FÍSICA AMBIENTAL,MESTRADO/DOUTORADO,ACADÊMICO,4,EM FUNCIONAMENTO
Universidade Federal de Mato Grosso,HISTÓRIA,MESTRADO/DOUTORADO,ACADÊMICO,4,EM FUNCIONAMENTO
Universidade Federal de Mato Grosso,POLÍTICA SOCIAL,MESTRADO/DOUTORADO,ACADÊMICO,4,EM FUNCIONAMENTO
Universidade Federal de Mato Grosso,SAUDE COLETIVA,MESTRADO/DOUTORADO,ACADÊMICO,4,EM FUNCIONAMENTO
Universidade Federal de Mato Grosso do Sul,ANTROPOLOGIA SOCIAL,MESTRADO,ACADÊMICO,3,EM FUNCIONAMENTO
Universidade Federal de Mato Grosso do Sul,CIÊNCIAS CONTÁBEIS,MESTRADO,ACADÊMICO,3,EM FUNCIONAMENTO
Universidade Federal de Mato Grosso do Sul,CIÊNCIAS DO MOVIMENTO,MESTRADO,ACADÊMICO,3,EM FUNCIONAMENTO
Universidade Federal de Mato Grosso do Sul,DIREITO,MESTRADO,ACADÊMICO,4,EM FUNCIONAMENTO
Universidade Federal de Mato Grosso do Sul,ENFERMAGEM,MESTRADO,ACADÊMICO,3,EM FUNCIONAMENTO
Universidade Federal de Mato Grosso do Sul,ENFERMAGEM,MESTRADO,ACADÊMICO,3,EM FUNCIONAMENTO
Universidade Federal de Mato Grosso do Sul,ENGENHARIA DE PRODUÇÃO,MESTRADO,ACADÊMICO,A,EM FUNCIONAMENTO
Universidade Federal de Mato Grosso do Sul,ENGENHARIA ELÉTRICA,MESTRADO,ACADÊMICO,3,EM FUNCIONAMENTO
Universidade Federal de Mato Grosso do Sul,ESTUDOS CULTURAIS,MESTRADO,ACADÊMICO,3,EM FUNCIONAMENTO
Universidade Federal de Mato Grosso do Sul,GEOGRAFIA,MESTRADO,ACADÊMICO,3,EM FUNCIONAMENTO
Universidade Federal de Mato Grosso do Sul,PSICOLOGIA,MESTRADO,ACADÊMICO,4,EM FUNCIONAMENTO
Universidade Federal de Mato Grosso do Sul,PÓS GRADUAÇÃO EM EDUCAÇÃO,MESTRADO,ACADÊMICO,3,EM FUNCIONAMENTO
Universidade Federal de Mato Grosso do Sul,RECURSOS NATURAIS,MESTRADO,ACADÊMICO,4,EM FUNCIONAMENTO
Universidade Federal de Mato Grosso do Sul,COMPUTAÇÃO APLICADA,MESTRADO PROFISSIONAL,PROFISSIONAL,3,EM FUNCIONAMENTO
Universidade Federal de Mato Grosso do Sul,EFICIÊNCIA ENERGÉTICA E SUSTENTABILIDADE,MESTRADO PROFISSIONAL,PROFISSIONAL,4,EM FUNCIONAMENTO
Universidade Federal de Mato Grosso do Sul,ESTUDOS FRONTEIRIÇOS,MESTRADO PROFISSIONAL,PROFISSIONAL,4,EM FUNCIONAMENTO
Universidade Federal de Mato Grosso do Sul,SAÚDE DA FAMILIA,MESTRADO PROFISSIONAL,PROFISSIONAL,4,EM FUNCIONAMENTO
Universidade Federal de Mato Grosso do Sul,ADMINISTRAÇÃO,MESTRADO/DOUTORADO,ACADÊMICO,4,EM FUNCIONAMENTO
Universidade Federal de Mato Grosso do Sul,AGRONOMIA,MESTRADO/DOUTORADO,ACADÊMICO,4,EM FUNCIONAMENTO
Universidade Federal de Mato Grosso do Sul,BIOLOGIA ANIMAL,MESTRADO/DOUTORADO,ACADÊMICO,4,EM FUNCIONAMENTO
Universidade Federal de Mato Grosso do Sul,BIOLOGIA VEGETAL,MESTRADO/DOUTORADO,ACADÊMICO,4,EM FUNCIONAMENTO
Universidade Federal de Mato Grosso do Sul,BIOTECNOLOGIA,MESTRADO/DOUTORADO,ACADÊMICO,4,EM FUNCIONAMENTO
Universidade Federal de Mato Grosso do Sul,CIÊNCIA ANIMAL,MESTRADO/DOUTORADO,ACADÊMICO,4,EM FUNCIONAMENTO
Universidade Federal de Mato Grosso do Sul,CIÊNCIA DA COMPUTAÇÃO,MESTRADO/DOUTORADO,ACADÊMICO,4,EM FUNCIONAMENTO
Universidade Federal de Mato Grosso do Sul,CIÊNCIA DOS MATERIAIS,MESTRADO/DOUTORADO,ACADÊMICO,4,EM FUNCIONAMENTO
Universidade Federal de Mato Grosso do Sul,CIÊNCIAS VETERINÁRIAS,MESTRADO/DOUTORADO,ACADÊMICO,4,EM FUNCIONAMENTO
Universidade Federal de Mato Grosso do Sul,COMUNICAÇÃO,MESTRADO/DOUTORADO,ACADÊMICO,4,EM FUNCIONAMENTO
Universidade Federal de Mato Grosso do Sul,DOENÇAS INFECCIOSAS E PARASITÁRIAS,MESTRADO/DOUTORADO,ACADÊMICO,6,EM FUNCIONAMENTO
Universidade Federal de Mato Grosso do Sul,ECOLOGIA E CONSERVAÇÃO,MESTRADO/DOUTORADO,ACADÊMICO,6,EM FUNCIONAMENTO
Universidade Federal de Mato Grosso do Sul,EDUCAÇÃO,MESTRADO/DOUTORADO,ACADÊMICO,4,EM FUNCIONAMENTO
Universidade Federal de Mato Grosso do Sul,EDUCAÇÃO,MESTRADO/DOUTORADO,ACADÊMICO,4,EM FUNCIONAMENTO
Universidade Federal de Mato Grosso do Sul,EDUCAÇÃO MATEMÁTICA,MESTRADO/DOUTORADO,ACADÊMICO,5,EM FUNCIONAMENTO
Universidade Federal de Mato Grosso do Sul,ENSINO DE CIÊNCIAS,MESTRADO/DOUTORADO,ACADÊMICO,4,EM FUNCIONAMENTO
Universidade Federal de Mato Grosso do Sul,ESTUDOS DE LINGUAGENS,MESTRADO/DOUTORADO,ACADÊMICO,4,EM FUNCIONAMENTO
Universidade Federal de Mato Grosso do Sul,FARMÁCIA,MESTRADO/DOUTORADO,ACADÊMICO,4,EM FUNCIONAMENTO
Universidade Federal de Mato Grosso do Sul,GEOGRAFIA,MESTRADO/DOUTORADO,ACADÊMICO,4,EM FUNCIONAMENTO
Universidade Federal de Mato Grosso do Sul,LETRAS,MESTRADO/DOUTORADO,ACADÊMICO,5,EM FUNCIONAMENTO
Universidade Federal de Mato Grosso do Sul,QUÍMICA,MESTRADO/DOUTORADO,ACADÊMICO,5,EM FUNCIONAMENTO
Universidade Federal de Mato Grosso do Sul,SAÚDE E DESENVOLVIMENTO NA REGIÃO CENTRO-OESTE,MESTRADO/DOUTORADO,ACADÊMICO,5,EM FUNCIONAMENTO
Universidade Federal de Mato Grosso do Sul,TECNOLOGIAS AMBIENTAIS,MESTRADO/DOUTORADO,ACADÊMICO,5,EM FUNCIONAMENTO
Universidade Federal de Minas Gerais,ALIMENTOS E SAÚDE,MESTRADO,ACADÊMICO,3,EM FUNCIONAMENTO
Universidade Federal de Minas Gerais,CIÊNCIAS FLORESTAIS,MESTRADO,ACADÊMICO,3,EM FUNCIONAMENTO
Universidade Federal de Minas Gerais,CONSTRUÇÃO CIVIL,MESTRADO,ACADÊMICO,4,EM FUNCIONAMENTO
Universidade Federal de Minas Gerais,ESTUDOS DA OCUPAÇÃO,MESTRADO,ACADÊMICO,3,EM FUNCIONAMENTO
Universidade Federal de Minas Gerais,GEOTECNIA E TRANSPORTES,MESTRADO,ACADÊMICO,3,EM FUNCIONAMENTO
Universidade Federal de Minas Gerais,PRODUÇÃO ANIMAL,MESTRADO,ACADÊMICO,4,EM FUNCIONAMENTO
Universidade Federal de Minas Gerais,SAÚDE DA MULHER,MESTRADO,ACADÊMICO,3,EM FUNCIONAMENTO
Universidade Federal de Minas Gerais,"SOCIEDADE, AMBIENTE E TERRITÓRIO",MESTRADO,ACADÊMICO,4,EM FUNCIONAMENTO
Universidade Federal de Minas Gerais,EDUCAÇÃO E DOCÊNCIA,MESTRADO PROFISSIONAL,PROFISSIONAL,4,EM FUNCIONAMENTO
Universidade Federal de Minas Gerais,"ENGENHARIA METALÚRGICA, MATERIAIS E DE MINAS",MESTRADO PROFISSIONAL,PROFISSIONAL,3,EM FUNCIONAMENTO
Universidade Federal de Minas Gerais,GESTÃO DE SERVIÇOS DE SAÚDE,MESTRADO PROFISSIONAL,PROFISSIONAL,3,EM FUNCIONAMENTO
Universidade Federal de Minas Gerais,INOVAÇÃO TECNOLÓGICA E PROPRIEDADE INTELECTUAL,MESTRADO PROFISSIONAL,PROFISSIONAL,5,EM FUNCIONAMENTO
Universidade Federal de Minas Gerais,MICROBIOLOGIA APLICADA,MESTRADO PROFISSIONAL,PROFISSIONAL,3,EM FUNCIONAMENTO
Universidade Federal de Minas Gerais,ODONTOLOGIA EM SAÚDE PÚBLICA,MESTRADO PROFISSIONAL,PROFISSIONAL,5,EM FUNCIONAMENTO
Universidade Federal de Minas Gerais,PROFBIO ENSINO DE BIOLOGIA EM REDE NACIONAL,MESTRADO PROFISSIONAL,PROFISSIONAL,5,EM FUNCIONAMENTO
Universidade Federal de Minas Gerais,PROMOÇÃO DE SAÚDE E PREVENÇÃO DA VIOLÊNCIA,MESTRADO PROFISSIONAL,PROFISSIONAL,5,EM FUNCIONAMENTO
Universidade Federal de Minas Gerais,ADMINISTRAÇÃO,MESTRADO/DOUTORADO,ACADÊMICO,4,EM FUNCIONAMENTO
Universidade Federal de Minas Gerais,AMBIENTE CONSTRUÍDO E PATRIMÔNIO SUSTENTÁVEL,MESTRADO/DOUTORADO,ACADÊMICO,4,EM FUNCIONAMENTO
Universidade Federal de Minas Gerais,ANTROPOLOGIA,MESTRADO/DOUTORADO,ACADÊMICO,5,EM FUNCIONAMENTO
Universidade Federal de Minas Gerais,ANÁLISE E MODELAGEM DE SISTEMAS AMBIENTAIS,MESTRADO/DOUTORADO,ACADÊMICO,4,EM FUNCIONAMENTO
Universidade Federal de Minas Gerais,ANÁLISES CLÍNICAS E TOXICOLÓGICAS,MESTRADO/DOUTORADO,ACADÊMICO,4,EM FUNCIONAMENTO
Universidade Federal de Minas Gerais,ARQUITETURA E URBANISMO,MESTRADO/DOUTORADO,ACADÊMICO,7,EM FUNCIONAMENTO
Universidade Federal de Minas Gerais,ARTES,MESTRADO/DOUTORADO,ACADÊMICO,6,EM FUNCIONAMENTO
Universidade Federal de Minas Gerais,BIOINFORMÁTICA,MESTRADO/DOUTORADO,ACADÊMICO,7,EM FUNCIONAMENTO
Universidade Federal de Minas Gerais,BIOLOGIA CELULAR,MESTRADO/DOUTORADO,ACADÊMICO,7,EM FUNCIONAMENTO
Universidade Federal de Minas Gerais,BIOLOGIA VEGETAL,MESTRADO/DOUTORADO,ACADÊMICO,6,EM FUNCIONAMENTO
Universidade Federal de Minas Gerais,BIOQUÍMICA E IMUNOLOGIA,MESTRADO/DOUTORADO,ACADÊMICO,7,EM FUNCIONAMENTO
Universidade Federal de Minas Gerais,CIÊNCIA ANIMAL,MESTRADO/DOUTORADO,ACADÊMICO,7,EM FUNCIONAMENTO
Universidade Federal de Minas Gerais,CIÊNCIA POLÍTICA,MESTRADO/DOUTORADO,ACADÊMICO,7,EM FUNCIONAMENTO
Universidade Federal de Minas Gerais,CIÊNCIAS APLICADAS À CIRURGIA E À OFTALMOLOGIA,MESTRADO/DOUTORADO,ACADÊMICO,5,EM FUNCIONAMENTO
Universidade Federal de Minas Gerais,CIÊNCIAS APLICADAS À SAÚDE DO ADULTO,MESTRADO/DOUTORADO,ACADÊMICO,5,EM FUNCIONAMENTO
Universidade Federal de Minas Gerais,CIÊNCIAS BIOLÓGICAS (FISIOLOGIA E FARMACOLOGIA),MESTRADO/DOUTORADO,ACADÊMICO,7,EM FUNCIONAMENTO
Universidade Federal de Minas Gerais,CIÊNCIAS BIOLÓGICAS (MICROBIOLOGIA),MESTRADO/DOUTORADO,ACADÊMICO,7,EM FUNCIONAMENTO
Universidade Federal de Minas Gerais,CIÊNCIAS DA COMPUTAÇÃO,MESTRADO/DOUTORADO,ACADÊMICO,7,EM FUNCIONAMENTO
Universidade Federal de Minas Gerais,CIÊNCIAS DA INFORMAÇÃO,MESTRADO/DOUTORADO,ACADÊMICO,5,EM FUNCIONAMENTO
Universidade Federal de Minas Gerais,CIÊNCIAS DA REABILITAÇÃO,MESTRADO/DOUTORADO,ACADÊMICO,6,EM FUNCIONAMENTO
Universidade Federal de Minas Gerais,CIÊNCIAS DA SAÚDE,MESTRADO/DOUTORADO,ACADÊMICO,4,EM FUNCIONAMENTO
Universidade Federal de Minas Gerais,CIÊNCIAS DE ALIMENTOS,MESTRADO/DOUTORADO,ACADÊMICO,4,EM FUNCIONAMENTO
Universidade Federal de Minas Gerais,CIÊNCIAS DO ESPORTE,MESTRADO/DOUTORADO,ACADÊMICO,6,EM FUNCIONAMENTO
Universidade Federal de Minas Gerais,CIÊNCIAS FARMACÊUTICAS,MESTRADO/DOUTORADO,ACADÊMICO,6,EM FUNCIONAMENTO
Universidade Federal de Minas Gerais,CIÊNCIAS FONOAUDIOLÓGICAS,MESTRADO/DOUTORADO,ACADÊMICO,4,EM FUNCIONAMENTO
Universidade Federal de Minas Gerais,CIÊNCIAS TÉCNICAS NUCLEARES,MESTRADO/DOUTORADO,ACADÊMICO,5,EM FUNCIONAMENTO
Universidade Federal de Minas Gerais,COMUNICAÇÃO SOCIAL,MESTRADO/DOUTORADO,ACADÊMICO,6,EM FUNCIONAMENTO
Universidade Federal de Minas Gerais,CONTROLADORIA E CONTABILIDADE,MESTRADO/DOUTORADO,ACADÊMICO,5,EM FUNCIONAMENTO
Universidade Federal de Minas Gerais,DEMOGRAFIA,MESTRADO/DOUTORADO,ACADÊMICO,7,EM FUNCIONAMENTO
Universidade Federal de Minas Gerais,DIREITO,MESTRADO/DOUTORADO,ACADÊMICO,7,EM FUNCIONAMENTO
Universidade Federal de Minas Gerais,ECOLOGIA (CONSERVAÇÃO E MANEJO DA VIDA SILVESTRE),MESTRADO/DOUTORADO,ACADÊMICO,6,EM FUNCIONAMENTO
Universidade Federal de Minas Gerais,ECONOMIA,MESTRADO/DOUTORADO,ACADÊMICO,7,EM FUNCIONAMENTO
Universidade Federal de Minas Gerais,EDUCAÇÃO,MESTRADO/DOUTORADO,ACADÊMICO,7,EM FUNCIONAMENTO
Universidade Federal de Minas Gerais,ENFERMAGEM,MESTRADO/DOUTORADO,ACADÊMICO,6,EM FUNCIONAMENTO
Universidade Federal de Minas Gerais,ENGENHARIA DE ESTRUTURAS,MESTRADO/DOUTORADO,ACADÊMICO,5,EM FUNCIONAMENTO
Universidade Federal de Minas Gerais,ENGENHARIA DE PRODUÇÃO,MESTRADO/DOUTORADO,ACADÊMICO,4,EM FUNCIONAMENTO
Universidade Federal de Minas Gerais,ENGENHARIA ELÉTRICA,MESTRADO/DOUTORADO,ACADÊMICO,6,EM FUNCIONAMENTO
Universidade Federal de Minas Gerais,ENGENHARIA MECÂNICA,MESTRADO/DOUTORADO,ACADÊMICO,5,EM FUNCIONAMENTO
Universidade Federal de Minas Gerais,"ENGENHARIA METALÚRGICA, MATERIAIS E DE MINAS",MESTRADO/DOUTORADO,ACADÊMICO,6,EM FUNCIONAMENTO
Universidade Federal de Minas Gerais,ENGENHARIA QUÍMICA,MESTRADO/DOUTORADO,ACADÊMICO,4,EM FUNCIONAMENTO
Universidade Federal de Minas Gerais,ESTATÍSTICA,MESTRADO/DOUTORADO,ACADÊMICO,5,EM FUNCIONAMENTO
Universidade Federal de Minas Gerais,ESTUDOS DO LAZER,MESTRADO/DOUTORADO,ACADÊMICO,5,EM FUNCIONAMENTO
Universidade Federal de Minas Gerais,ESTUDOS LINGÜÍSTICOS,MESTRADO/DOUTORADO,ACADÊMICO,6,EM FUNCIONAMENTO
Universidade Federal de Minas Gerais,ESTUDOS LITERÁRIOS,MESTRADO/DOUTORADO,ACADÊMICO,6,EM FUNCIONAMENTO
Universidade Federal de Minas Gerais,FILOSOFIA,MESTRADO/DOUTORADO,ACADÊMICO,7,EM FUNCIONAMENTO
Universidade Federal de Minas Gerais,FÍSICA,MESTRADO/DOUTORADO,ACADÊMICO,7,EM FUNCIONAMENTO
Universidade Federal de Minas Gerais,GENÉTICA,MESTRADO/DOUTORADO,ACADÊMICO,6,EM FUNCIONAMENTO
Universidade Federal de Minas Gerais,GEOGRAFIA,MESTRADO/DOUTORADO,ACADÊMICO,6,EM FUNCIONAMENTO
Universidade Federal de Minas Gerais,GEOLOGIA,MESTRADO/DOUTORADO,ACADÊMICO,5,EM FUNCIONAMENTO
Universidade Federal de Minas Gerais,GESTÃO & ORGANIZAÇÃO DO CONHECIMENTO,MESTRADO/DOUTORADO,ACADÊMICO,5,EM FUNCIONAMENTO
Universidade Federal de Minas Gerais,HISTÓRIA,MESTRADO/DOUTORADO,ACADÊMICO,7,EM FUNCIONAMENTO
Universidade Federal de Minas Gerais,INFECTOLOGIA E MEDICINA TROPICAL,MESTRADO/DOUTORADO,ACADÊMICO,6,EM FUNCIONAMENTO
Universidade Federal de Minas Gerais,INOVAÇÃO TECNOLÓGICA,MESTRADO/DOUTORADO,ACADÊMICO,5,EM FUNCIONAMENTO
Universidade Federal de Minas Gerais,MATEMÁTICA,MESTRADO/DOUTORADO,ACADÊMICO,7,EM FUNCIONAMENTO
Universidade Federal de Minas Gerais,MEDICAMENTOS E ASSISTÊNCIA FARMACÊUTICA,MESTRADO/DOUTORADO,ACADÊMICO,4,EM FUNCIONAMENTO
Universidade Federal de Minas Gerais,MEDICINA MOLECULAR,MESTRADO/DOUTORADO,ACADÊMICO,6,EM FUNCIONAMENTO
Universidade Federal de Minas Gerais,MÚSICA,MESTRADO/DOUTORADO,ACADÊMICO,5,EM FUNCIONAMENTO
Universidade Federal de Minas Gerais,NEUROCIÊNCIAS,MESTRADO/DOUTORADO,ACADÊMICO,4,EM FUNCIONAMENTO
Universidade Federal de Minas Gerais,NUTRIÇÃO E SAÚDE,MESTRADO/DOUTORADO,ACADÊMICO,4,EM FUNCIONAMENTO
Universidade Federal de Minas Gerais,ODONTOLOGIA,MESTRADO/DOUTORADO,ACADÊMICO,7,EM FUNCIONAMENTO
Universidade Federal de Minas Gerais,PARASITOLOGIA,MESTRADO/DOUTORADO,ACADÊMICO,7,EM FUNCIONAMENTO
Universidade Federal de Minas Gerais,PATOLOGIA,MESTRADO/DOUTORADO,ACADÊMICO,6,EM FUNCIONAMENTO
Universidade Federal de Minas Gerais,PRODUÇÃO VEGETAL,MESTRADO/DOUTORADO,ACADÊMICO,4,EM FUNCIONAMENTO
Universidade Federal de Minas Gerais,PSICOLOGIA,MESTRADO/DOUTORADO,ACADÊMICO,5,EM FUNCIONAMENTO
Universidade Federal de Minas Gerais,PSICOLOGIA: COGNIÇÃO E COMPORTAMENTO,MESTRADO/DOUTORADO,ACADÊMICO,5,EM FUNCIONAMENTO
Universidade Federal de Minas Gerais,QUÍMICA,MESTRADO/DOUTORADO,ACADÊMICO,7,EM FUNCIONAMENTO
Universidade Federal de Minas Gerais,"SANEAMENTO, MEIO AMBIENTE E RECURSOS HÍDRICOS",MESTRADO/DOUTORADO,ACADÊMICO,7,EM FUNCIONAMENTO
Universidade Federal de Minas Gerais,SAÚDE PÚBLICA,MESTRADO/DOUTORADO,ACADÊMICO,7,EM FUNCIONAMENTO
Universidade Federal de Minas Gerais,SOCIOLOGIA,MESTRADO/DOUTORADO,ACADÊMICO,6,EM FUNCIONAMENTO
Universidade Federal de Minas Gerais,ZOOLOGIA,MESTRADO/DOUTORADO,ACADÊMICO,4,EM FUNCIONAMENTO
Universidade Federal de Minas Gerais,ZOOTECNIA,MESTRADO/DOUTORADO,ACADÊMICO,5,EM FUNCIONAMENTO
Universidade Federal de Ouro Preto,ARTES CÊNICAS,MESTRADO,ACADÊMICO,4,EM FUNCIONAMENTO
Universidade Federal de Ouro Preto,CIÊNCIAS,MESTRADO,ACADÊMICO,4,EM FUNCIONAMENTO
Universidade Federal de Ouro Preto,COMUNICAÇÃO,MESTRADO,ACADÊMICO,4,EM FUNCIONAMENTO
Universidade Federal de Ouro Preto,DIREITO,MESTRADO,ACADÊMICO,4,EM FUNCIONAMENTO
Universidade Federal de Ouro Preto,ECOLOGIA DE BIOMAS TROPICAIS,MESTRADO,ACADÊMICO,4,EM FUNCIONAMENTO
Universidade Federal de Ouro Preto,ECONOMIA APLICADA,MESTRADO,ACADÊMICO,3,EM FUNCIONAMENTO
Universidade Federal de Ouro Preto,EDUCAÇÃO MATEMÁTICA,MESTRADO,ACADÊMICO,4,EM FUNCIONAMENTO
Universidade Federal de Ouro Preto,ENGENHARIA DE PRODUÇÃO,MESTRADO,ACADÊMICO,3,EM FUNCIONAMENTO
Universidade Federal de Ouro Preto,ENGENHARIA ELÉTRICA,MESTRADO,ACADÊMICO,A,EM FUNCIONAMENTO
Universidade Federal de Ouro Preto,ENGENHARIA MECÂNICA,MESTRADO,ACADÊMICO,3,EM FUNCIONAMENTO
Universidade Federal de Ouro Preto,LETRAS: ESTUDOS DA LINGUAGEM,MESTRADO,ACADÊMICO,4,EM FUNCIONAMENTO
Universidade Federal de Ouro Preto,QUÍMICA,MESTRADO,ACADÊMICO,3,EM FUNCIONAMENTO
Universidade Federal de Ouro Preto,TURISMO E PATRIMÔNIO,MESTRADO,ACADÊMICO,A,EM FUNCIONAMENTO
Universidade Federal de Ouro Preto,ENGENHARIA DAS CONSTRUÇÕES,MESTRADO PROFISSIONAL,PROFISSIONAL,3,EM FUNCIONAMENTO
Universidade Federal de Ouro Preto,ENGENHARIA GEOTÉCNICA,MESTRADO PROFISSIONAL,PROFISSIONAL,3,EM FUNCIONAMENTO
Universidade Federal de Ouro Preto,ENSINO DE CIÊNCIAS,MESTRADO PROFISSIONAL,PROFISSIONAL,4,EM FUNCIONAMENTO
Universidade Federal de Ouro Preto,"INSTRUMENTAÇÃO, CONTROLE E AUTOMAÇÃO DE PROCESSOS DE MINERAÇÃO",MESTRADO PROFISSIONAL,PROFISSIONAL,3,EM FUNCIONAMENTO
Universidade Federal de Ouro Preto,SUSTENTABILIDADE SOCIOECONÔMICA AMBIENTAL,MESTRADO PROFISSIONAL,PROFISSIONAL,3,EM FUNCIONAMENTO
Universidade Federal de Ouro Preto,BIOTECNOLOGIA,MESTRADO/DOUTORADO,ACADÊMICO,5,EM FUNCIONAMENTO
Universidade Federal de Ouro Preto,CIÊNCIA DA COMPUTAÇÃO,MESTRADO/DOUTORADO,ACADÊMICO,5,EM FUNCIONAMENTO
Universidade Federal de Ouro Preto,CIÊNCIAS BIOLÓGICAS,MESTRADO/DOUTORADO,ACADÊMICO,5,EM FUNCIONAMENTO
Universidade Federal de Ouro Preto,CIÊNCIAS FARMACÊUTICAS,MESTRADO/DOUTORADO,ACADÊMICO,5,EM FUNCIONAMENTO
Universidade Federal de Ouro Preto,EDUCAÇÃO,MESTRADO/DOUTORADO,ACADÊMICO,5,EM FUNCIONAMENTO
Universidade Federal de Ouro Preto,ENGENHARIA AMBIENTAL,MESTRADO/DOUTORADO,ACADÊMICO,6,EM FUNCIONAMENTO
Universidade Federal de Ouro Preto,ENGENHARIA CIVIL,MESTRADO/DOUTORADO,ACADÊMICO,5,EM FUNCIONAMENTO
Universidade Federal de Ouro Preto,ENGENHARIA DE MATERIAIS - UFOP - UEMG,MESTRADO/DOUTORADO,ACADÊMICO,4,EM FUNCIONAMENTO
Universidade Federal de Ouro Preto,ENGENHARIA MINERAL,MESTRADO/DOUTORADO,ACADÊMICO,4,EM FUNCIONAMENTO
Universidade Federal de Ouro Preto,EVOLUÇÃO CRUSTAL E RECURSOS NATURAIS,MESTRADO/DOUTORADO,ACADÊMICO,6,EM FUNCIONAMENTO
Universidade Federal de Ouro Preto,FILOSOFIA,MESTRADO/DOUTORADO,ACADÊMICO,4,EM FUNCIONAMENTO
Universidade Federal de Ouro Preto,GEOTECNIA,MESTRADO/DOUTORADO,ACADÊMICO,4,EM FUNCIONAMENTO
Universidade Federal de Ouro Preto,HISTÓRIA,MESTRADO/DOUTORADO,ACADÊMICO,5,EM FUNCIONAMENTO
Universidade Federal de Ouro Preto,SAÚDE E NUTRIÇÃO,MESTRADO/DOUTORADO,ACADÊMICO,4,EM FUNCIONAMENTO
Universidade Federal de Pelotas,BIODIVERSIDADE ANIMAL,MESTRADO,ACADÊMICO,4,EM FUNCIONAMENTO
Universidade Federal de Pelotas,CIÊNCIAS AMBIENTAIS,MESTRADO,ACADÊMICO,4,EM FUNCIONAMENTO
Universidade Federal de Pelotas,DESENVOLVIMENTO TERRITORIAL E SISTEMAS AGROINDUSTRIAIS,MESTRADO,ACADÊMICO,4,EM FUNCIONAMENTO
Universidade Federal de Pelotas,DIREITO,MESTRADO,ACADÊMICO,3,EM FUNCIONAMENTO
Universidade Federal de Pelotas,EDUCAÇÃO MATEMÁTICA,MESTRADO,ACADÊMICO,4,EM FUNCIONAMENTO
Universidade Federal de Pelotas,GEOGRAFIA,MESTRADO,ACADÊMICO,4,EM FUNCIONAMENTO
Universidade Federal de Pelotas,METEOROLOGIA,MESTRADO,ACADÊMICO,3,EM FUNCIONAMENTO
Universidade Federal de Pelotas,MODELAGEM MATEMÁTICA,MESTRADO,ACADÊMICO,4,EM FUNCIONAMENTO
Universidade Federal de Pelotas,CIÊNCIA E TECNOLOGIA DE ALIMENTOS,MESTRADO PROFISSIONAL,PROFISSIONAL,4,EM FUNCIONAMENTO
Universidade Federal de Pelotas,CIÊNCIA E TECNOLOGIA DE SEMENTES,MESTRADO PROFISSIONAL,PROFISSIONAL,4,EM FUNCIONAMENTO
Universidade Federal de Pelotas,ENSINO DE CIÊNCIAS E MATEMÁTICA,MESTRADO PROFISSIONAL,PROFISSIONAL,4,EM FUNCIONAMENTO
Universidade Federal de Pelotas,AGRONOMIA,MESTRADO/DOUTORADO,ACADÊMICO,4,EM FUNCIONAMENTO
Universidade Federal de Pelotas,ANTROPOLOGIA,MESTRADO/DOUTORADO,ACADÊMICO,5,EM FUNCIONAMENTO
Universidade Federal de Pelotas,ARQUITETURA E URBANISMO,MESTRADO/DOUTORADO,ACADÊMICO,5,EM FUNCIONAMENTO
Universidade Federal de Pelotas,ARTES,MESTRADO/DOUTORADO,ACADÊMICO,4,EM FUNCIONAMENTO
Universidade Federal de Pelotas,BIOQUÍMICA E BIOPROSPECÇÃO,MESTRADO/DOUTORADO,ACADÊMICO,5,EM FUNCIONAMENTO
Universidade Federal de Pelotas,BIOTECNOLOGIA,MESTRADO/DOUTORADO,ACADÊMICO,7,EM FUNCIONAMENTO
Universidade Federal de Pelotas,CIÊNCIA E ENGENHARIA DE MATERIAIS,MESTRADO/DOUTORADO,ACADÊMICO,5,EM FUNCIONAMENTO
Universidade Federal de Pelotas,CIÊNCIA E TECNOLOGIA DE ALIMENTOS,MESTRADO/DOUTORADO,ACADÊMICO,6,EM FUNCIONAMENTO
Universidade Federal de Pelotas,CIÊNCIA E TECNOLOGIA DE SEMENTES,MESTRADO/DOUTORADO,ACADÊMICO,4,EM FUNCIONAMENTO
Universidade Federal de Pelotas,CIÊNCIA POLÍTICA,MESTRADO/DOUTORADO,ACADÊMICO,5,EM FUNCIONAMENTO
Universidade Federal de Pelotas,COMPUTAÇÃO,MESTRADO/DOUTORADO,ACADÊMICO,5,EM FUNCIONAMENTO
Universidade Federal de Pelotas,EDUCAÇÃO,MESTRADO/DOUTORADO,ACADÊMICO,5,EM FUNCIONAMENTO
Universidade Federal de Pelotas,EDUCAÇÃO FÍSICA,MESTRADO/DOUTORADO,ACADÊMICO,5,EM FUNCIONAMENTO
Universidade Federal de Pelotas,ENFERMAGEM,MESTRADO/DOUTORADO,ACADÊMICO,5,EM FUNCIONAMENTO
Universidade Federal de Pelotas,EPIDEMIOLOGIA,MESTRADO/DOUTORADO,ACADÊMICO,7,EM FUNCIONAMENTO
Universidade Federal de Pelotas,FILOSOFIA,MESTRADO/DOUTORADO,ACADÊMICO,4,EM FUNCIONAMENTO
Universidade Federal de Pelotas,FISIOLOGIA VEGETAL,MESTRADO/DOUTORADO,ACADÊMICO,4,EM FUNCIONAMENTO
Universidade Federal de Pelotas,FITOSSANIDADE,MESTRADO/DOUTORADO,ACADÊMICO,6,EM FUNCIONAMENTO
Universidade Federal de Pelotas,FÍSICA,MESTRADO/DOUTORADO,ACADÊMICO,4,EM FUNCIONAMENTO
Universidade Federal de Pelotas,HISTÓRIA,MESTRADO/DOUTORADO,ACADÊMICO,4,EM FUNCIONAMENTO
Universidade Federal de Pelotas,LETRAS,MESTRADO/DOUTORADO,ACADÊMICO,5,EM FUNCIONAMENTO
Universidade Federal de Pelotas,MANEJO E CONSERVAÇÃO DO SOLO E DA ÁGUA,MESTRADO/DOUTORADO,ACADÊMICO,4,EM FUNCIONAMENTO
Universidade Federal de Pelotas,MEMÓRIA SOCIAL E PATRIMÔNIO CULTURAL,MESTRADO/DOUTORADO,ACADÊMICO,5,EM FUNCIONAMENTO
Universidade Federal de Pelotas,MICROBIOLOGIA E PARASITOLOGIA,MESTRADO/DOUTORADO,ACADÊMICO,5,EM FUNCIONAMENTO
Universidade Federal de Pelotas,NUTRIÇÃO E ALIMENTOS,MESTRADO/DOUTORADO,ACADÊMICO,4,EM FUNCIONAMENTO
Universidade Federal de Pelotas,ODONTOLOGIA,MESTRADO/DOUTORADO,ACADÊMICO,6,EM FUNCIONAMENTO
Universidade Federal de Pelotas,ORGANIZAÇÕES E MERCADOS,MESTRADO/DOUTORADO,ACADÊMICO,4,EM FUNCIONAMENTO
Universidade Federal de Pelotas,QUÍMICA,MESTRADO/DOUTORADO,ACADÊMICO,5,EM FUNCIONAMENTO
Universidade Federal de Pelotas,RECURSOS HÍDRICOS,MESTRADO/DOUTORADO,ACADÊMICO,4,EM FUNCIONAMENTO
Universidade Federal de Pelotas,SISTEMAS DE PRODUÇÃO AGRÍCOLA FAMILIAR,MESTRADO/DOUTORADO,ACADÊMICO,5,EM FUNCIONAMENTO
Universidade Federal de Pelotas,SOCIOLOGIA,MESTRADO/DOUTORADO,ACADÊMICO,5,EM FUNCIONAMENTO
Universidade Federal de Pelotas,VETERINÁRIA,MESTRADO/DOUTORADO,ACADÊMICO,6,EM FUNCIONAMENTO
Universidade Federal de Pelotas,ZOOTECNIA,MESTRADO/DOUTORADO,ACADÊMICO,4,EM FUNCIONAMENTO
Universidade Federal de Pernambuco,BIOTECNOLOGIA,MESTRADO,ACADÊMICO,4,EM FUNCIONAMENTO
Universidade Federal de Pernambuco,CIÊNCIAS GEODÉSICAS E TECNOLOGIAS DA GEOINFORMAÇÃO,MESTRADO,ACADÊMICO,4,EM FUNCIONAMENTO
Universidade Federal de Pernambuco,DESENVOLVIMENTO E MEIO AMBIENTE,MESTRADO,ACADÊMICO,5,EM FUNCIONAMENTO
Universidade Federal de Pernambuco,DIREITOS HUMANOS,MESTRADO,ACADÊMICO,3,EM FUNCIONAMENTO
Universidade Federal de Pernambuco,ECONOMIA - CAMPUS AGRESTE,MESTRADO,ACADÊMICO,4,EM FUNCIONAMENTO
Universidade Federal de Pernambuco,EDUCAÇÃO EM CIÊNCIAS E MATEMÁTICA,MESTRADO,ACADÊMICO,3,EM FUNCIONAMENTO
Universidade Federal de Pernambuco,EDUCAÇÃO FÍSICA,MESTRADO,ACADÊMICO,3,EM FUNCIONAMENTO
Universidade Federal de Pernambuco,ENGENHARIA BIOMÉDICA,MESTRADO,ACADÊMICO,3,EM FUNCIONAMENTO
Universidade Federal de Pernambuco,ENGENHARIA CIVIL E AMBIENTAL,MESTRADO,ACADÊMICO,4,EM FUNCIONAMENTO
Universidade Federal de Pernambuco,ENGENHARIA DE PRODUÇÃO - CENTRO ACADÊMICO DO AGRESTE,MESTRADO,ACADÊMICO,3,EM FUNCIONAMENTO
Universidade Federal de Pernambuco,GERONTOLOGIA,MESTRADO,ACADÊMICO,4,EM FUNCIONAMENTO
Universidade Federal de Pernambuco,"GESTÃO, INOVAÇÃO E CONSUMO",MESTRADO,ACADÊMICO,3,EM FUNCIONAMENTO
Universidade Federal de Pernambuco,HOTELARIA E TURISMO,MESTRADO,ACADÊMICO,3,EM FUNCIONAMENTO
Universidade Federal de Pernambuco,MORFOTECNOLOGIA,MESTRADO,ACADÊMICO,3,EM FUNCIONAMENTO
Universidade Federal de Pernambuco,MÚSICA,MESTRADO,ACADÊMICO,3,EM FUNCIONAMENTO
Universidade Federal de Pernambuco,"NUTRIÇÃO, ATIVIDADE FÍSICA E PLASTICIDADE FENOTÍPICA",MESTRADO,ACADÊMICO,4,EM FUNCIONAMENTO
Universidade Federal de Pernambuco,SAÚDE COLETIVA,MESTRADO,ACADÊMICO,4,EM FUNCIONAMENTO
Universidade Federal de Pernambuco,SAÚDE TRANSLACIONAL,MESTRADO,ACADÊMICO,3,EM FUNCIONAMENTO
Universidade Federal de Pernambuco,EDUCAÇÃO BÁSICA,MESTRADO PROFISSIONAL,PROFISSIONAL,A,EM FUNCIONAMENTO
Universidade Federal de Pernambuco,ERGONOMIA,MESTRADO PROFISSIONAL,PROFISSIONAL,4,EM FUNCIONAMENTO
Universidade Federal de Pernambuco,GESTÃO PÚBLICA PARA O DESENVOLVIMENTO DO NORDESTE,MESTRADO PROFISSIONAL,PROFISSIONAL,3,EM FUNCIONAMENTO
Universidade Federal de Pernambuco,POLÍTICAS PÚBLICAS,MESTRADO PROFISSIONAL,PROFISSIONAL,4,EM FUNCIONAMENTO
Universidade Federal de Pernambuco,CIÊNCIAS DA COMPUTAÇÃO,MESTRADO PROFISSIONAL/DOUTORADO PROFISSIONAL,PROFISSIONAL,4,EM FUNCIONAMENTO
Universidade Federal de Pernambuco,ENGENHARIA DE PRODUÇÃO,MESTRADO PROFISSIONAL/DOUTORADO PROFISSIONAL,PROFISSIONAL,4,EM FUNCIONAMENTO
Universidade Federal de Pernambuco,GESTÃO E ECONOMIA DA SAÚDE,MESTRADO PROFISSIONAL/DOUTORADO PROFISSIONAL,PROFISSIONAL,5,EM FUNCIONAMENTO
Universidade Federal de Pernambuco,ADMINISTRAÇÃO,MESTRADO/DOUTORADO,ACADÊMICO,5,EM FUNCIONAMENTO
Universidade Federal de Pernambuco,ANTROPOLOGIA,MESTRADO/DOUTORADO,ACADÊMICO,5,EM FUNCIONAMENTO
Universidade Federal de Pernambuco,ARQUEOLOGIA,MESTRADO/DOUTORADO,ACADÊMICO,5,EM FUNCIONAMENTO
Universidade Federal de Pernambuco,BIOLOGIA ANIMAL,MESTRADO/DOUTORADO,ACADÊMICO,6,EM FUNCIONAMENTO
Universidade Federal de Pernambuco,BIOLOGIA APLICADA À SAÚDE,MESTRADO/DOUTORADO,ACADÊMICO,5,EM FUNCIONAMENTO
Universidade Federal de Pernambuco,BIOLOGIA DE FUNGOS,MESTRADO/DOUTORADO,ACADÊMICO,6,EM FUNCIONAMENTO
Universidade Federal de Pernambuco,BIOLOGIA VEGETAL,MESTRADO/DOUTORADO,ACADÊMICO,7,EM FUNCIONAMENTO
Universidade Federal de Pernambuco,BIOQUÍMICA E FISIOLOGIA,MESTRADO/DOUTORADO,ACADÊMICO,5,EM FUNCIONAMENTO
Universidade Federal de Pernambuco,CIRURGIA,MESTRADO/DOUTORADO,ACADÊMICO,3,EM FUNCIONAMENTO
Universidade Federal de Pernambuco,CIÊNCIA DA INFORMAÇÃO,MESTRADO/DOUTORADO,ACADÊMICO,5,EM FUNCIONAMENTO
Universidade Federal de Pernambuco,CIÊNCIA DE MATERIAIS,MESTRADO/DOUTORADO,ACADÊMICO,5,EM FUNCIONAMENTO
Universidade Federal de Pernambuco,CIÊNCIA POLÍTICA,MESTRADO/DOUTORADO,ACADÊMICO,6,EM FUNCIONAMENTO
Universidade Federal de Pernambuco,CIÊNCIAS BIOLÓGICAS,MESTRADO/DOUTORADO,ACADÊMICO,6,EM FUNCIONAMENTO
Universidade Federal de Pernambuco,CIÊNCIAS CONTÁBEIS,MESTRADO/DOUTORADO,ACADÊMICO,4,EM FUNCIONAMENTO
Universidade Federal de Pernambuco,CIÊNCIAS DA COMPUTAÇÃO,MESTRADO/DOUTORADO,ACADÊMICO,7,EM FUNCIONAMENTO
Universidade Federal de Pernambuco,CIÊNCIAS FARMACÊUTICAS,MESTRADO/DOUTORADO,ACADÊMICO,4,EM FUNCIONAMENTO
Universidade Federal de Pernambuco,COMUNICAÇÃO,MESTRADO/DOUTORADO,ACADÊMICO,4,EM FUNCIONAMENTO
Universidade Federal de Pernambuco,DESENVOLVIMENTO URBANO,MESTRADO/DOUTORADO,ACADÊMICO,4,EM FUNCIONAMENTO
Universidade Federal de Pernambuco,DESIGN,MESTRADO/DOUTORADO,ACADÊMICO,5,EM FUNCIONAMENTO
Universidade Federal de Pernambuco,DIREITO,MESTRADO/DOUTORADO,ACADÊMICO,5,EM FUNCIONAMENTO
Universidade Federal de Pernambuco,ECONOMIA,MESTRADO/DOUTORADO,ACADÊMICO,6,EM FUNCIONAMENTO
Universidade Federal de Pernambuco,EDUCAÇÃO,MESTRADO/DOUTORADO,ACADÊMICO,5,EM FUNCIONAMENTO
Universidade Federal de Pernambuco,EDUCAÇÃO CONTEMPORÂNEA,MESTRADO/DOUTORADO,ACADÊMICO,4,EM FUNCIONAMENTO
Universidade Federal de Pernambuco,EDUCAÇÃO MATEMÁTICA E TECNOLÓGICA,MESTRADO/DOUTORADO,ACADÊMICO,5,EM FUNCIONAMENTO
Universidade Federal de Pernambuco,ENFERMAGEM,MESTRADO/DOUTORADO,ACADÊMICO,4,EM FUNCIONAMENTO
Universidade Federal de Pernambuco,ENGENHARIA CIVIL,MESTRADO/DOUTORADO,ACADÊMICO,6,EM FUNCIONAMENTO
Universidade Federal de Pernambuco,ENGENHARIA DE PRODUÇÃO,MESTRADO/DOUTORADO,ACADÊMICO,7,EM FUNCIONAMENTO
Universidade Federal de Pernambuco,ENGENHARIA ELÉTRICA,MESTRADO/DOUTORADO,ACADÊMICO,5,EM FUNCIONAMENTO
Universidade Federal de Pernambuco,ENGENHARIA MECÂNICA,MESTRADO/DOUTORADO,ACADÊMICO,4,EM FUNCIONAMENTO
Universidade Federal de Pernambuco,ENGENHARIA QUÍMICA,MESTRADO/DOUTORADO,ACADÊMICO,5,EM FUNCIONAMENTO
Universidade Federal de Pernambuco,ESTATÍSTICA,MESTRADO/DOUTORADO,ACADÊMICO,5,EM FUNCIONAMENTO
Universidade Federal de Pernambuco,FILOSOFIA,MESTRADO/DOUTORADO,ACADÊMICO,4,EM FUNCIONAMENTO
Universidade Federal de Pernambuco,FISIOTERAPIA,MESTRADO/DOUTORADO,ACADÊMICO,4,EM FUNCIONAMENTO
Universidade Federal de Pernambuco,FÍSICA,MESTRADO/DOUTORADO,ACADÊMICO,7,EM FUNCIONAMENTO
Universidade Federal de Pernambuco,GENÉTICA E BIOLOGIA MOLECULAR,MESTRADO/DOUTORADO,ACADÊMICO,4,EM FUNCIONAMENTO
Universidade Federal de Pernambuco,GEOCIÊNCIAS,MESTRADO/DOUTORADO,ACADÊMICO,4,EM FUNCIONAMENTO
Universidade Federal de Pernambuco,GEOGRAFIA,MESTRADO/DOUTORADO,ACADÊMICO,5,EM FUNCIONAMENTO
Universidade Federal de Pernambuco,HISTÓRIA,MESTRADO/DOUTORADO,ACADÊMICO,5,EM FUNCIONAMENTO
Universidade Federal de Pernambuco,INOVAÇÃO TERAPÊUTICA,MESTRADO/DOUTORADO,ACADÊMICO,5,EM FUNCIONAMENTO
Universidade Federal de Pernambuco,LETRAS,MESTRADO/DOUTORADO,ACADÊMICO,5,EM FUNCIONAMENTO
Universidade Federal de Pernambuco,MATEMÁTICA,MESTRADO/DOUTORADO,ACADÊMICO,5,EM FUNCIONAMENTO
Universidade Federal de Pernambuco,MEDICINA TROPICAL,MESTRADO/DOUTORADO,ACADÊMICO,5,EM FUNCIONAMENTO
Universidade Federal de Pernambuco,NEUROPSIQUIATRIA E CIÊNCIAS DO COMPORTAMENTO,MESTRADO/DOUTORADO,ACADÊMICO,4,EM FUNCIONAMENTO
Universidade Federal de Pernambuco,NUTRIÇÃO,MESTRADO/DOUTORADO,ACADÊMICO,5,EM FUNCIONAMENTO
Universidade Federal de Pernambuco,OCEANOGRAFIA,MESTRADO/DOUTORADO,ACADÊMICO,5,EM FUNCIONAMENTO
Universidade Federal de Pernambuco,ODONTOLOGIA,MESTRADO/DOUTORADO,ACADÊMICO,4,EM FUNCIONAMENTO
Universidade Federal de Pernambuco,PSICOLOGIA,MESTRADO/DOUTORADO,ACADÊMICO,5,EM FUNCIONAMENTO
Universidade Federal de Pernambuco,PSICOLOGIA COGNITIVA,MESTRADO/DOUTORADO,ACADÊMICO,5,EM FUNCIONAMENTO
Universidade Federal de Pernambuco,QUÍMICA,MESTRADO/DOUTORADO,ACADÊMICO,5,EM FUNCIONAMENTO
Universidade Federal de Pernambuco,SAÚDE DA COMUNICAÇÃO HUMANA,MESTRADO/DOUTORADO,ACADÊMICO,4,EM FUNCIONAMENTO
Universidade Federal de Pernambuco,SAÚDE DA CRIANÇA E DO ADOLESCENTE,MESTRADO/DOUTORADO,ACADÊMICO,3,EM FUNCIONAMENTO
Universidade Federal de Pernambuco,SERVIÇO SOCIAL,MESTRADO/DOUTORADO,ACADÊMICO,6,EM FUNCIONAMENTO
Universidade Federal de Pernambuco,SOCIOLOGIA,MESTRADO/DOUTORADO,ACADÊMICO,5,EM FUNCIONAMENTO
Universidade Federal de Pernambuco,TECNOLOGIAS ENERGÉTICAS E NUCLEARES,MESTRADO/DOUTORADO,ACADÊMICO,5,EM FUNCIONAMENTO
Universidade Federal de Rondonópolis,BIOCIÊNCIAS E SAÚDE,MESTRADO,ACADÊMICO,A,EM FUNCIONAMENTO
Universidade Federal de Rondonópolis,EDUCAÇÃO,MESTRADO,ACADÊMICO,4,EM FUNCIONAMENTO
Universidade Federal de Rondonópolis,ENGENHARIA AGRÍCOLA,MESTRADO,ACADÊMICO,3,EM FUNCIONAMENTO
Universidade Federal de Rondonópolis,GEOGRAFIA,MESTRADO,ACADÊMICO,3,EM FUNCIONAMENTO
Universidade Federal de Rondonópolis,GESTÃO E TECNOLOGIA AMBIENTAL,MESTRADO,ACADÊMICO,3,EM FUNCIONAMENTO
Universidade Federal de Rondonópolis,ZOOTECNIA,MESTRADO,ACADÊMICO,3,EM FUNCIONAMENTO
Universidade Federal de Rondônia,ADMINISTRAÇÃO,MESTRADO,ACADÊMICO,3,EM FUNCIONAMENTO
Universidade Federal de Rondônia,ADMINISTRAÇÃO E CONTABILIDADE,MESTRADO,ACADÊMICO,A,EM FUNCIONAMENTO
Universidade Federal de Rondônia,AGROECOSSISTEMAS AMAZÔNICOS,MESTRADO,ACADÊMICO,3,EM FUNCIONAMENTO
Universidade Federal de Rondônia,CIÊNCIAS AMBIENTAIS,MESTRADO,ACADÊMICO,3,EM FUNCIONAMENTO
Universidade Federal de Rondônia,COMUNICAÇÃO,MESTRADO,ACADÊMICO,A,EM FUNCIONAMENTO
Universidade Federal de Rondônia,CONSERVAÇÃO E USO DE RECURSOS NATURAIS,MESTRADO,ACADÊMICO,3,EM FUNCIONAMENTO
Universidade Federal de Rondônia,EDUCAÇÃO,MESTRADO,ACADÊMICO,4,EM FUNCIONAMENTO
Universidade Federal de Rondônia,EDUCAÇÃO MATEMÁTICA,MESTRADO,ACADÊMICO,3,EM FUNCIONAMENTO
Universidade Federal de Rondônia,ENSINO DE CIÊNCIAS DA NATUREZA - PPGECN,MESTRADO,ACADÊMICO,3,EM FUNCIONAMENTO
Universidade Federal de Rondônia,ESTUDOS LITERÁRIOS,MESTRADO,ACADÊMICO,4,EM FUNCIONAMENTO
Universidade Federal de Rondônia,FILOSOFIA,MESTRADO,ACADÊMICO,3,EM FUNCIONAMENTO
Universidade Federal de Rondônia,HISTÓRIA DA AMAZÔNIA,MESTRADO,ACADÊMICO,A,EM FUNCIONAMENTO
Universidade Federal de Rondônia,LETRAS,MESTRADO,ACADÊMICO,4,EM FUNCIONAMENTO
Universidade Federal de Rondônia,PSICOLOGIA,MESTRADO,ACADÊMICO,4,EM FUNCIONAMENTO
Universidade Federal de Rondônia,DIREITOS HUMANOS E DESENVOLVIMENTO DA JUSTIÇA,MESTRADO PROFISSIONAL,PROFISSIONAL,4,EM FUNCIONAMENTO
Universidade Federal de Rondônia,EDUCAÇÃO ESCOLAR,MESTRADO PROFISSIONAL/DOUTORADO PROFISSIONAL,PROFISSIONAL,4,EM FUNCIONAMENTO
Universidade Federal de Rondônia,DESENVOLVIMENTO REGIONAL E MEIO AMBIENTE,MESTRADO/DOUTORADO,ACADÊMICO,4,EM FUNCIONAMENTO
Universidade Federal de Rondônia,GEOGRAFIA,MESTRADO/DOUTORADO,ACADÊMICO,4,EM FUNCIONAMENTO
Universidade Federal de Roraima,ANTROPOLOGIA SOCIAL,MESTRADO,ACADÊMICO,3,EM FUNCIONAMENTO
Universidade Federal de Roraima,COMUNICAÇÃO,MESTRADO,ACADÊMICO,3,EM FUNCIONAMENTO
Universidade Federal de Roraima,EDUCAÇÃO,MESTRADO,ACADÊMICO,3,EM FUNCIONAMENTO
Universidade Federal de Roraima,GEOGRAFIA,MESTRADO,ACADÊMICO,4,EM FUNCIONAMENTO
Universidade Federal de Roraima,LETRAS,MESTRADO,ACADÊMICO,4,EM FUNCIONAMENTO
Universidade Federal de Roraima,SAÚDE E BIODIVERSIDADE,MESTRADO,ACADÊMICO,A,EM FUNCIONAMENTO
Universidade Federal de Roraima,SOCIEDADE E FRONTEIRAS,MESTRADO,ACADÊMICO,3,EM FUNCIONAMENTO
Universidade Federal de Roraima,CIÊNCIAS DA SAÚDE,MESTRADO PROFISSIONAL,PROFISSIONAL,4,EM FUNCIONAMENTO
Universidade Federal de Roraima,AGRONOMIA,MESTRADO/DOUTORADO,ACADÊMICO,4,EM FUNCIONAMENTO
Universidade Federal de Roraima,RECURSOS NATURAIS,MESTRADO/DOUTORADO,ACADÊMICO,4,EM FUNCIONAMENTO
Universidade Federal de Santa Catarina,INTERDISCIPLINAR EM CIÊNCIAS HUMANAS,DOUTORADO,ACADÊMICO,5,EM FUNCIONAMENTO
Universidade Federal de Santa Catarina,CIÊNCIAS DA REABILITAÇÃO,MESTRADO,ACADÊMICO,3,EM FUNCIONAMENTO
Universidade Federal de Santa Catarina,ECOSSISTEMAS AGRÍCOLAS E NATURAIS,MESTRADO,ACADÊMICO,4,EM FUNCIONAMENTO
Universidade Federal de Santa Catarina,ENERGIA E SUSTENTABILIDADE,MESTRADO,ACADÊMICO,4,EM FUNCIONAMENTO
Universidade Federal de Santa Catarina,ENGENHARIA DE SISTEMAS ELETRÔNICOS,MESTRADO,ACADÊMICO,3,EM FUNCIONAMENTO
Universidade Federal de Santa Catarina,ENGENHARIA DE TRANSPORTES E GESTÃO TERRITORIAL,MESTRADO,ACADÊMICO,3,EM FUNCIONAMENTO
Universidade Federal de Santa Catarina,ENGENHARIA E CIÊNCIAS MECÂNICAS,MESTRADO,ACADÊMICO,3,EM FUNCIONAMENTO
Universidade Federal de Santa Catarina,FONOAUDIOLOGIA,MESTRADO,ACADÊMICO,A,EM FUNCIONAMENTO
Universidade Federal de Santa Catarina,GEOLOGIA,MESTRADO,ACADÊMICO,3,EM FUNCIONAMENTO
Universidade Federal de Santa Catarina,TECNOLOGIAS DA INFORMAÇÃO E COMUNICAÇÃO,MESTRADO,ACADÊMICO,4,EM FUNCIONAMENTO
Universidade Federal de Santa Catarina,ADMINISTRAÇÃO UNIVERSITÁRIA,MESTRADO PROFISSIONAL,PROFISSIONAL,3,EM FUNCIONAMENTO
Universidade Federal de Santa Catarina,DESASTRES NATURAIS,MESTRADO PROFISSIONAL,PROFISSIONAL,3,EM FUNCIONAMENTO
Universidade Federal de Santa Catarina,DIREITO,MESTRADO PROFISSIONAL,PROFISSIONAL,4,EM FUNCIONAMENTO
Universidade Federal de Santa Catarina,FARMACOLOGIA,MESTRADO PROFISSIONAL,PROFISSIONAL,5,EM FUNCIONAMENTO
Universidade Federal de Santa Catarina,INFORMÁTICA EM SAÚDE,MESTRADO PROFISSIONAL,PROFISSIONAL,4,EM FUNCIONAMENTO
Universidade Federal de Santa Catarina,MÉTODOS E GESTÃO EM AVALIAÇÃO,MESTRADO PROFISSIONAL,PROFISSIONAL,2,EM DESATIVACAO
Universidade Federal de Santa Catarina,PLANEJAMENTO E CONTROLE DE GESTÃO,MESTRADO PROFISSIONAL,PROFISSIONAL,3,EM FUNCIONAMENTO
Universidade Federal de Santa Catarina,SAÚDE MENTAL E ATENÇÃO PSICOSSOCIAL,MESTRADO PROFISSIONAL,PROFISSIONAL,3,EM FUNCIONAMENTO
Universidade Federal de Santa Catarina,GESTÃO DO CUIDADO EM ENFERMAGEM,MESTRADO PROFISSIONAL/DOUTORADO PROFISSIONAL,PROFISSIONAL,5,EM FUNCIONAMENTO
Universidade Federal de Santa Catarina,ADMINISTRAÇÃO,MESTRADO/DOUTORADO,ACADÊMICO,4,EM FUNCIONAMENTO
Universidade Federal de Santa Catarina,AGROECOSSISTEMAS,MESTRADO/DOUTORADO,ACADÊMICO,5,EM FUNCIONAMENTO
Universidade Federal de Santa Catarina,ANTROPOLOGIA SOCIAL,MESTRADO/DOUTORADO,ACADÊMICO,6,EM FUNCIONAMENTO
Universidade Federal de Santa Catarina,AQUICULTURA,MESTRADO/DOUTORADO,ACADÊMICO,6,EM FUNCIONAMENTO
Universidade Federal de Santa Catarina,ARQUITETURA E URBANISMO,MESTRADO/DOUTORADO,ACADÊMICO,5,EM FUNCIONAMENTO
Universidade Federal de Santa Catarina,ASSISTÊNCIA FARMACÊUTICA,MESTRADO/DOUTORADO,ACADÊMICO,4,EM FUNCIONAMENTO
Universidade Federal de Santa Catarina,BIOLOGIA CELULAR E DO DESENVOLVIMENTO,MESTRADO/DOUTORADO,ACADÊMICO,4,EM FUNCIONAMENTO
Universidade Federal de Santa Catarina,"BIOLOGIA DE FUNGOS, ALGAS E PLANTAS",MESTRADO/DOUTORADO,ACADÊMICO,5,EM FUNCIONAMENTO
Universidade Federal de Santa Catarina,BIOQUÍMICA,MESTRADO/DOUTORADO,ACADÊMICO,6,EM FUNCIONAMENTO
Universidade Federal de Santa Catarina,BIOTECNOLOGIA E BIOCIÊNCIAS,MESTRADO/DOUTORADO,ACADÊMICO,5,EM FUNCIONAMENTO
Universidade Federal de Santa Catarina,CIÊNCIA DA INFORMAÇÃO,MESTRADO/DOUTORADO,ACADÊMICO,5,EM FUNCIONAMENTO
Universidade Federal de Santa Catarina,CIÊNCIA E ENGENHARIA DE MATERIAIS,MESTRADO/DOUTORADO,ACADÊMICO,7,EM FUNCIONAMENTO
Universidade Federal de Santa Catarina,CIÊNCIAS DA COMPUTAÇÃO,MESTRADO/DOUTORADO,ACADÊMICO,5,EM FUNCIONAMENTO
Universidade Federal de Santa Catarina,CIÊNCIAS DOS ALIMENTOS,MESTRADO/DOUTORADO,ACADÊMICO,6,EM FUNCIONAMENTO
Universidade Federal de Santa Catarina,CIÊNCIAS MÉDICAS,MESTRADO/DOUTORADO,ACADÊMICO,4,EM FUNCIONAMENTO
Universidade Federal de Santa Catarina,CONTABILIDADE,MESTRADO/DOUTORADO,ACADÊMICO,5,EM FUNCIONAMENTO
Universidade Federal de Santa Catarina,DESIGN,MESTRADO/DOUTORADO,ACADÊMICO,6,EM FUNCIONAMENTO
Universidade Federal de Santa Catarina,DIREITO,MESTRADO/DOUTORADO,ACADÊMICO,6,EM FUNCIONAMENTO
Universidade Federal de Santa Catarina,ECOLOGIA,MESTRADO/DOUTORADO,ACADÊMICO,5,EM FUNCIONAMENTO
Universidade Federal de Santa Catarina,ECONOMIA,MESTRADO/DOUTORADO,ACADÊMICO,5,EM FUNCIONAMENTO
Universidade Federal de Santa Catarina,EDUCAÇÃO,MESTRADO/DOUTORADO,ACADÊMICO,5,EM FUNCIONAMENTO
Universidade Federal de Santa Catarina,EDUCAÇÃO CIENTIFICA E TECNOLÓGICA,MESTRADO/DOUTORADO,ACADÊMICO,6,EM FUNCIONAMENTO
Universidade Federal de Santa Catarina,EDUCAÇÃO FÍSICA,MESTRADO/DOUTORADO,ACADÊMICO,7,EM FUNCIONAMENTO
Universidade Federal de Santa Catarina,ENFERMAGEM,MESTRADO/DOUTORADO,ACADÊMICO,6,EM FUNCIONAMENTO
Universidade Federal de Santa Catarina,ENGENHARIA AMBIENTAL,MESTRADO/DOUTORADO,ACADÊMICO,6,EM FUNCIONAMENTO
Universidade Federal de Santa Catarina,ENGENHARIA CIVIL,MESTRADO/DOUTORADO,ACADÊMICO,6,EM FUNCIONAMENTO
Universidade Federal de Santa Catarina,ENGENHARIA DE ALIMENTOS,MESTRADO/DOUTORADO,ACADÊMICO,7,EM FUNCIONAMENTO
Universidade Federal de Santa Catarina,ENGENHARIA DE AUTOMAÇÃO E SISTEMAS,MESTRADO/DOUTORADO,ACADÊMICO,6,EM FUNCIONAMENTO
Universidade Federal de Santa Catarina,ENGENHARIA DE PRODUÇÃO,MESTRADO/DOUTORADO,ACADÊMICO,6,EM FUNCIONAMENTO
Universidade Federal de Santa Catarina,ENGENHARIA ELÉTRICA,MESTRADO/DOUTORADO,ACADÊMICO,7,EM FUNCIONAMENTO
Universidade Federal de Santa Catarina,ENGENHARIA MECÂNICA,MESTRADO/DOUTORADO,ACADÊMICO,6,EM FUNCIONAMENTO
Universidade Federal de Santa Catarina,ENGENHARIA QUÍMICA,MESTRADO/DOUTORADO,ACADÊMICO,7,EM FUNCIONAMENTO
Universidade Federal de Santa Catarina,"ENGENHARIA, GESTÃO E MÍDIA DO CONHECIMENTO",MESTRADO/DOUTORADO,ACADÊMICO,7,EM FUNCIONAMENTO
Universidade Federal de Santa Catarina,ESTUDOS DA TRADUÇÃO,MESTRADO/DOUTORADO,ACADÊMICO,6,EM FUNCIONAMENTO
Universidade Federal de Santa Catarina,FARMACOLOGIA,MESTRADO/DOUTORADO,ACADÊMICO,6,EM FUNCIONAMENTO
Universidade Federal de Santa Catarina,FARMÁCIA,MESTRADO/DOUTORADO,ACADÊMICO,5,EM FUNCIONAMENTO
Universidade Federal de Santa Catarina,FILOSOFIA,MESTRADO/DOUTORADO,ACADÊMICO,7,EM FUNCIONAMENTO
Universidade Federal de Santa Catarina,FÍSICA,MESTRADO/DOUTORADO,ACADÊMICO,5,EM FUNCIONAMENTO
Universidade Federal de Santa Catarina,GEOGRAFIA,MESTRADO/DOUTORADO,ACADÊMICO,5,EM FUNCIONAMENTO
Universidade Federal de Santa Catarina,HISTÓRIA,MESTRADO/DOUTORADO,ACADÊMICO,5,EM FUNCIONAMENTO
Universidade Federal de Santa Catarina,INGLÊS:ESTUDOS LINGÜÍSTICOS E LITERÁRIOS,MESTRADO/DOUTORADO,ACADÊMICO,5,EM FUNCIONAMENTO
Universidade Federal de Santa Catarina,JORNALISMO,MESTRADO/DOUTORADO,ACADÊMICO,4,EM FUNCIONAMENTO
Universidade Federal de Santa Catarina,LINGÜÍSTICA,MESTRADO/DOUTORADO,ACADÊMICO,6,EM FUNCIONAMENTO
Universidade Federal de Santa Catarina,LITERATURA,MESTRADO/DOUTORADO,ACADÊMICO,5,EM FUNCIONAMENTO
Universidade Federal de Santa Catarina,MATEMÁTICA PURA E APLICADA,MESTRADO/DOUTORADO,ACADÊMICO,5,EM FUNCIONAMENTO
Universidade Federal de Santa Catarina,NEUROCIÊNCIAS,MESTRADO/DOUTORADO,ACADÊMICO,6,EM FUNCIONAMENTO
Universidade Federal de Santa Catarina,NUTRIÇÃO,MESTRADO/DOUTORADO,ACADÊMICO,4,EM FUNCIONAMENTO
Universidade Federal de Santa Catarina,OCEANOGRAFIA,MESTRADO/DOUTORADO,ACADÊMICO,4,EM FUNCIONAMENTO
Universidade Federal de Santa Catarina,ODONTOLOGIA,MESTRADO/DOUTORADO,ACADÊMICO,5,EM FUNCIONAMENTO
Universidade Federal de Santa Catarina,PSICOLOGIA,MESTRADO/DOUTORADO,ACADÊMICO,5,EM FUNCIONAMENTO
Universidade Federal de Santa Catarina,QUÍMICA,MESTRADO/DOUTORADO,ACADÊMICO,7,EM FUNCIONAMENTO
Universidade Federal de Santa Catarina,RECURSOS GENÉTICOS VEGETAIS,MESTRADO/DOUTORADO,ACADÊMICO,6,EM FUNCIONAMENTO
Universidade Federal de Santa Catarina,RELAÇÕES INTERNACIONAIS,MESTRADO/DOUTORADO,ACADÊMICO,4,EM FUNCIONAMENTO
Universidade Federal de Santa Catarina,SAÚDE COLETIVA,MESTRADO/DOUTORADO,ACADÊMICO,6,EM FUNCIONAMENTO
Universidade Federal de Santa Catarina,SERVIÇO SOCIAL,MESTRADO/DOUTORADO,ACADÊMICO,5,EM FUNCIONAMENTO
Universidade Federal de Santa Catarina,SOCIOLOGIA E CIÊNCIA POLÍTICA,MESTRADO/DOUTORADO,ACADÊMICO,5,EM FUNCIONAMENTO
Universidade Federal de Santa Maria,ADMINISTRAÇÃO PÚBLICA,MESTRADO,ACADÊMICO,3,EM DESATIVACAO
Universidade Federal de Santa Maria,AGROBIOLOGIA,MESTRADO,ACADÊMICO,4,EM FUNCIONAMENTO
Universidade Federal de Santa Maria,AGRONOMIA - AGRICULTURA E AMBIENTE,MESTRADO,ACADÊMICO,5,EM FUNCIONAMENTO
Universidade Federal de Santa Maria,"ARQUITETURA, URBANISMO E PAISAGISMO",MESTRADO,ACADÊMICO,4,EM FUNCIONAMENTO
Universidade Federal de Santa Maria,CIÊNCIA DA COMPUTAÇÃO,MESTRADO,ACADÊMICO,3,EM FUNCIONAMENTO
Universidade Federal de Santa Maria,CIÊNCIA E TECNOLOGIA AMBIENTAL,MESTRADO,ACADÊMICO,3,EM FUNCIONAMENTO
Universidade Federal de Santa Maria,CIÊNCIAS CONTÁBEIS,MESTRADO,ACADÊMICO,3,EM FUNCIONAMENTO
Universidade Federal de Santa Maria,CIÊNCIAS DO MOVIMENTO E REABILITAÇÃO,MESTRADO,ACADÊMICO,4,EM FUNCIONAMENTO
Universidade Federal de Santa Maria,ECONOMIA E DESENVOLVIMENTO,MESTRADO,ACADÊMICO,4,EM FUNCIONAMENTO
Universidade Federal de Santa Maria,EDUCAÇÃO MATEMÁTICA E ENSINO DE FÍSICA,MESTRADO,ACADÊMICO,4,EM FUNCIONAMENTO
Universidade Federal de Santa Maria,EDUCAÇÃO PROFISSIONAL E TECNOLÓGICA,MESTRADO,ACADÊMICO,5,EM FUNCIONAMENTO
Universidade Federal de Santa Maria,ENGENHARIA MECÂNICA,MESTRADO,ACADÊMICO,3,EM FUNCIONAMENTO
Universidade Federal de Santa Maria,GERONTOLOGIA,MESTRADO,ACADÊMICO,4,EM FUNCIONAMENTO
Universidade Federal de Santa Maria,MATEMÁTICA,MESTRADO,ACADÊMICO,3,EM FUNCIONAMENTO
Universidade Federal de Santa Maria,RELAÇÕES INTERNACIONAIS,MESTRADO,ACADÊMICO,3,EM FUNCIONAMENTO
Universidade Federal de Santa Maria,SAÚDE E RURALIDADE,MESTRADO,ACADÊMICO,A,EM FUNCIONAMENTO
Universidade Federal de Santa Maria,AGRICULTURA DE PRECISÂO,MESTRADO PROFISSIONAL,PROFISSIONAL,4,EM FUNCIONAMENTO
Universidade Federal de Santa Maria,CIÊNCIAS DA SAÚDE,MESTRADO PROFISSIONAL,PROFISSIONAL,3,EM FUNCIONAMENTO
Universidade Federal de Santa Maria,ENSINO DE GEOGRAFIA EM REDE,MESTRADO PROFISSIONAL,PROFISSIONAL,A,EM FUNCIONAMENTO
Universidade Federal de Santa Maria,PATRIMÔNIO CULTURAL,MESTRADO PROFISSIONAL,PROFISSIONAL,3,EM FUNCIONAMENTO
Universidade Federal de Santa Maria,POLÍTICAS PÚBLICAS E GESTÃO EDUCACIONAL,MESTRADO PROFISSIONAL,PROFISSIONAL,4,EM FUNCIONAMENTO
Universidade Federal de Santa Maria,TECNOLOGIAS EDUCACIONAIS EM REDE,MESTRADO PROFISSIONAL,PROFISSIONAL,5,EM FUNCIONAMENTO
Universidade Federal de Santa Maria,GESTÃO DE ORGANIZAÇÕES PÚBLICAS,MESTRADO PROFISSIONAL/DOUTORADO PROFISSIONAL,PROFISSIONAL,4,EM FUNCIONAMENTO
Universidade Federal de Santa Maria,ADMINISTRAÇÃO,MESTRADO/DOUTORADO,ACADÊMICO,4,EM FUNCIONAMENTO
Universidade Federal de Santa Maria,AGRONEGÓCIOS,MESTRADO/DOUTORADO,ACADÊMICO,4,EM FUNCIONAMENTO
Universidade Federal de Santa Maria,AGRONOMIA,MESTRADO/DOUTORADO,ACADÊMICO,6,EM FUNCIONAMENTO
Universidade Federal de Santa Maria,ARTES VISUAIS,MESTRADO/DOUTORADO,ACADÊMICO,5,EM FUNCIONAMENTO
Universidade Federal de Santa Maria,BIODIVERSIDADE ANIMAL,MESTRADO/DOUTORADO,ACADÊMICO,6,EM FUNCIONAMENTO
Universidade Federal de Santa Maria,CIÊNCIA DO SOLO,MESTRADO/DOUTORADO,ACADÊMICO,7,EM FUNCIONAMENTO
Universidade Federal de Santa Maria,CIÊNCIA E TECNOLOGIA DOS ALIMENTOS,MESTRADO/DOUTORADO,ACADÊMICO,5,EM FUNCIONAMENTO
Universidade Federal de Santa Maria,CIÊNCIAS BIOLÓGICAS (BIOQUÍMICA TOXICOLÓGICA),MESTRADO/DOUTORADO,ACADÊMICO,6,EM FUNCIONAMENTO
Universidade Federal de Santa Maria,CIÊNCIAS FARMACÊUTICAS,MESTRADO/DOUTORADO,ACADÊMICO,5,EM FUNCIONAMENTO
Universidade Federal de Santa Maria,CIÊNCIAS ODONTOLÓGICAS,MESTRADO/DOUTORADO,ACADÊMICO,5,EM FUNCIONAMENTO
Universidade Federal de Santa Maria,CIÊNCIAS SOCIAIS,MESTRADO/DOUTORADO,ACADÊMICO,4,EM FUNCIONAMENTO
Universidade Federal de Santa Maria,COMUNICAÇÃO,MESTRADO/DOUTORADO,ACADÊMICO,5,EM FUNCIONAMENTO
Universidade Federal de Santa Maria,DIREITO,MESTRADO/DOUTORADO,ACADÊMICO,4,EM FUNCIONAMENTO
Universidade Federal de Santa Maria,DISTÚRBIOS DA COMUNICAÇÃO HUMANA,MESTRADO/DOUTORADO,ACADÊMICO,5,EM FUNCIONAMENTO
Universidade Federal de Santa Maria,EDUCAÇÃO,MESTRADO/DOUTORADO,ACADÊMICO,5,EM FUNCIONAMENTO
Universidade Federal de Santa Maria,ENFERMAGEM,MESTRADO/DOUTORADO,ACADÊMICO,5,EM FUNCIONAMENTO
Universidade Federal de Santa Maria,ENGENHARIA AGRÍCOLA,MESTRADO/DOUTORADO,ACADÊMICO,5,EM FUNCIONAMENTO
Universidade Federal de Santa Maria,ENGENHARIA AMBIENTAL,MESTRADO/DOUTORADO,ACADÊMICO,5,EM FUNCIONAMENTO
Universidade Federal de Santa Maria,ENGENHARIA CIVIL,MESTRADO/DOUTORADO,ACADÊMICO,4,EM FUNCIONAMENTO
Universidade Federal de Santa Maria,ENGENHARIA DE PRODUÇÃO,MESTRADO/DOUTORADO,ACADÊMICO,4,EM FUNCIONAMENTO
Universidade Federal de Santa Maria,ENGENHARIA ELÉTRICA,MESTRADO/DOUTORADO,ACADÊMICO,7,EM FUNCIONAMENTO
Universidade Federal de Santa Maria,ENGENHARIA FLORESTAL,MESTRADO/DOUTORADO,ACADÊMICO,5,EM FUNCIONAMENTO
Universidade Federal de Santa Maria,ENGENHARIA QUÍMICA,MESTRADO/DOUTORADO,ACADÊMICO,5,EM FUNCIONAMENTO
Universidade Federal de Santa Maria,EXTENSÃO RURAL,MESTRADO/DOUTORADO,ACADÊMICO,5,EM FUNCIONAMENTO
Universidade Federal de Santa Maria,FARMACOLOGIA,MESTRADO/DOUTORADO,ACADÊMICO,5,EM FUNCIONAMENTO
Universidade Federal de Santa Maria,FILOSOFIA,MESTRADO/DOUTORADO,ACADÊMICO,5,EM FUNCIONAMENTO
Universidade Federal de Santa Maria,FÍSICA,MESTRADO/DOUTORADO,ACADÊMICO,4,EM FUNCIONAMENTO
Universidade Federal de Santa Maria,GEOGRAFIA,MESTRADO/DOUTORADO,ACADÊMICO,5,EM FUNCIONAMENTO
Universidade Federal de Santa Maria,HISTÓRIA,MESTRADO/DOUTORADO,ACADÊMICO,5,EM FUNCIONAMENTO
Universidade Federal de Santa Maria,LETRAS,MESTRADO/DOUTORADO,ACADÊMICO,5,EM FUNCIONAMENTO
Universidade Federal de Santa Maria,MEDICINA VETERINÁRIA,MESTRADO/DOUTORADO,ACADÊMICO,7,EM FUNCIONAMENTO
Universidade Federal de Santa Maria,METEOROLOGIA,MESTRADO/DOUTORADO,ACADÊMICO,5,EM FUNCIONAMENTO
Universidade Federal de Santa Maria,PSICOLOGIA,MESTRADO/DOUTORADO,ACADÊMICO,5,EM FUNCIONAMENTO
Universidade Federal de Santa Maria,QUÍMICA,MESTRADO/DOUTORADO,ACADÊMICO,7,EM FUNCIONAMENTO
Universidade Federal de Santa Maria,ZOOTECNIA,MESTRADO/DOUTORADO,ACADÊMICO,4,EM FUNCIONAMENTO
Universidade Federal de Sergipe,REDE NORDESTE DE ENSINO - RENOEN,DOUTORADO,ACADÊMICO,A,EM FUNCIONAMENTO
Universidade Federal de Sergipe,ADMINISTRAÇÃO,MESTRADO,ACADÊMICO,4,EM FUNCIONAMENTO
Universidade Federal de Sergipe,ANTROPOLOGIA,MESTRADO,ACADÊMICO,3,EM FUNCIONAMENTO
Universidade Federal de Sergipe,BIOTECNOLOGIA,MESTRADO,ACADÊMICO,4,EM FUNCIONAMENTO
Universidade Federal de Sergipe,CIÊNCIA DA COMPUTAÇÃO,MESTRADO,ACADÊMICO,3,EM FUNCIONAMENTO
Universidade Federal de Sergipe,CIÊNCIA E TECNOLOGIA DE ALIMENTOS,MESTRADO,ACADÊMICO,3,EM FUNCIONAMENTO
Universidade Federal de Sergipe,CIÊNCIAS APLICADAS À SAÚDE,MESTRADO,ACADÊMICO,4,EM FUNCIONAMENTO
Universidade Federal de Sergipe,CIÊNCIAS DA NUTRIÇÃO,MESTRADO,ACADÊMICO,3,EM FUNCIONAMENTO
Universidade Federal de Sergipe,CIÊNCIAS DA RELIGIÃO,MESTRADO,ACADÊMICO,3,EM FUNCIONAMENTO
Universidade Federal de Sergipe,CIÊNCIAS DO MOVIMENTO,MESTRADO,ACADÊMICO,4,EM FUNCIONAMENTO
Universidade Federal de Sergipe,COMUNICAÇÃO,MESTRADO,ACADÊMICO,4,EM FUNCIONAMENTO
Universidade Federal de Sergipe,DESENVOLVIMENTO E MEIO AMBIENTE,MESTRADO,ACADÊMICO,4,EM FUNCIONAMENTO
Universidade Federal de Sergipe,DIREITO,MESTRADO,ACADÊMICO,4,EM FUNCIONAMENTO
Universidade Federal de Sergipe,ECONOMIA,MESTRADO,ACADÊMICO,3,EM FUNCIONAMENTO
Universidade Federal de Sergipe,ENFERMAGEM,MESTRADO,ACADÊMICO,4,EM FUNCIONAMENTO
Universidade Federal de Sergipe,ENGENHARIA CIVIL,MESTRADO,ACADÊMICO,3,EM FUNCIONAMENTO
Universidade Federal de Sergipe,ENGENHARIA E CIÊNCIAS AMBIENTAIS,MESTRADO,ACADÊMICO,3,EM FUNCIONAMENTO
Universidade Federal de Sergipe,ENGENHARIA ELÉTRICA,MESTRADO,ACADÊMICO,3,EM FUNCIONAMENTO
Universidade Federal de Sergipe,ENGENHARIA QUÍMICA,MESTRADO,ACADÊMICO,3,EM FUNCIONAMENTO
Universidade Federal de Sergipe,ENSINO DE CIÊNCIAS E MATEMÁTICA,MESTRADO,ACADÊMICO,4,EM FUNCIONAMENTO
Universidade Federal de Sergipe,GEOCIÊNCIAS E ANÁLISE DE BACIAS - PGAB,MESTRADO,ACADÊMICO,4,EM FUNCIONAMENTO
Universidade Federal de Sergipe,HISTÓRIA,MESTRADO,ACADÊMICO,4,EM FUNCIONAMENTO
Universidade Federal de Sergipe,INTERDISCIPLINAR EM CINEMA,MESTRADO,ACADÊMICO,4,EM FUNCIONAMENTO
Universidade Federal de Sergipe,INTERDISCIPLINAR EM CULTURAS POPULARES,MESTRADO,ACADÊMICO,2,EM DESATIVACAO
Universidade Federal de Sergipe,MATEMÁTICA,MESTRADO,ACADÊMICO,3,EM FUNCIONAMENTO
Universidade Federal de Sergipe,SERVIÇO SOCIAL,MESTRADO,ACADÊMICO,4,EM FUNCIONAMENTO
Universidade Federal de Sergipe,CIÊNCIA DA INFORMAÇÃO,MESTRADO PROFISSIONAL,PROFISSIONAL,4,EM FUNCIONAMENTO
Universidade Federal de Sergipe,ECONOMIA,MESTRADO PROFISSIONAL,PROFISSIONAL,3,EM FUNCIONAMENTO
Universidade Federal de Sergipe,GESTÃO E INOVAÇÃO TECNOLÓGICA EM SAÚDE,MESTRADO PROFISSIONAL,PROFISSIONAL,3,EM FUNCIONAMENTO
Universidade Federal de Sergipe,AGRICULTURA E BIODIVERSIDADE,MESTRADO/DOUTORADO,ACADÊMICO,5,EM FUNCIONAMENTO
Universidade Federal de Sergipe,ARQUEOLOGIA,MESTRADO/DOUTORADO,ACADÊMICO,4,EM FUNCIONAMENTO
Universidade Federal de Sergipe,BIOLOGIA PARASITARIA,MESTRADO/DOUTORADO,ACADÊMICO,4,EM FUNCIONAMENTO
Universidade Federal de Sergipe,CIÊNCIA DA PROPRIEDADE INTELECTUAL,MESTRADO/DOUTORADO,ACADÊMICO,4,EM FUNCIONAMENTO
Universidade Federal de Sergipe,CIÊNCIA E ENGENHARIA DE MATERIAIS,MESTRADO/DOUTORADO,ACADÊMICO,4,EM FUNCIONAMENTO
Universidade Federal de Sergipe,CIÊNCIAS DA SAUDE,MESTRADO/DOUTORADO,ACADÊMICO,6,EM FUNCIONAMENTO
Universidade Federal de Sergipe,CIÊNCIAS FARMACÊUTICAS,MESTRADO/DOUTORADO,ACADÊMICO,4,EM FUNCIONAMENTO
Universidade Federal de Sergipe,CIÊNCIAS FISIOLÓGICAS,MESTRADO/DOUTORADO,ACADÊMICO,4,EM FUNCIONAMENTO
Universidade Federal de Sergipe,ECOLOGIA E CONSERVAÇÃO,MESTRADO/DOUTORADO,ACADÊMICO,5,EM FUNCIONAMENTO
Universidade Federal de Sergipe,EDUCAÇÃO,MESTRADO/DOUTORADO,ACADÊMICO,5,EM FUNCIONAMENTO
Universidade Federal de Sergipe,FILOSOFIA,MESTRADO/DOUTORADO,ACADÊMICO,4,EM FUNCIONAMENTO
Universidade Federal de Sergipe,FÍSICA,MESTRADO/DOUTORADO,ACADÊMICO,4,EM FUNCIONAMENTO
Universidade Federal de Sergipe,GEOGRAFIA,MESTRADO/DOUTORADO,ACADÊMICO,5,EM FUNCIONAMENTO
Universidade Federal de Sergipe,LETRAS,MESTRADO/DOUTORADO,ACADÊMICO,4,EM FUNCIONAMENTO
Universidade Federal de Sergipe,ODONTOLOGIA,MESTRADO/DOUTORADO,ACADÊMICO,4,EM FUNCIONAMENTO
Universidade Federal de Sergipe,PSICOLOGIA,MESTRADO/DOUTORADO,ACADÊMICO,4,EM FUNCIONAMENTO
Universidade Federal de Sergipe,QUÍMICA,MESTRADO/DOUTORADO,ACADÊMICO,5,EM FUNCIONAMENTO
Universidade Federal de Sergipe,RECURSOS HÍDRICOS,MESTRADO/DOUTORADO,ACADÊMICO,4,EM FUNCIONAMENTO
Universidade Federal de Sergipe,SOCIOLOGIA,MESTRADO/DOUTORADO,ACADÊMICO,5,EM FUNCIONAMENTO
Universidade Federal de São Carlos,ADMINISTRAÇÃO,MESTRADO,ACADÊMICO,A,EM FUNCIONAMENTO
Universidade Federal de São Carlos,AGRICULTURA E AMBIENTE,MESTRADO,ACADÊMICO,4,EM FUNCIONAMENTO
Universidade Federal de São Carlos,AGROECOLOGIA E DESENVOLVIMENTO RURAL,MESTRADO,ACADÊMICO,4,EM FUNCIONAMENTO
Universidade Federal de São Carlos,CIÊNCIA DA COMPUTAÇÃO,MESTRADO,ACADÊMICO,3,EM FUNCIONAMENTO
Universidade Federal de São Carlos,CIÊNCIA DA INFORMAÇÃO,MESTRADO,ACADÊMICO,4,EM FUNCIONAMENTO
Universidade Federal de São Carlos,ECONOMIA,MESTRADO,ACADÊMICO,4,EM FUNCIONAMENTO
Universidade Federal de São Carlos,EDUCAÇÃO EM CIÊNCIAS E MATEMÁTICA,MESTRADO,ACADÊMICO,4,EM FUNCIONAMENTO
Universidade Federal de São Carlos,ENGENHARIA ELÉTRICA,MESTRADO,ACADÊMICO,3,EM FUNCIONAMENTO
Universidade Federal de São Carlos,ENGENHARIA MECÂNICA,MESTRADO,ACADÊMICO,3,EM FUNCIONAMENTO
Universidade Federal de São Carlos,ESTUDOS DA CONDIÇÃO HUMANA,MESTRADO,ACADÊMICO,3,EM FUNCIONAMENTO
Universidade Federal de São Carlos,GEOGRAFIA,MESTRADO,ACADÊMICO,4,EM FUNCIONAMENTO
Universidade Federal de São Carlos,PRODUÇÃO VEGETAL E BIOPROCESSOS ASSOCIADOS,MESTRADO,ACADÊMICO,4,EM FUNCIONAMENTO
Universidade Federal de São Carlos,ADMINISTRAÇÃO E SOCIEDADE,MESTRADO PROFISSIONAL,PROFISSIONAL,3,EM FUNCIONAMENTO
Universidade Federal de São Carlos,CONSERVAÇÃO DA FAUNA,MESTRADO PROFISSIONAL,PROFISSIONAL,4,EM FUNCIONAMENTO
Universidade Federal de São Carlos,EDUCAÇÃO,MESTRADO PROFISSIONAL,PROFISSIONAL,3,EM FUNCIONAMENTO
Universidade Federal de São Carlos,ENGENHARIA DE PRODUÇÃO,MESTRADO PROFISSIONAL,PROFISSIONAL,A,EM FUNCIONAMENTO
Universidade Federal de São Carlos,ENSINO DE CIÊNCIAS EXATAS,MESTRADO PROFISSIONAL,PROFISSIONAL,3,EM FUNCIONAMENTO
Universidade Federal de São Carlos,GESTÃO DA CLÍNICA,MESTRADO PROFISSIONAL,PROFISSIONAL,4,EM FUNCIONAMENTO
Universidade Federal de São Carlos,PRODUÇÃO DE CONTEÚDO MULTIPLATAFORMA (PPGCOM),MESTRADO PROFISSIONAL,PROFISSIONAL,A,EM FUNCIONAMENTO
Universidade Federal de São Carlos,QUÍMICA,MESTRADO PROFISSIONAL,PROFISSIONAL,5,EM FUNCIONAMENTO
Universidade Federal de São Carlos,SUSTENTABILIDADE NA GESTÃO AMBIENTAL,MESTRADO PROFISSIONAL,PROFISSIONAL,3,EM FUNCIONAMENTO
Universidade Federal de São Carlos,ANTROPOLOGIA SOCIAL,MESTRADO/DOUTORADO,ACADÊMICO,5,EM FUNCIONAMENTO
Universidade Federal de São Carlos,BIOTECNOLOGIA,MESTRADO/DOUTORADO,ACADÊMICO,5,EM FUNCIONAMENTO
Universidade Federal de São Carlos,BIOTECNOLOGIA E MONITORAMENTO AMBIENTAL,MESTRADO/DOUTORADO,ACADÊMICO,4,EM FUNCIONAMENTO
Universidade Federal de São Carlos,CIENCIA POLITICA,MESTRADO/DOUTORADO,ACADÊMICO,5,EM FUNCIONAMENTO
Universidade Federal de São Carlos,CIÊNCIA DA COMPUTAÇÃO,MESTRADO/DOUTORADO,ACADÊMICO,5,EM FUNCIONAMENTO
Universidade Federal de São Carlos,CIÊNCIA DOS MATERIAIS,MESTRADO/DOUTORADO,ACADÊMICO,4,EM FUNCIONAMENTO
Universidade Federal de São Carlos,CIÊNCIA E ENGENHARIA DOS MATERIAIS,MESTRADO/DOUTORADO,ACADÊMICO,7,EM FUNCIONAMENTO
Universidade Federal de São Carlos,"CIÊNCIA, TECNOLOGIA E SOCIEDADE",MESTRADO/DOUTORADO,ACADÊMICO,5,EM FUNCIONAMENTO
Universidade Federal de São Carlos,CIÊNCIAS AMBIENTAIS,MESTRADO/DOUTORADO,ACADÊMICO,4,EM FUNCIONAMENTO
Universidade Federal de São Carlos,CIÊNCIAS FISIOLÓGICAS,MESTRADO/DOUTORADO,ACADÊMICO,5,EM FUNCIONAMENTO
Universidade Federal de São Carlos,ECOLOGIA E RECURSOS NATURAIS,MESTRADO/DOUTORADO,ACADÊMICO,4,EM FUNCIONAMENTO
Universidade Federal de São Carlos,EDUCAÇÃO,MESTRADO/DOUTORADO,ACADÊMICO,6,EM FUNCIONAMENTO
Universidade Federal de São Carlos,EDUCAÇÃO,MESTRADO/DOUTORADO,ACADÊMICO,4,EM FUNCIONAMENTO
Universidade Federal de São Carlos,EDUCAÇÃO ESPECIAL (EDUCAÇÃO DO INDIVÍDUO ESPECIAL),MESTRADO/DOUTORADO,ACADÊMICO,7,EM FUNCIONAMENTO
Universidade Federal de São Carlos,ENFERMAGEM,MESTRADO/DOUTORADO,ACADÊMICO,5,EM FUNCIONAMENTO
Universidade Federal de São Carlos,ENGENHARIA CIVIL,MESTRADO/DOUTORADO,ACADÊMICO,5,EM FUNCIONAMENTO
Universidade Federal de São Carlos,ENGENHARIA DE PRODUÇÃO,MESTRADO/DOUTORADO,ACADÊMICO,4,EM FUNCIONAMENTO
Universidade Federal de São Carlos,ENGENHARIA DE PRODUÇÃO,MESTRADO/DOUTORADO,ACADÊMICO,5,EM FUNCIONAMENTO
Universidade Federal de São Carlos,ENGENHARIA QUÍMICA,MESTRADO/DOUTORADO,ACADÊMICO,7,EM FUNCIONAMENTO
Universidade Federal de São Carlos,ENGENHARIA URBANA,MESTRADO/DOUTORADO,ACADÊMICO,4,EM FUNCIONAMENTO
Universidade Federal de São Carlos,ESTATÍSTICA,MESTRADO/DOUTORADO,ACADÊMICO,5,EM FUNCIONAMENTO
Universidade Federal de São Carlos,ESTUDOS DE LITERATURA,MESTRADO/DOUTORADO,ACADÊMICO,4,EM FUNCIONAMENTO
Universidade Federal de São Carlos,FILOSOFIA,MESTRADO/DOUTORADO,ACADÊMICO,5,EM FUNCIONAMENTO
Universidade Federal de São Carlos,FISIOTERAPIA,MESTRADO/DOUTORADO,ACADÊMICO,7,EM FUNCIONAMENTO
Universidade Federal de São Carlos,FÍSICA,MESTRADO/DOUTORADO,ACADÊMICO,4,EM FUNCIONAMENTO
Universidade Federal de São Carlos,GENÉTICA EVOLUTIVA E BIOLOGIA MOLECULAR,MESTRADO/DOUTORADO,ACADÊMICO,5,EM FUNCIONAMENTO
Universidade Federal de São Carlos,GERONTOLOGIA,MESTRADO/DOUTORADO,ACADÊMICO,4,EM FUNCIONAMENTO
Universidade Federal de São Carlos,IMAGEM E SOM,MESTRADO/DOUTORADO,ACADÊMICO,4,EM FUNCIONAMENTO
Universidade Federal de São Carlos,LINGUÍSTICA,MESTRADO/DOUTORADO,ACADÊMICO,5,EM FUNCIONAMENTO
Universidade Federal de São Carlos,MATEMÁTICA,MESTRADO/DOUTORADO,ACADÊMICO,5,EM FUNCIONAMENTO
Universidade Federal de São Carlos,PLANEJAMENTO E USO DE RECURSOS RENOVÁVEIS,MESTRADO/DOUTORADO,ACADÊMICO,4,EM FUNCIONAMENTO
Universidade Federal de São Carlos,PSICOLOGIA,MESTRADO/DOUTORADO,ACADÊMICO,6,EM FUNCIONAMENTO
Universidade Federal de São Carlos,QUÍMICA,MESTRADO/DOUTORADO,ACADÊMICO,7,EM FUNCIONAMENTO
Universidade Federal de São Carlos,SOCIOLOGIA,MESTRADO/DOUTORADO,ACADÊMICO,6,EM FUNCIONAMENTO
Universidade Federal de São Carlos,TERAPIA OCUPACIONAL,MESTRADO/DOUTORADO,ACADÊMICO,5,EM FUNCIONAMENTO
Universidade Federal de São João del-Rei,ARTES CÊNICAS,MESTRADO,ACADÊMICO,4,EM FUNCIONAMENTO
Universidade Federal de São João del-Rei,CIÊNCIA DA COMPUTAÇÃO,MESTRADO,ACADÊMICO,4,EM FUNCIONAMENTO
Universidade Federal de São João del-Rei,CIÊNCIAS AGRÁRIAS,MESTRADO,ACADÊMICO,4,EM FUNCIONAMENTO
Universidade Federal de São João del-Rei,CIÊNCIAS FARMACÊUTICAS,MESTRADO,ACADÊMICO,4,EM FUNCIONAMENTO
Universidade Federal de São João del-Rei,CIÊNCIAS MORFOFUNCIONAIS,MESTRADO,ACADÊMICO,3,EM FUNCIONAMENTO
Universidade Federal de São João del-Rei,"DESENVOLVIMENTO, PLANEJAMENTO E TERRITÓRIO",MESTRADO,ACADÊMICO,3,EM FUNCIONAMENTO
Universidade Federal de São João del-Rei,ECOLOGIA,MESTRADO,ACADÊMICO,3,EM FUNCIONAMENTO
Universidade Federal de São João del-Rei,ENFERMAGEM,MESTRADO,ACADÊMICO,4,EM FUNCIONAMENTO
Universidade Federal de São João del-Rei,ENGENHARIA DE BIOPROCESSOS E BIOTECNOLOGIA,MESTRADO,ACADÊMICO,A,EM FUNCIONAMENTO
Universidade Federal de São João del-Rei,ENGENHARIA MECÂNICA,MESTRADO,ACADÊMICO,4,EM FUNCIONAMENTO
Universidade Federal de São João del-Rei,ENGENHARIA QUÍMICA,MESTRADO,ACADÊMICO,3,EM FUNCIONAMENTO
Universidade Federal de São João del-Rei,FILOSOFIA,MESTRADO,ACADÊMICO,3,EM FUNCIONAMENTO
Universidade Federal de São João del-Rei,GEOGRAFIA,MESTRADO,ACADÊMICO,4,EM FUNCIONAMENTO
Universidade Federal de São João del-Rei,HISTÓRIA,MESTRADO,ACADÊMICO,4,EM FUNCIONAMENTO
Universidade Federal de São João del-Rei,"INTERDISCIPLINAR EM ARTES, URBANIDADES E SUSTENTABILIDADE",MESTRADO,ACADÊMICO,3,EM FUNCIONAMENTO
Universidade Federal de São João del-Rei,MÚSICA,MESTRADO,ACADÊMICO,3,EM FUNCIONAMENTO
Universidade Federal de São João del-Rei,PROCESSOS SOCIOEDUCATIVOS E PRÁTICAS ESCOLARES,MESTRADO,ACADÊMICO,4,EM FUNCIONAMENTO
Universidade Federal de São João del-Rei,TEORIA LITERARIA E CRITICA DA CULTURA,MESTRADO,ACADÊMICO,4,EM FUNCIONAMENTO
Universidade Federal de São João del-Rei,BIOENGENHARIA,MESTRADO/DOUTORADO,ACADÊMICO,6,EM FUNCIONAMENTO
Universidade Federal de São João del-Rei,BIOTECNOLOGIA,MESTRADO/DOUTORADO,ACADÊMICO,5,EM FUNCIONAMENTO
Universidade Federal de São João del-Rei,CIÊNCIAS DA SAÚDE,MESTRADO/DOUTORADO,ACADÊMICO,5,EM FUNCIONAMENTO
Universidade Federal de São João del-Rei,ENGENHARIA ELÉTRICA (UFSJ - CEFET-MG),MESTRADO/DOUTORADO,ACADÊMICO,4,EM FUNCIONAMENTO
Universidade Federal de São João del-Rei,FISICA E QUIMICA DE MATERIAIS,MESTRADO/DOUTORADO,ACADÊMICO,5,EM FUNCIONAMENTO
Universidade Federal de São João del-Rei,PSICOLOGIA,MESTRADO/DOUTORADO,ACADÊMICO,4,EM FUNCIONAMENTO
Universidade Federal de São Paulo,ANÁLISE AMBIENTAL INTEGRADA,MESTRADO,ACADÊMICO,4,EM FUNCIONAMENTO
Universidade Federal de São Paulo,CIÊNCIAS FARMACÊUTICAS,MESTRADO,ACADÊMICO,3,EM FUNCIONAMENTO
Universidade Federal de São Paulo,ECOLOGIA E EVOLUÇÃO,MESTRADO,ACADÊMICO,4,EM FUNCIONAMENTO
Universidade Federal de São Paulo,ECONOMIA E DESENVOLVIMENTO,MESTRADO,ACADÊMICO,3,EM FUNCIONAMENTO
Universidade Federal de São Paulo,ENGENHARIA BIOMÉDICA,MESTRADO,ACADÊMICO,3,EM FUNCIONAMENTO
Universidade Federal de São Paulo,ENGENHARIA QUÍMICA,MESTRADO,ACADÊMICO,3,EM FUNCIONAMENTO
Universidade Federal de São Paulo,ENSINO DE CIÊNCIAS E MATEMÁTICA,MESTRADO,ACADÊMICO,3,EM FUNCIONAMENTO
Universidade Federal de São Paulo,FÍSICA,MESTRADO,ACADÊMICO,A,EM FUNCIONAMENTO
Universidade Federal de São Paulo,INTERDISCIPLINAR EM CIÊNCIA E TECNOLOGIA DO MAR,MESTRADO,ACADÊMICO,3,EM FUNCIONAMENTO
Universidade Federal de São Paulo,MATEMÁTICA PURA E APLICADA,MESTRADO,ACADÊMICO,3,EM FUNCIONAMENTO
Universidade Federal de São Paulo,SERVIÇO SOCIAL E POLÍTICAS SOCIAIS,MESTRADO,ACADÊMICO,3,EM FUNCIONAMENTO
Universidade Federal de São Paulo,CIÊNCIAS DA SAÚDE APLICADA AO ESPORTE E À ATIVIDADE FÍSICA,MESTRADO PROFISSIONAL,PROFISSIONAL,3,EM FUNCIONAMENTO
Universidade Federal de São Paulo,"CIÊNCIAS, TECNOLOGIA E GESTÃO APLICADAS À REGENERAÇÃO TECIDUAL",MESTRADO PROFISSIONAL,PROFISSIONAL,4,EM FUNCIONAMENTO
Universidade Federal de São Paulo,ENSINO EM CIÊNCIAS DA SAÚDE,MESTRADO PROFISSIONAL,PROFISSIONAL,3,EM FUNCIONAMENTO
Universidade Federal de São Paulo,"TECNOLOGIA, GESTÃO E SAÚDE OCULAR",MESTRADO PROFISSIONAL,PROFISSIONAL,3,EM FUNCIONAMENTO
Universidade Federal de São Paulo,INOVAÇÃO TECNOLÓGICA,MESTRADO PROFISSIONAL/DOUTORADO PROFISSIONAL,PROFISSIONAL,4,EM FUNCIONAMENTO
Universidade Federal de São Paulo,BIODIVERSIDADE MARINHA E COSTEIRA,MESTRADO/DOUTORADO,ACADÊMICO,4,EM FUNCIONAMENTO
Universidade Federal de São Paulo,BIOLOGIA ESTRUTURAL E FUNCIONAL,MESTRADO/DOUTORADO,ACADÊMICO,5,EM FUNCIONAMENTO
Universidade Federal de São Paulo,BIOLOGIA QUÍMICA,MESTRADO/DOUTORADO,ACADÊMICO,5,EM FUNCIONAMENTO
Universidade Federal de São Paulo,BIOPRODUTOS E BIOPROCESSOS,MESTRADO/DOUTORADO,ACADÊMICO,4,EM FUNCIONAMENTO
Universidade Federal de São Paulo,BIOTECNOLOGIA,MESTRADO/DOUTORADO,ACADÊMICO,4,EM FUNCIONAMENTO
Universidade Federal de São Paulo,CIRURGIA TRANSLACIONAL,MESTRADO/DOUTORADO,ACADÊMICO,6,EM FUNCIONAMENTO
Universidade Federal de São Paulo,CIÊNCIA CIRÚRGICA INTERDISCIPLINAR,MESTRADO/DOUTORADO,ACADÊMICO,4,EM FUNCIONAMENTO
Universidade Federal de São Paulo,CIÊNCIA DA COMPUTAÇÃO,MESTRADO/DOUTORADO,ACADÊMICO,4,EM FUNCIONAMENTO
Universidade Federal de São Paulo,CIÊNCIAS BIOLÓGICAS (BIOLOGIA MOLECULAR),MESTRADO/DOUTORADO,ACADÊMICO,7,EM FUNCIONAMENTO
Universidade Federal de São Paulo,CIÊNCIAS DA SAÚDE APLICADAS À REUMATOLOGIA,MESTRADO/DOUTORADO,ACADÊMICO,5,EM FUNCIONAMENTO
Universidade Federal de São Paulo,CIÊNCIAS DO MOVIMENTO HUMANO E REABILITAÇÃO,MESTRADO/DOUTORADO,ACADÊMICO,4,EM FUNCIONAMENTO
Universidade Federal de São Paulo,CIÊNCIAS SOCIAIS,MESTRADO/DOUTORADO,ACADÊMICO,4,EM FUNCIONAMENTO
Universidade Federal de São Paulo,DISTÚRBIOS DA COMUNICAÇÃO HUMANA (FONOAUDIOLOGIA),MESTRADO/DOUTORADO,ACADÊMICO,5,EM FUNCIONAMENTO
Universidade Federal de São Paulo,EDUCAÇÃO,MESTRADO/DOUTORADO,ACADÊMICO,4,EM FUNCIONAMENTO
Universidade Federal de São Paulo,EDUCAÇÃO E SAÚDE NA INFÂNCIA E ADOLESCÊNCIA,MESTRADO/DOUTORADO,ACADÊMICO,4,EM FUNCIONAMENTO
Universidade Federal de São Paulo,ENFERMAGEM,MESTRADO/DOUTORADO,ACADÊMICO,6,EM FUNCIONAMENTO
Universidade Federal de São Paulo,ENGENHARIA E CIÊNCIA DE MATERIAIS,MESTRADO/DOUTORADO,ACADÊMICO,5,EM FUNCIONAMENTO
Universidade Federal de São Paulo,FARMACOLOGIA,MESTRADO/DOUTORADO,ACADÊMICO,6,EM FUNCIONAMENTO
Universidade Federal de São Paulo,FILOSOFIA,MESTRADO/DOUTORADO,ACADÊMICO,5,EM FUNCIONAMENTO
Universidade Federal de São Paulo,GASTROENTEROLOGIA,MESTRADO/DOUTORADO,ACADÊMICO,3,EM FUNCIONAMENTO
Universidade Federal de São Paulo,HISTÓRIA,MESTRADO/DOUTORADO,ACADÊMICO,4,EM FUNCIONAMENTO
Universidade Federal de São Paulo,HISTÓRIA DA ARTE,MESTRADO/DOUTORADO,ACADÊMICO,4,EM FUNCIONAMENTO
Universidade Federal de São Paulo,INFECTOLOGIA,MESTRADO/DOUTORADO,ACADÊMICO,6,EM FUNCIONAMENTO
Universidade Federal de São Paulo,INTERDISCIPLINAR EM CIÊNCIAS DA SAÚDE,MESTRADO/DOUTORADO,ACADÊMICO,5,EM FUNCIONAMENTO
Universidade Federal de São Paulo,LETRAS,MESTRADO/DOUTORADO,ACADÊMICO,4,EM FUNCIONAMENTO
Universidade Federal de São Paulo,MEDICINA (CARDIOLOGIA),MESTRADO/DOUTORADO,ACADÊMICO,4,EM FUNCIONAMENTO
Universidade Federal de São Paulo,MEDICINA (ENDOCRINOLOGIA E METABOLOGIA),MESTRADO/DOUTORADO,ACADÊMICO,5,EM FUNCIONAMENTO
Universidade Federal de São Paulo,MEDICINA (GINECOLOGIA),MESTRADO/DOUTORADO,ACADÊMICO,5,EM FUNCIONAMENTO
Universidade Federal de São Paulo,MEDICINA (HEMATOLOGIA E ONCOLOGIA),MESTRADO/DOUTORADO,ACADÊMICO,5,EM FUNCIONAMENTO
Universidade Federal de São Paulo,MEDICINA (NEFROLOGIA),MESTRADO/DOUTORADO,ACADÊMICO,6,EM FUNCIONAMENTO
Universidade Federal de São Paulo,MEDICINA (OBSTETRÍCIA),MESTRADO/DOUTORADO,ACADÊMICO,4,EM FUNCIONAMENTO
Universidade Federal de São Paulo,MEDICINA (OTORRINOLARINGOLOGIA),MESTRADO/DOUTORADO,ACADÊMICO,4,EM FUNCIONAMENTO
Universidade Federal de São Paulo,MEDICINA (PNEUMOLOGIA),MESTRADO/DOUTORADO,ACADÊMICO,5,EM FUNCIONAMENTO
Universidade Federal de São Paulo,MEDICINA (RADIOLOGIA CLÍNICA),MESTRADO/DOUTORADO,ACADÊMICO,4,EM FUNCIONAMENTO
Universidade Federal de São Paulo,MEDICINA (UROLOGIA),MESTRADO/DOUTORADO,ACADÊMICO,4,EM FUNCIONAMENTO
Universidade Federal de São Paulo,MEDICINA TRANSLACIONAL,MESTRADO/DOUTORADO,ACADÊMICO,6,EM FUNCIONAMENTO
Universidade Federal de São Paulo,MICROBIOLOGIA E IMUNOLOGIA,MESTRADO/DOUTORADO,ACADÊMICO,7,EM FUNCIONAMENTO
Universidade Federal de São Paulo,NEUROLOGIA - NEUROCIÊNCIAS,MESTRADO/DOUTORADO,ACADÊMICO,6,EM FUNCIONAMENTO
Universidade Federal de São Paulo,NUTRIÇÃO,MESTRADO/DOUTORADO,ACADÊMICO,6,EM FUNCIONAMENTO
Universidade Federal de São Paulo,OFTALMOLOGIA E CIÊNCIAS VISUAIS,MESTRADO/DOUTORADO,ACADÊMICO,7,EM FUNCIONAMENTO
Universidade Federal de São Paulo,PATOLOGIA,MESTRADO/DOUTORADO,ACADÊMICO,4,EM FUNCIONAMENTO
Universidade Federal de São Paulo,PEDIATRIA E CIÊNCIAS APLICADAS À PEDIATRIA,MESTRADO/DOUTORADO,ACADÊMICO,5,EM FUNCIONAMENTO
Universidade Federal de São Paulo,PSICOBIOLOGIA,MESTRADO/DOUTORADO,ACADÊMICO,7,EM FUNCIONAMENTO
Universidade Federal de São Paulo,PSIQUIATRIA E PSICOLOGIA MÉDICA,MESTRADO/DOUTORADO,ACADÊMICO,7,EM FUNCIONAMENTO
Universidade Federal de São Paulo,QUÍMICA - CIÊNCIA E TECNOLOGIA DA SUSTENTABILIDADE,MESTRADO/DOUTORADO,ACADÊMICO,4,EM FUNCIONAMENTO
Universidade Federal de São Paulo,SAÚDE BASEADA EM EVIDÊNCIAS,MESTRADO/DOUTORADO,ACADÊMICO,5,EM FUNCIONAMENTO
Universidade Federal de São Paulo,SAÚDE COLETIVA,MESTRADO/DOUTORADO,ACADÊMICO,5,EM FUNCIONAMENTO
Universidade Federal de Uberlândia,AGRICULTURA E INFORMAÇÕES GEOESPACIAIS,MESTRADO,ACADÊMICO,3,EM FUNCIONAMENTO
Universidade Federal de Uberlândia,BIOTECNOLOGIA,MESTRADO,ACADÊMICO,4,EM FUNCIONAMENTO
Universidade Federal de Uberlândia,CIÊNCIAS SOCIAIS,MESTRADO,ACADÊMICO,3,EM FUNCIONAMENTO
Universidade Federal de Uberlândia,DIREITO,MESTRADO,ACADÊMICO,4,EM FUNCIONAMENTO
Universidade Federal de Uberlândia,ENGENHARIA CIVIL,MESTRADO,ACADÊMICO,4,EM FUNCIONAMENTO
Universidade Federal de Uberlândia,ENGENHARIA DE ALIMENTOS,MESTRADO,ACADÊMICO,3,EM FUNCIONAMENTO
Universidade Federal de Uberlândia,GEOGRAFIA,MESTRADO,ACADÊMICO,4,EM FUNCIONAMENTO
Universidade Federal de Uberlândia,MATEMÁTICA,MESTRADO,ACADÊMICO,4,EM FUNCIONAMENTO
Universidade Federal de Uberlândia,MÚSICA,MESTRADO,ACADÊMICO,3,EM FUNCIONAMENTO
Universidade Federal de Uberlândia,QUALIDADE AMBIENTAL,MESTRADO,ACADÊMICO,3,EM FUNCIONAMENTO
Universidade Federal de Uberlândia,RELAÇÕES INTERNACIONAIS,MESTRADO,ACADÊMICO,4,EM FUNCIONAMENTO
Universidade Federal de Uberlândia,CIÊNCIAS DA SAÚDE,MESTRADO PROFISSIONAL,PROFISSIONAL,4,EM FUNCIONAMENTO
Universidade Federal de Uberlândia,EDUCAÇÃO BÁSICA,MESTRADO PROFISSIONAL,PROFISSIONAL,A,EM FUNCIONAMENTO
Universidade Federal de Uberlândia,ENSINO DE CIÊNCIAS E MATEMÁTICA,MESTRADO PROFISSIONAL,PROFISSIONAL,4,EM FUNCIONAMENTO
Universidade Federal de Uberlândia,GESTÃO ORGANIZACIONAL,MESTRADO PROFISSIONAL,PROFISSIONAL,4,EM FUNCIONAMENTO
Universidade Federal de Uberlândia,PROFARTES,MESTRADO PROFISSIONAL,PROFISSIONAL,4,EM FUNCIONAMENTO
Universidade Federal de Uberlândia,SAÚDE AMBIENTAL E SAÚDE DO TRABALHADOR,MESTRADO PROFISSIONAL,PROFISSIONAL,3,EM FUNCIONAMENTO
Universidade Federal de Uberlândia,"TECNOLOGIAS, COMUNICAÇÃO E EDUCAÇÃO",MESTRADO PROFISSIONAL,PROFISSIONAL,4,EM FUNCIONAMENTO
Universidade Federal de Uberlândia,ADMINISTRAÇÃO,MESTRADO/DOUTORADO,ACADÊMICO,5,EM FUNCIONAMENTO
Universidade Federal de Uberlândia,AGRONOMIA,MESTRADO/DOUTORADO,ACADÊMICO,5,EM FUNCIONAMENTO
Universidade Federal de Uberlândia,ARQUITETURA E URBANISMO,MESTRADO/DOUTORADO,ACADÊMICO,4,EM FUNCIONAMENTO
Universidade Federal de Uberlândia,ARTES CÊNICAS,MESTRADO/DOUTORADO,ACADÊMICO,4,EM FUNCIONAMENTO
Universidade Federal de Uberlândia,BIOCOMBUSTÍVEIS - UFVJM - UFU,MESTRADO/DOUTORADO,ACADÊMICO,4,EM FUNCIONAMENTO
Universidade Federal de Uberlândia,BIOLOGIA CELULAR E ESTRUTURAL APLICADAS,MESTRADO/DOUTORADO,ACADÊMICO,4,EM FUNCIONAMENTO
Universidade Federal de Uberlândia,BIOLOGIA VEGETAL,MESTRADO/DOUTORADO,ACADÊMICO,4,EM FUNCIONAMENTO
Universidade Federal de Uberlândia,CIÊNCIA DA COMPUTAÇÃO,MESTRADO/DOUTORADO,ACADÊMICO,5,EM FUNCIONAMENTO
Universidade Federal de Uberlândia,CIÊNCIAS CONTÁBEIS,MESTRADO/DOUTORADO,ACADÊMICO,4,EM FUNCIONAMENTO
Universidade Federal de Uberlândia,CIÊNCIAS DA SAÚDE,MESTRADO/DOUTORADO,ACADÊMICO,6,EM FUNCIONAMENTO
Universidade Federal de Uberlândia,CIÊNCIAS VETERINÁRIAS,MESTRADO/DOUTORADO,ACADÊMICO,5,EM FUNCIONAMENTO
Universidade Federal de Uberlândia,"ECOLOGIA, CONSERVAÇÃO E BIODIVERSIDADE",MESTRADO/DOUTORADO,ACADÊMICO,5,EM FUNCIONAMENTO
Universidade Federal de Uberlândia,ECONOMIA,MESTRADO/DOUTORADO,ACADÊMICO,5,EM FUNCIONAMENTO
Universidade Federal de Uberlândia,EDUCAÇÃO,MESTRADO/DOUTORADO,ACADÊMICO,5,EM FUNCIONAMENTO
Universidade Federal de Uberlândia,ENGENHARIA BIOMÉDICA,MESTRADO/DOUTORADO,ACADÊMICO,4,EM FUNCIONAMENTO
Universidade Federal de Uberlândia,ENGENHARIA ELÉTRICA,MESTRADO/DOUTORADO,ACADÊMICO,4,EM FUNCIONAMENTO
Universidade Federal de Uberlândia,ENGENHARIA MECÂNICA,MESTRADO/DOUTORADO,ACADÊMICO,7,EM FUNCIONAMENTO
Universidade Federal de Uberlândia,ENGENHARIA QUÍMICA,MESTRADO/DOUTORADO,ACADÊMICO,7,EM FUNCIONAMENTO
Universidade Federal de Uberlândia,ESTUDOS LINGÜÍSTICOS,MESTRADO/DOUTORADO,ACADÊMICO,6,EM FUNCIONAMENTO
Universidade Federal de Uberlândia,ESTUDOS LITERÁRIOS,MESTRADO/DOUTORADO,ACADÊMICO,5,EM FUNCIONAMENTO
Universidade Federal de Uberlândia,FILOSOFIA,MESTRADO/DOUTORADO,ACADÊMICO,5,EM FUNCIONAMENTO
Universidade Federal de Uberlândia,FÍSICA,MESTRADO/DOUTORADO,ACADÊMICO,5,EM FUNCIONAMENTO
Universidade Federal de Uberlândia,GENÉTICA E BIOQUÍMICA,MESTRADO/DOUTORADO,ACADÊMICO,5,EM FUNCIONAMENTO
Universidade Federal de Uberlândia,GEOGRAFIA,MESTRADO/DOUTORADO,ACADÊMICO,5,EM FUNCIONAMENTO
Universidade Federal de Uberlândia,HISTÓRIA,MESTRADO/DOUTORADO,ACADÊMICO,4,EM FUNCIONAMENTO
Universidade Federal de Uberlândia,IMUNOLOGIA E PARASITOLOGIA APLICADAS,MESTRADO/DOUTORADO,ACADÊMICO,7,EM FUNCIONAMENTO
Universidade Federal de Uberlândia,ODONTOLOGIA,MESTRADO/DOUTORADO,ACADÊMICO,6,EM FUNCIONAMENTO
Universidade Federal de Uberlândia,PSICOLOGIA,MESTRADO/DOUTORADO,ACADÊMICO,4,EM FUNCIONAMENTO
Universidade Federal de Uberlândia,QUÍMICA,MESTRADO/DOUTORADO,ACADÊMICO,6,EM FUNCIONAMENTO
Universidade Federal de Viçosa,AGROECOLOGIA,MESTRADO,ACADÊMICO,4,EM FUNCIONAMENTO
Universidade Federal de Viçosa,AGRONOMIA (PRODUÇÃO VEGETAL),MESTRADO,ACADÊMICO,4,EM FUNCIONAMENTO
Universidade Federal de Viçosa,ECONOMIA,MESTRADO,ACADÊMICO,4,EM FUNCIONAMENTO
Universidade Federal de Viçosa,EDUCAÇÃO,MESTRADO,ACADÊMICO,4,EM FUNCIONAMENTO
Universidade Federal de Viçosa,ENGENHARIA QUIMICA,MESTRADO,ACADÊMICO,3,EM FUNCIONAMENTO
Universidade Federal de Viçosa,GEOGRAFIA,MESTRADO,ACADÊMICO,3,EM FUNCIONAMENTO
Universidade Federal de Viçosa,LETRAS,MESTRADO,ACADÊMICO,4,EM FUNCIONAMENTO
Universidade Federal de Viçosa,MANEJO E CONSERVAÇÃO DE ECOSSISTEMAS NATURAIS E AGRÁRIOS,MESTRADO,ACADÊMICO,4,EM FUNCIONAMENTO
Universidade Federal de Viçosa,MATEMÁTICA,MESTRADO,ACADÊMICO,3,EM FUNCIONAMENTO
Universidade Federal de Viçosa,CIÊNCIAS DA SAÚDE,MESTRADO PROFISSIONAL,PROFISSIONAL,4,EM FUNCIONAMENTO
Universidade Federal de Viçosa,DEFESA SANITÁRIA VEGETAL,MESTRADO PROFISSIONAL,PROFISSIONAL,5,EM FUNCIONAMENTO
Universidade Federal de Viçosa,EDUCAÇÃO EM CIÊNCIAS E MATEMÁTICA,MESTRADO PROFISSIONAL,PROFISSIONAL,3,EM FUNCIONAMENTO
Universidade Federal de Viçosa,"PATRIMÔNIO CULTURAL, PAISAGENS E CIDADANIA",MESTRADO PROFISSIONAL,PROFISSIONAL,3,EM FUNCIONAMENTO
Universidade Federal de Viçosa,TECNOLOGIA DE CELULOSE E PAPEL,MESTRADO PROFISSIONAL,PROFISSIONAL,4,EM FUNCIONAMENTO
Universidade Federal de Viçosa,ADMINISTRAÇÃO,MESTRADO/DOUTORADO,ACADÊMICO,5,EM FUNCIONAMENTO
Universidade Federal de Viçosa,AGRONOMIA (FITOPATOLOGIA),MESTRADO/DOUTORADO,ACADÊMICO,7,EM FUNCIONAMENTO
Universidade Federal de Viçosa,AGRONOMIA (METEOROLOGIA APLICADA),MESTRADO/DOUTORADO,ACADÊMICO,5,EM FUNCIONAMENTO
Universidade Federal de Viçosa,AGRONOMIA (SOLOS E NUTRIÇÃO DE PLANTAS),MESTRADO/DOUTORADO,ACADÊMICO,6,EM FUNCIONAMENTO
Universidade Federal de Viçosa,AGROQUÍMICA,MESTRADO/DOUTORADO,ACADÊMICO,5,EM FUNCIONAMENTO
Universidade Federal de Viçosa,ARQUITETURA E URBANISMO,MESTRADO/DOUTORADO,ACADÊMICO,4,EM FUNCIONAMENTO
Universidade Federal de Viçosa,BIOLOGIA ANIMAL,MESTRADO/DOUTORADO,ACADÊMICO,4,EM FUNCIONAMENTO
Universidade Federal de Viçosa,BIOLOGIA CELULAR E ESTRUTURAL,MESTRADO/DOUTORADO,ACADÊMICO,5,EM FUNCIONAMENTO
Universidade Federal de Viçosa,BIOQUÍMICA APLICADA,MESTRADO/DOUTORADO,ACADÊMICO,5,EM FUNCIONAMENTO
Universidade Federal de Viçosa,BOTÂNICA,MESTRADO/DOUTORADO,ACADÊMICO,5,EM FUNCIONAMENTO
Universidade Federal de Viçosa,CIÊNCIA DA COMPUTAÇÃO,MESTRADO/DOUTORADO,ACADÊMICO,4,EM FUNCIONAMENTO
Universidade Federal de Viçosa,CIÊNCIA DA NUTRIÇÃO,MESTRADO/DOUTORADO,ACADÊMICO,7,EM FUNCIONAMENTO
Universidade Federal de Viçosa,CIÊNCIA E TECNOLOGIA DE ALIMENTOS,MESTRADO/DOUTORADO,ACADÊMICO,6,EM FUNCIONAMENTO
Universidade Federal de Viçosa,CIÊNCIA FLORESTAL,MESTRADO/DOUTORADO,ACADÊMICO,6,EM FUNCIONAMENTO
Universidade Federal de Viçosa,CIÊNCIAS AGRÁRIAS (FISIOLOGIA VEGETAL),MESTRADO/DOUTORADO,ACADÊMICO,7,EM FUNCIONAMENTO
Universidade Federal de Viçosa,ECOLOGIA,MESTRADO/DOUTORADO,ACADÊMICO,5,EM FUNCIONAMENTO
Universidade Federal de Viçosa,ECONOMIA APLICADA,MESTRADO/DOUTORADO,ACADÊMICO,5,EM FUNCIONAMENTO
Universidade Federal de Viçosa,ECONOMIA DOMÉSTICA,MESTRADO/DOUTORADO,ACADÊMICO,5,EM FUNCIONAMENTO
Universidade Federal de Viçosa,EDUCAÇÃO FÍSICA,MESTRADO/DOUTORADO,ACADÊMICO,5,EM FUNCIONAMENTO
Universidade Federal de Viçosa,ENGENHARIA AGRÍCOLA,MESTRADO/DOUTORADO,ACADÊMICO,6,EM FUNCIONAMENTO
Universidade Federal de Viçosa,ENGENHARIA CIVIL,MESTRADO/DOUTORADO,ACADÊMICO,5,EM FUNCIONAMENTO
Universidade Federal de Viçosa,ENTOMOLOGIA,MESTRADO/DOUTORADO,ACADÊMICO,7,EM FUNCIONAMENTO
Universidade Federal de Viçosa,ESTATÍSTICA APLICADA E BIOMETRIA,MESTRADO/DOUTORADO,ACADÊMICO,5,EM FUNCIONAMENTO
Universidade Federal de Viçosa,EXTENSÃO RURAL,MESTRADO/DOUTORADO,ACADÊMICO,5,EM FUNCIONAMENTO
Universidade Federal de Viçosa,FITOTECNIA (PRODUÇÃO VEGETAL),MESTRADO/DOUTORADO,ACADÊMICO,6,EM FUNCIONAMENTO
Universidade Federal de Viçosa,FÍSICA,MESTRADO/DOUTORADO,ACADÊMICO,5,EM FUNCIONAMENTO
Universidade Federal de Viçosa,GENÉTICA E MELHORAMENTO,MESTRADO/DOUTORADO,ACADÊMICO,7,EM FUNCIONAMENTO
Universidade Federal de Viçosa,MEDICINA VETERINÁRIA,MESTRADO/DOUTORADO,ACADÊMICO,7,EM FUNCIONAMENTO
Universidade Federal de Viçosa,MICROBIOLOGIA AGRÍCOLA,MESTRADO/DOUTORADO,ACADÊMICO,7,EM FUNCIONAMENTO
Universidade Federal de Viçosa,ZOOTECNIA,MESTRADO/DOUTORADO,ACADÊMICO,7,EM FUNCIONAMENTO
Universidade Federal do ABC,CIÊNCIA E ENGENHARIA DE MATERIAIS,MESTRADO,ACADÊMICO,3,EM FUNCIONAMENTO
Universidade Federal do ABC,ECONOMIA,MESTRADO,ACADÊMICO,4,EM FUNCIONAMENTO
Universidade Federal do ABC,ENGENHARIA DE PRODUÇÃO,MESTRADO,ACADÊMICO,3,EM FUNCIONAMENTO
Universidade Federal do ABC,ENGENHARIA E GESTÃO DA INOVAÇÃO,MESTRADO,ACADÊMICO,3,EM FUNCIONAMENTO
Universidade Federal do ABC,ENGENHARIA ELÉTRICA,MESTRADO,ACADÊMICO,4,EM FUNCIONAMENTO
Universidade Federal do ABC,ENGENHARIA MECÂNICA,MESTRADO,ACADÊMICO,3,EM FUNCIONAMENTO
Universidade Federal do ABC,RELAÇÕES INTERNACIONAIS,MESTRADO,ACADÊMICO,3,EM FUNCIONAMENTO
Universidade Federal do ABC,BIOSSISTEMAS,MESTRADO/DOUTORADO,ACADÊMICO,5,EM FUNCIONAMENTO
Universidade Federal do ABC,BIOTECNOCIÊNCIA,MESTRADO/DOUTORADO,ACADÊMICO,4,EM FUNCIONAMENTO
Universidade Federal do ABC,CIÊNCIA DA COMPUTAÇÃO,MESTRADO/DOUTORADO,ACADÊMICO,4,EM FUNCIONAMENTO
Universidade Federal do ABC,CIÊNCIA E TECNOLOGIA,MESTRADO/DOUTORADO,ACADÊMICO,6,EM FUNCIONAMENTO
Universidade Federal do ABC,CIÊNCIA E TECNOLOGIA AMBIENTAL,MESTRADO/DOUTORADO,ACADÊMICO,4,EM FUNCIONAMENTO
Universidade Federal do ABC,CIÊNCIAS HUMANAS E SOCIAIS,MESTRADO/DOUTORADO,ACADÊMICO,5,EM FUNCIONAMENTO
Universidade Federal do ABC,ECONOMIA POLÍTICA MUNDIAL,MESTRADO/DOUTORADO,ACADÊMICO,4,EM FUNCIONAMENTO
Universidade Federal do ABC,ENERGIA,MESTRADO/DOUTORADO,ACADÊMICO,4,EM FUNCIONAMENTO
Universidade Federal do ABC,ENGENHARIA BIOMÉDICA,MESTRADO/DOUTORADO,ACADÊMICO,4,EM FUNCIONAMENTO
Universidade Federal do ABC,ENGENHARIA DA INFORMAÇÃO,MESTRADO/DOUTORADO,ACADÊMICO,4,EM FUNCIONAMENTO
Universidade Federal do ABC,ENSINO E HISTÓRIA DAS CIÊNCIAS E DA MATEMÁTICA,MESTRADO/DOUTORADO,ACADÊMICO,4,EM FUNCIONAMENTO
Universidade Federal do ABC,EVOLUÇÃO E DIVERSIDADE,MESTRADO/DOUTORADO,ACADÊMICO,4,EM FUNCIONAMENTO
Universidade Federal do ABC,FILOSOFIA,MESTRADO/DOUTORADO,ACADÊMICO,4,EM FUNCIONAMENTO
Universidade Federal do ABC,FÍSICA,MESTRADO/DOUTORADO,ACADÊMICO,5,EM FUNCIONAMENTO
Universidade Federal do ABC,MATEMÁTICA,MESTRADO/DOUTORADO,ACADÊMICO,4,EM FUNCIONAMENTO
Universidade Federal do ABC,NANOCIÊNCIAS E MATERIAIS AVANÇADOS,MESTRADO/DOUTORADO,ACADÊMICO,6,EM FUNCIONAMENTO
Universidade Federal do ABC,NEUROCIÊNCIA E COGNIÇÃO,MESTRADO/DOUTORADO,ACADÊMICO,5,EM FUNCIONAMENTO
Universidade Federal do ABC,PLANEJAMENTO E GESTÃO DO TERRITÓRIO,MESTRADO/DOUTORADO,ACADÊMICO,5,EM FUNCIONAMENTO
Universidade Federal do ABC,POLÍTICAS PÚBLICAS,MESTRADO/DOUTORADO,ACADÊMICO,4,EM FUNCIONAMENTO
Universidade Federal do Acre,ARTES CÊNICAS,MESTRADO,ACADÊMICO,3,EM FUNCIONAMENTO
Universidade Federal do Acre,CIÊNCIA DA COMPUTAÇÃO,MESTRADO,ACADÊMICO,3,EM FUNCIONAMENTO
Universidade Federal do Acre,CIÊNCIA FLORESTAL,MESTRADO,ACADÊMICO,3,EM FUNCIONAMENTO
Universidade Federal do Acre,"CIÊNCIA, INOVAÇÃO E TECNOLOGIA PARA A AMAZÔNIA",MESTRADO,ACADÊMICO,4,EM FUNCIONAMENTO
Universidade Federal do Acre,CIÊNCIAS AMBIENTAIS,MESTRADO,ACADÊMICO,3,EM FUNCIONAMENTO
Universidade Federal do Acre,CIÊNCIAS DA SAÚDE NA AMAZÔNIA OCIDENTAL,MESTRADO,ACADÊMICO,3,EM FUNCIONAMENTO
Universidade Federal do Acre,ECOLOGIA E MANEJO DE RECURSOS NATURAIS,MESTRADO,ACADÊMICO,3,EM FUNCIONAMENTO
Universidade Federal do Acre,EDUCAÇÃO,MESTRADO,ACADÊMICO,4,EM FUNCIONAMENTO
Universidade Federal do Acre,ENSINO DE HUMANIDADES E LINGUAGENS,MESTRADO,ACADÊMICO,3,EM FUNCIONAMENTO
Universidade Federal do Acre,GEOGRAFIA,MESTRADO,ACADÊMICO,3,EM FUNCIONAMENTO
Universidade Federal do Acre,ENSINO DE CIÊNCIAS E MATEMÁTICA,MESTRADO PROFISSIONAL,PROFISSIONAL,4,EM FUNCIONAMENTO
Universidade Federal do Acre,LETRAS- LINGUAGEM E IDENTIDADE,MESTRADO/DOUTORADO,ACADÊMICO,5,EM FUNCIONAMENTO
Universidade Federal do Acre,PRODUÇÃO VEGETAL,MESTRADO/DOUTORADO,ACADÊMICO,4,EM FUNCIONAMENTO
Universidade Federal do Acre,SANIDADE E PRODUÇÃO ANIMAL SUSTENTÁVEL NA AMAZÔNIA OCIDENTAL,MESTRADO/DOUTORADO,ACADÊMICO,4,EM FUNCIONAMENTO
Universidade Federal do Acre,SAÚDE COLETIVA,MESTRADO/DOUTORADO,ACADÊMICO,4,EM FUNCIONAMENTO
Universidade Federal do Agreste de Pernambuco,CIÊNCIA ANIMAL E PASTAGENS,MESTRADO,ACADÊMICO,3,EM FUNCIONAMENTO
Universidade Federal do Agreste de Pernambuco,CIÊNCIAS AMBIENTAIS,MESTRADO,ACADÊMICO,4,EM FUNCIONAMENTO
Universidade Federal do Agreste de Pernambuco,SANIDADE E REPRODUÇÃO DE ANIMAIS DE PRODUÇÃO,MESTRADO,ACADÊMICO,4,EM FUNCIONAMENTO
Universidade Federal do Agreste de Pernambuco,PRODUÇÃO AGRÍCOLA,MESTRADO/DOUTORADO,ACADÊMICO,5,EM FUNCIONAMENTO
Universidade Federal do Amapá,CIÊNCIAS AMBIENTAIS,MESTRADO,ACADÊMICO,3,EM FUNCIONAMENTO
Universidade Federal do Amapá,CIÊNCIAS DA SAÚDE,MESTRADO,ACADÊMICO,3,EM FUNCIONAMENTO
Universidade Federal do Amapá,CIÊNCIAS FARMACÊUTICAS,MESTRADO,ACADÊMICO,3,EM FUNCIONAMENTO
Universidade Federal do Amapá,DESENVOLVIMENTO DA AMAZÔNIA SUSTENTÁVEL,MESTRADO,ACADÊMICO,3,EM FUNCIONAMENTO
Universidade Federal do Amapá,DIREITO,MESTRADO,ACADÊMICO,A,EM FUNCIONAMENTO
Universidade Federal do Amapá,GEOGRAFIA,MESTRADO,ACADÊMICO,3,EM FUNCIONAMENTO
Universidade Federal do Amapá,HISTÓRIA,MESTRADO,ACADÊMICO,3,EM FUNCIONAMENTO
Universidade Federal do Amapá,LETRAS,MESTRADO,ACADÊMICO,3,EM FUNCIONAMENTO
Universidade Federal do Amapá,ESTUDOS DE CULTURA E POLÍTICA,MESTRADO PROFISSIONAL,PROFISSIONAL,A,EM FUNCIONAMENTO
Universidade Federal do Amapá,ESTUDOS DE FRONTEIRA,MESTRADO PROFISSIONAL,PROFISSIONAL,4,EM FUNCIONAMENTO
Universidade Federal do Amapá,BIODIVERSIDADE TROPICAL,MESTRADO/DOUTORADO,ACADÊMICO,5,EM FUNCIONAMENTO
Universidade Federal do Amapá,EDUCAÇÃO,MESTRADO/DOUTORADO,ACADÊMICO,4,EM FUNCIONAMENTO
Universidade Federal do Amazonas,CIÊNCIA E TECNOLOGIA PARA RECURSOS AMAZÔNICOS,MESTRADO,ACADÊMICO,3,EM FUNCIONAMENTO
Universidade Federal do Amazonas,CIÊNCIAS AMBIENTAIS,MESTRADO,ACADÊMICO,3,EM FUNCIONAMENTO
Universidade Federal do Amazonas,CIÊNCIAS DA SAÚDE,MESTRADO,ACADÊMICO,2,EM DESATIVACAO
Universidade Federal do Amazonas,CIÊNCIAS DO MOVIMENTO HUMANO,MESTRADO,ACADÊMICO,A,EM FUNCIONAMENTO
Universidade Federal do Amazonas,CIÊNCIAS FARMACÊUTICAS,MESTRADO,ACADÊMICO,3,EM FUNCIONAMENTO
Universidade Federal do Amazonas,DIREITO,MESTRADO,ACADÊMICO,3,EM FUNCIONAMENTO
Universidade Federal do Amazonas,ENGENHARIA MECÂNICA,MESTRADO,ACADÊMICO,A,EM FUNCIONAMENTO
Universidade Federal do Amazonas,ENSINO DE CIÊNCIAS E HUMANIDADES,MESTRADO,ACADÊMICO,4,EM FUNCIONAMENTO
Universidade Federal do Amazonas,ENSINO DE CIÊNCIAS E MATEMÁTICA,MESTRADO,ACADÊMICO,3,EM FUNCIONAMENTO
Universidade Federal do Amazonas,GEOCIÊNCIAS,MESTRADO,ACADÊMICO,3,EM FUNCIONAMENTO
Universidade Federal do Amazonas,INFORMAÇÃO E COMUNICAÇÃO (PPGIC),MESTRADO,ACADÊMICO,A,EM FUNCIONAMENTO
Universidade Federal do Amazonas,LETRAS,MESTRADO,ACADÊMICO,3,EM FUNCIONAMENTO
Universidade Federal do Amazonas,MATEMÁTICA,MESTRADO,ACADÊMICO,4,EM FUNCIONAMENTO
Universidade Federal do Amazonas,SERVIÇO SOCIAL,MESTRADO,ACADÊMICO,4,EM FUNCIONAMENTO
Universidade Federal do Amazonas,SOCIEDADE E CULTURA NA AMAZÔNIA,MESTRADO,ACADÊMICO,4,EM FUNCIONAMENTO
Universidade Federal do Amazonas,SOCIOLOGIA,MESTRADO,ACADÊMICO,A,EM FUNCIONAMENTO
Universidade Federal do Amazonas,CIRURGIA,MESTRADO PROFISSIONAL,PROFISSIONAL,3,EM FUNCIONAMENTO
Universidade Federal do Amazonas,DESIGN,MESTRADO PROFISSIONAL,PROFISSIONAL,4,EM FUNCIONAMENTO
Universidade Federal do Amazonas,ECONOMIA,MESTRADO PROFISSIONAL,PROFISSIONAL,A,EM FUNCIONAMENTO
Universidade Federal do Amazonas,ENFERMAGEM NO CONTEXTO AMAZÔNICO,MESTRADO PROFISSIONAL,PROFISSIONAL,3,EM FUNCIONAMENTO
Universidade Federal do Amazonas,ENGENHARIA DE PRODUÇÃO,MESTRADO PROFISSIONAL,PROFISSIONAL,3,EM FUNCIONAMENTO
Universidade Federal do Amazonas,AGRONOMIA TROPICAL,MESTRADO/DOUTORADO,ACADÊMICO,4,EM FUNCIONAMENTO
Universidade Federal do Amazonas,ANTROPOLOGIA SOCIAL,MESTRADO/DOUTORADO,ACADÊMICO,4,EM FUNCIONAMENTO
Universidade Federal do Amazonas,BIOTECNOLOGIA,MESTRADO/DOUTORADO,ACADÊMICO,4,EM FUNCIONAMENTO
Universidade Federal do Amazonas,CIÊNCIA ANIMAL E RECURSOS PESQUEIROS,MESTRADO/DOUTORADO,ACADÊMICO,4,EM FUNCIONAMENTO
Universidade Federal do Amazonas,CIÊNCIA E ENGENHARIA DE MATERIAIS,MESTRADO/DOUTORADO,ACADÊMICO,4,EM FUNCIONAMENTO
Universidade Federal do Amazonas,CIÊNCIAS DO AMBIENTE E SUSTENTABILIDADE NA AMAZÔNIA,MESTRADO/DOUTORADO,ACADÊMICO,4,EM FUNCIONAMENTO
Universidade Federal do Amazonas,CIÊNCIAS FLORESTAIS E AMBIENTAIS,MESTRADO/DOUTORADO,ACADÊMICO,4,EM FUNCIONAMENTO
Universidade Federal do Amazonas,EDUCAÇÃO,MESTRADO/DOUTORADO,ACADÊMICO,4,EM FUNCIONAMENTO
Universidade Federal do Amazonas,ENGENHARIA ELÉTRICA,MESTRADO/DOUTORADO,ACADÊMICO,4,EM FUNCIONAMENTO
Universidade Federal do Amazonas,FÍSICA,MESTRADO/DOUTORADO,ACADÊMICO,4,EM FUNCIONAMENTO
Universidade Federal do Amazonas,GEOGRAFIA,MESTRADO/DOUTORADO,ACADÊMICO,4,EM FUNCIONAMENTO
Universidade Federal do Amazonas,HISTÓRIA,MESTRADO/DOUTORADO,ACADÊMICO,4,EM FUNCIONAMENTO
Universidade Federal do Amazonas,IMUNOLOGIA BÁSICA E APLICADA,MESTRADO/DOUTORADO,ACADÊMICO,4,EM FUNCIONAMENTO
Universidade Federal do Amazonas,INFORMÁTICA,MESTRADO/DOUTORADO,ACADÊMICO,6,EM FUNCIONAMENTO
Universidade Federal do Amazonas,ODONTOLOGIA,MESTRADO/DOUTORADO,ACADÊMICO,4,EM FUNCIONAMENTO
Universidade Federal do Amazonas,PSICOLOGIA,MESTRADO/DOUTORADO,ACADÊMICO,4,EM FUNCIONAMENTO
Universidade Federal do Amazonas,QUÍMICA,MESTRADO/DOUTORADO,ACADÊMICO,4,EM FUNCIONAMENTO
Universidade Federal do Amazonas,ZOOLOGIA,MESTRADO/DOUTORADO,ACADÊMICO,4,EM FUNCIONAMENTO
Universidade Federal do Cariri,ADMINISTRAÇÃO,MESTRADO,ACADÊMICO,A,EM FUNCIONAMENTO
Universidade Federal do Cariri,CIÊNCIAS DA SAÚDE,MESTRADO,ACADÊMICO,A,EM FUNCIONAMENTO
Universidade Federal do Cariri,DESENVOLVIMENTO REGIONAL SUSTENTÁVEL,MESTRADO,ACADÊMICO,4,EM FUNCIONAMENTO
Universidade Federal do Cariri,BIBLIOTECONOMIA,MESTRADO PROFISSIONAL,PROFISSIONAL,3,EM FUNCIONAMENTO
Universidade Federal do Ceará,ARTES,MESTRADO,ACADÊMICO,4,EM FUNCIONAMENTO
Universidade Federal do Ceará,AVALIAÇÃO DE POLÍTICAS PÚBLICAS - PPGAPP,MESTRADO,ACADÊMICO,3,EM FUNCIONAMENTO
Universidade Federal do Ceará,BIOTECNOLOGIA,MESTRADO,ACADÊMICO,3,EM FUNCIONAMENTO
Universidade Federal do Ceará,CIÊNCIA DA INFORMAÇÃO,MESTRADO,ACADÊMICO,3,EM FUNCIONAMENTO
Universidade Federal do Ceará,CIÊNCIAS CARDIOVASCULARES,MESTRADO,ACADÊMICO,3,EM FUNCIONAMENTO
Universidade Federal do Ceará,CIÊNCIAS DA SAÚDE,MESTRADO,ACADÊMICO,3,EM FUNCIONAMENTO
Universidade Federal do Ceará,COMPUTAÇÃO,MESTRADO,ACADÊMICO,3,EM FUNCIONAMENTO
Universidade Federal do Ceará,DESENVOLVIMENTO E MEIO AMBIENTE,MESTRADO,ACADÊMICO,5,EM FUNCIONAMENTO
Universidade Federal do Ceará,ENGENHARIA CIVIL,MESTRADO,ACADÊMICO,A,EM FUNCIONAMENTO
Universidade Federal do Ceará,ENGENHARIA CIVIL: ESTRUTURAS E CONSTRUÇÃO CIVIL,MESTRADO,ACADÊMICO,4,EM FUNCIONAMENTO
Universidade Federal do Ceará,ENGENHARIA ELÉTRICA E DE COMPUTAÇÃO,MESTRADO,ACADÊMICO,3,EM FUNCIONAMENTO
Universidade Federal do Ceará,ENGENHARIA MECÂNICA,MESTRADO,ACADÊMICO,4,EM FUNCIONAMENTO
Universidade Federal do Ceará,FISIOTERAPIA E FUNCIONALIDADE,MESTRADO,ACADÊMICO,3,EM FUNCIONAMENTO
Universidade Federal do Ceará,GASTRONOMIA,MESTRADO,ACADÊMICO,A,EM FUNCIONAMENTO
Universidade Federal do Ceará,MODELAGEM E MÉTODOS QUANTITATIVOS,MESTRADO,ACADÊMICO,4,EM FUNCIONAMENTO
Universidade Federal do Ceará,SAÚDE DA FAMÍLIA,MESTRADO,ACADÊMICO,3,EM FUNCIONAMENTO
Universidade Federal do Ceará,ADMINISTRAÇÃO E CONTROLADORIA,MESTRADO PROFISSIONAL,PROFISSIONAL,4,EM FUNCIONAMENTO
Universidade Federal do Ceará,AVALIAÇÃO DE POLÍTICAS PÚBLICAS,MESTRADO PROFISSIONAL,PROFISSIONAL,3,EM FUNCIONAMENTO
Universidade Federal do Ceará,ENSINO DE CIÊNCIAS E MATEMÁTICA,MESTRADO PROFISSIONAL,PROFISSIONAL,4,EM FUNCIONAMENTO
Universidade Federal do Ceará,FARMACOLOGIA,MESTRADO PROFISSIONAL,PROFISSIONAL,5,EM FUNCIONAMENTO
Universidade Federal do Ceará,POLÍTICAS PÚBLICAS E GESTÃO DA EDUCAÇÃO SUPERIOR,MESTRADO PROFISSIONAL,PROFISSIONAL,3,EM FUNCIONAMENTO
Universidade Federal do Ceará,PSICOLOGIA E POLÍTICAS PÚBLICAS,MESTRADO PROFISSIONAL,PROFISSIONAL,4,EM FUNCIONAMENTO
Universidade Federal do Ceará,SAÚDE DA MULHER E DA CRIANÇA,MESTRADO PROFISSIONAL,PROFISSIONAL,3,EM FUNCIONAMENTO
Universidade Federal do Ceará,SOCIOLOGIA EM REDE NACIONAL,MESTRADO PROFISSIONAL,PROFISSIONAL,4,EM FUNCIONAMENTO
Universidade Federal do Ceará,TECNOLOGIA EDUCACIONAL,MESTRADO PROFISSIONAL,PROFISSIONAL,3,EM FUNCIONAMENTO
Universidade Federal do Ceará,ECONOMIA,MESTRADO PROFISSIONAL/DOUTORADO PROFISSIONAL,PROFISSIONAL,4,EM FUNCIONAMENTO
Universidade Federal do Ceará,ADMINISTRAÇÃO E CONTROLADORIA,MESTRADO/DOUTORADO,ACADÊMICO,4,EM FUNCIONAMENTO
Universidade Federal do Ceará,AGRONOMIA (FITOTECNIA),MESTRADO/DOUTORADO,ACADÊMICO,5,EM FUNCIONAMENTO
Universidade Federal do Ceará,ARQUITETURA E URBANISMO E DESIGN,MESTRADO/DOUTORADO,ACADÊMICO,4,EM FUNCIONAMENTO
Universidade Federal do Ceará,BIOQUÍMICA,MESTRADO/DOUTORADO,ACADÊMICO,6,EM FUNCIONAMENTO
Universidade Federal do Ceará,BIOTECNOLOGIA DE RECURSOS NATURAIS,MESTRADO/DOUTORADO,ACADÊMICO,5,EM FUNCIONAMENTO
Universidade Federal do Ceará,CIÊNCIA DO SOLO,MESTRADO/DOUTORADO,ACADÊMICO,4,EM FUNCIONAMENTO
Universidade Federal do Ceará,CIÊNCIA E TECNOLOGIA DE ALIMENTOS,MESTRADO/DOUTORADO,ACADÊMICO,4,EM FUNCIONAMENTO
Universidade Federal do Ceará,CIÊNCIAS DA COMPUTAÇÃO,MESTRADO/DOUTORADO,ACADÊMICO,5,EM FUNCIONAMENTO
Universidade Federal do Ceará,CIÊNCIAS FARMACÊUTICAS,MESTRADO/DOUTORADO,ACADÊMICO,4,EM FUNCIONAMENTO
Universidade Federal do Ceará,CIÊNCIAS MARINHAS TROPICAIS,MESTRADO/DOUTORADO,ACADÊMICO,6,EM FUNCIONAMENTO
Universidade Federal do Ceará,CIÊNCIAS MORFOFUNCIONAIS,MESTRADO/DOUTORADO,ACADÊMICO,4,EM FUNCIONAMENTO
Universidade Federal do Ceará,CIÊNCIAS MÉDICAS,MESTRADO/DOUTORADO,ACADÊMICO,6,EM FUNCIONAMENTO
Universidade Federal do Ceará,CIÊNCIAS MÉDICO-CIRÚRGICAS,MESTRADO/DOUTORADO,ACADÊMICO,5,EM FUNCIONAMENTO
Universidade Federal do Ceará,COMUNICAÇÃO,MESTRADO/DOUTORADO,ACADÊMICO,4,EM FUNCIONAMENTO
Universidade Federal do Ceará,DIREITO,MESTRADO/DOUTORADO,ACADÊMICO,4,EM FUNCIONAMENTO
Universidade Federal do Ceará,ECOLOGIA E RECURSOS NATURAIS,MESTRADO/DOUTORADO,ACADÊMICO,4,EM FUNCIONAMENTO
Universidade Federal do Ceará,ECONOMIA,MESTRADO/DOUTORADO,ACADÊMICO,5,EM FUNCIONAMENTO
Universidade Federal do Ceará,ECONOMIA RURAL,MESTRADO/DOUTORADO,ACADÊMICO,4,EM FUNCIONAMENTO
Universidade Federal do Ceará,EDUCAÇÃO,MESTRADO/DOUTORADO,ACADÊMICO,4,EM FUNCIONAMENTO
Universidade Federal do Ceará,ENFERMAGEM,MESTRADO/DOUTORADO,ACADÊMICO,7,EM FUNCIONAMENTO
Universidade Federal do Ceará,ENGENHARIA AGRÍCOLA,MESTRADO/DOUTORADO,ACADÊMICO,5,EM FUNCIONAMENTO
Universidade Federal do Ceará,ENGENHARIA CIVIL (RECURSOS HÍDRICOS),MESTRADO/DOUTORADO,ACADÊMICO,7,EM FUNCIONAMENTO
Universidade Federal do Ceará,ENGENHARIA DE PESCA,MESTRADO/DOUTORADO,ACADÊMICO,4,EM FUNCIONAMENTO
Universidade Federal do Ceará,ENGENHARIA DE TELEINFORMÁTICA,MESTRADO/DOUTORADO,ACADÊMICO,6,EM FUNCIONAMENTO
Universidade Federal do Ceará,ENGENHARIA DE TRANSPORTES,MESTRADO/DOUTORADO,ACADÊMICO,6,EM FUNCIONAMENTO
Universidade Federal do Ceará,ENGENHARIA E CIÊNCIA DE MATERIAIS,MESTRADO/DOUTORADO,ACADÊMICO,5,EM FUNCIONAMENTO
Universidade Federal do Ceará,ENGENHARIA ELÉTRICA,MESTRADO/DOUTORADO,ACADÊMICO,4,EM FUNCIONAMENTO
Universidade Federal do Ceará,ENGENHARIA QUÍMICA,MESTRADO/DOUTORADO,ACADÊMICO,7,EM FUNCIONAMENTO
Universidade Federal do Ceará,ESTUDOS DA TRADUÇÃO,MESTRADO/DOUTORADO,ACADÊMICO,4,EM FUNCIONAMENTO
Universidade Federal do Ceará,FARMACOLOGIA,MESTRADO/DOUTORADO,ACADÊMICO,7,EM FUNCIONAMENTO
Universidade Federal do Ceará,FILOSOFIA,MESTRADO/DOUTORADO,ACADÊMICO,5,EM FUNCIONAMENTO
Universidade Federal do Ceará,FÍSICA,MESTRADO/DOUTORADO,ACADÊMICO,7,EM FUNCIONAMENTO
Universidade Federal do Ceará,GEOGRAFIA,MESTRADO/DOUTORADO,ACADÊMICO,6,EM FUNCIONAMENTO
Universidade Federal do Ceará,GEOLOGIA,MESTRADO/DOUTORADO,ACADÊMICO,4,EM FUNCIONAMENTO
Universidade Federal do Ceará,HISTÓRIA,MESTRADO/DOUTORADO,ACADÊMICO,5,EM FUNCIONAMENTO
Universidade Federal do Ceará,LETRAS,MESTRADO/DOUTORADO,ACADÊMICO,5,EM FUNCIONAMENTO
Universidade Federal do Ceará,LINGÜÍSTICA,MESTRADO/DOUTORADO,ACADÊMICO,5,EM FUNCIONAMENTO
Universidade Federal do Ceará,MATEMÁTICA,MESTRADO/DOUTORADO,ACADÊMICO,7,EM FUNCIONAMENTO
Universidade Federal do Ceará,MEDICINA TRANSLACIONAL,MESTRADO/DOUTORADO,ACADÊMICO,4,EM FUNCIONAMENTO
Universidade Federal do Ceará,MICROBIOLOGIA MÉDICA,MESTRADO/DOUTORADO,ACADÊMICO,6,EM FUNCIONAMENTO
Universidade Federal do Ceará,ODONTOLOGIA,MESTRADO/DOUTORADO,ACADÊMICO,5,EM FUNCIONAMENTO
Universidade Federal do Ceará,PATOLOGIA,MESTRADO/DOUTORADO,ACADÊMICO,4,EM FUNCIONAMENTO
Universidade Federal do Ceará,PSICOLOGIA,MESTRADO/DOUTORADO,ACADÊMICO,4,EM FUNCIONAMENTO
Universidade Federal do Ceará,QUÍMICA,MESTRADO/DOUTORADO,ACADÊMICO,6,EM FUNCIONAMENTO
Universidade Federal do Ceará,SAÚDE PÚBLICA,MESTRADO/DOUTORADO,ACADÊMICO,5,EM FUNCIONAMENTO
Universidade Federal do Ceará,"SISTEMÁTICA, USO E CONSERVAÇÃO DA BIODIVERSIDADE (PPG-SIS)",MESTRADO/DOUTORADO,ACADÊMICO,4,EM FUNCIONAMENTO
Universidade Federal do Ceará,SOCIOLOGIA,MESTRADO/DOUTORADO,ACADÊMICO,5,EM FUNCIONAMENTO
Universidade Federal do Ceará,ZOOTECNIA,MESTRADO/DOUTORADO,ACADÊMICO,5,EM FUNCIONAMENTO
Universidade Federal do Delta do Parnaíba,PSICOLOGIA,MESTRADO,ACADÊMICO,4,EM FUNCIONAMENTO
Universidade Federal do Delta do Parnaíba,"ARTES, PATRIMÔNIO E MUSEOLOGIA",MESTRADO PROFISSIONAL,PROFISSIONAL,4,EM FUNCIONAMENTO
Universidade Federal do Delta do Parnaíba,BIOTECNOLOGIA,MESTRADO/DOUTORADO,ACADÊMICO,5,EM FUNCIONAMENTO
Universidade Federal do Delta do Parnaíba,CIÊNCIAS BIOMÉDICAS,MESTRADO/DOUTORADO,ACADÊMICO,4,EM FUNCIONAMENTO
Universidade Federal do Espírito Santo,"ASTROFÍSICA, COSMOLOGIA E GRAVITAÇÃO",DOUTORADO,ACADÊMICO,5,EM FUNCIONAMENTO
Universidade Federal do Espírito Santo,AGRICULTURA TROPICAL,MESTRADO,ACADÊMICO,4,EM FUNCIONAMENTO
Universidade Federal do Espírito Santo,AGROQUÍMICA,MESTRADO,ACADÊMICO,4,EM FUNCIONAMENTO
Universidade Federal do Espírito Santo,CIÊNCIA DA INFORMAÇÃO,MESTRADO,ACADÊMICO,3,EM FUNCIONAMENTO
Universidade Federal do Espírito Santo,CIÊNCIA E TECNOLOGIA DE ALIMENTOS,MESTRADO,ACADÊMICO,4,EM FUNCIONAMENTO
Universidade Federal do Espírito Santo,CIÊNCIAS ODONTOLÓGICAS,MESTRADO,ACADÊMICO,3,EM FUNCIONAMENTO
Universidade Federal do Espírito Santo,CIÊNCIAS VETERINÁRIAS,MESTRADO,ACADÊMICO,4,EM FUNCIONAMENTO
Universidade Federal do Espírito Santo,COMUNICAÇÃO E TERRITORIALIDADES,MESTRADO,ACADÊMICO,4,EM FUNCIONAMENTO
Universidade Federal do Espírito Santo,DIREITO PROCESSUAL,MESTRADO,ACADÊMICO,4,EM FUNCIONAMENTO
Universidade Federal do Espírito Santo,ENGENHARIA CIVIL,MESTRADO,ACADÊMICO,4,EM FUNCIONAMENTO
Universidade Federal do Espírito Santo,ENGENHARIA QUÍMICA,MESTRADO,ACADÊMICO,3,EM FUNCIONAMENTO
Universidade Federal do Espírito Santo,ENSINO NA EDUCAÇÃO BÁSICA,MESTRADO,ACADÊMICO,4,EM FUNCIONAMENTO
Universidade Federal do Espírito Santo,"ENSINO, EDUCAÇÃO BÁSICA E FORMAÇÃO DE PROFESSORES",MESTRADO,ACADÊMICO,3,EM FUNCIONAMENTO
Universidade Federal do Espírito Santo,MATEMÁTICA,MESTRADO,ACADÊMICO,3,EM FUNCIONAMENTO
Universidade Federal do Espírito Santo,NUTRIÇÃO E SAÚDE,MESTRADO,ACADÊMICO,4,EM FUNCIONAMENTO
Universidade Federal do Espírito Santo,ENFERMAGEM,MESTRADO PROFISSIONAL,PROFISSIONAL,4,EM FUNCIONAMENTO
Universidade Federal do Espírito Santo,ENGENHARIA E DESENVOLVIMENTO SUSTENTÁVEL,MESTRADO PROFISSIONAL,PROFISSIONAL,3,EM FUNCIONAMENTO
Universidade Federal do Espírito Santo,ENSINO DE FÍSICA,MESTRADO PROFISSIONAL,PROFISSIONAL,3,EM FUNCIONAMENTO
Universidade Federal do Espírito Santo,GESTÃO PÚBLICA,MESTRADO PROFISSIONAL,PROFISSIONAL,4,EM FUNCIONAMENTO
Universidade Federal do Espírito Santo,SAÚDE COLETIVA,MESTRADO PROFISSIONAL,PROFISSIONAL,A,EM FUNCIONAMENTO
Universidade Federal do Espírito Santo,PROFISSIONAL EM EDUCAÇÃO,MESTRADO PROFISSIONAL/DOUTORADO PROFISSIONAL,PROFISSIONAL,4,EM FUNCIONAMENTO
Universidade Federal do Espírito Santo,ADMINISTRAÇÃO,MESTRADO/DOUTORADO,ACADÊMICO,4,EM FUNCIONAMENTO
Universidade Federal do Espírito Santo,AGRONOMIA,MESTRADO/DOUTORADO,ACADÊMICO,4,EM FUNCIONAMENTO
Universidade Federal do Espírito Santo,ARQUITETURA E URBANISMO,MESTRADO/DOUTORADO,ACADÊMICO,5,EM FUNCIONAMENTO
Universidade Federal do Espírito Santo,ARTES,MESTRADO/DOUTORADO,ACADÊMICO,4,EM FUNCIONAMENTO
Universidade Federal do Espírito Santo,BIOLOGIA VEGETAL,MESTRADO/DOUTORADO,ACADÊMICO,4,EM FUNCIONAMENTO
Universidade Federal do Espírito Santo,BIOQUÍMICA,MESTRADO/DOUTORADO,ACADÊMICO,4,EM FUNCIONAMENTO
Universidade Federal do Espírito Santo,BIOTECNOLOGIA,MESTRADO/DOUTORADO,ACADÊMICO,5,EM FUNCIONAMENTO
Universidade Federal do Espírito Santo,CIÊNCIAS BIOLÓGICAS,MESTRADO/DOUTORADO,ACADÊMICO,5,EM FUNCIONAMENTO
Universidade Federal do Espírito Santo,CIÊNCIAS CONTÁBEIS,MESTRADO/DOUTORADO,ACADÊMICO,4,EM FUNCIONAMENTO
Universidade Federal do Espírito Santo,CIÊNCIAS FARMACÊUTICAS,MESTRADO/DOUTORADO,ACADÊMICO,4,EM FUNCIONAMENTO
Universidade Federal do Espírito Santo,CIÊNCIAS FISIOLÓGICAS,MESTRADO/DOUTORADO,ACADÊMICO,5,EM FUNCIONAMENTO
Universidade Federal do Espírito Santo,CIÊNCIAS FLORESTAIS,MESTRADO/DOUTORADO,ACADÊMICO,5,EM FUNCIONAMENTO
Universidade Federal do Espírito Santo,CIÊNCIAS SOCIAIS,MESTRADO/DOUTORADO,ACADÊMICO,4,EM FUNCIONAMENTO
Universidade Federal do Espírito Santo,DOENÇAS INFECCIOSAS,MESTRADO/DOUTORADO,ACADÊMICO,5,EM FUNCIONAMENTO
Universidade Federal do Espírito Santo,ECONOMIA,MESTRADO/DOUTORADO,ACADÊMICO,4,EM FUNCIONAMENTO
Universidade Federal do Espírito Santo,EDUCAÇÃO,MESTRADO/DOUTORADO,ACADÊMICO,6,EM FUNCIONAMENTO
Universidade Federal do Espírito Santo,EDUCAÇÃO FÍSICA,MESTRADO/DOUTORADO,ACADÊMICO,5,EM FUNCIONAMENTO
Universidade Federal do Espírito Santo,ENERGIA,MESTRADO/DOUTORADO,ACADÊMICO,4,EM FUNCIONAMENTO
Universidade Federal do Espírito Santo,ENGENHARIA AMBIENTAL,MESTRADO/DOUTORADO,ACADÊMICO,5,EM FUNCIONAMENTO
Universidade Federal do Espírito Santo,ENGENHARIA ELÉTRICA,MESTRADO/DOUTORADO,ACADÊMICO,5,EM FUNCIONAMENTO
Universidade Federal do Espírito Santo,ENGENHARIA MECÂNICA,MESTRADO/DOUTORADO,ACADÊMICO,4,EM FUNCIONAMENTO
Universidade Federal do Espírito Santo,FILOSOFIA,MESTRADO/DOUTORADO,ACADÊMICO,4,EM FUNCIONAMENTO
Universidade Federal do Espírito Santo,FÍSICA,MESTRADO/DOUTORADO,ACADÊMICO,5,EM FUNCIONAMENTO
Universidade Federal do Espírito Santo,GENÉTICA E MELHORAMENTO,MESTRADO/DOUTORADO,ACADÊMICO,5,EM FUNCIONAMENTO
Universidade Federal do Espírito Santo,GEOGRAFIA,MESTRADO/DOUTORADO,ACADÊMICO,4,EM FUNCIONAMENTO
Universidade Federal do Espírito Santo,HISTÓRIA,MESTRADO/DOUTORADO,ACADÊMICO,5,EM FUNCIONAMENTO
Universidade Federal do Espírito Santo,INFORMÁTICA,MESTRADO/DOUTORADO,ACADÊMICO,4,EM FUNCIONAMENTO
Universidade Federal do Espírito Santo,LETRAS,MESTRADO/DOUTORADO,ACADÊMICO,5,EM FUNCIONAMENTO
Universidade Federal do Espírito Santo,LINGÜÍSTICA,MESTRADO/DOUTORADO,ACADÊMICO,5,EM FUNCIONAMENTO
Universidade Federal do Espírito Santo,OCEANOGRAFIA AMBIENTAL,MESTRADO/DOUTORADO,ACADÊMICO,4,EM FUNCIONAMENTO
Universidade Federal do Espírito Santo,POLÍTICA SOCIAL,MESTRADO/DOUTORADO,ACADÊMICO,6,EM FUNCIONAMENTO
Universidade Federal do Espírito Santo,PSICOLOGIA,MESTRADO/DOUTORADO,ACADÊMICO,5,EM FUNCIONAMENTO
Universidade Federal do Espírito Santo,PSICOLOGIA INSTITUCIONAL,MESTRADO/DOUTORADO,ACADÊMICO,4,EM FUNCIONAMENTO
Universidade Federal do Espírito Santo,QUÍMICA,MESTRADO/DOUTORADO,ACADÊMICO,5,EM FUNCIONAMENTO
Universidade Federal do Espírito Santo,SAÚDE COLETIVA,MESTRADO/DOUTORADO,ACADÊMICO,5,EM FUNCIONAMENTO
Universidade Federal do Estado do Rio de Janeiro,ENFERMAGEM E BIOCIÊNCIAS,DOUTORADO,ACADÊMICO,4,EM FUNCIONAMENTO
Universidade Federal do Estado do Rio de Janeiro,BIOLOGIA MOLECULAR E CELULAR,MESTRADO,ACADÊMICO,4,EM FUNCIONAMENTO
Universidade Federal do Estado do Rio de Janeiro,DIREITO,MESTRADO,ACADÊMICO,4,EM FUNCIONAMENTO
Universidade Federal do Estado do Rio de Janeiro,ENFERMAGEM,MESTRADO,ACADÊMICO,4,EM FUNCIONAMENTO
Universidade Federal do Estado do Rio de Janeiro,BIBLIOTECONOMIA,MESTRADO PROFISSIONAL,PROFISSIONAL,4,EM FUNCIONAMENTO
Universidade Federal do Estado do Rio de Janeiro,ECOTURISMO E CONSERVAÇÃO,MESTRADO PROFISSIONAL,PROFISSIONAL,4,EM FUNCIONAMENTO
Universidade Federal do Estado do Rio de Janeiro,ENSINO DAS PRÁTICAS MUSICAIS,MESTRADO PROFISSIONAL,PROFISSIONAL,3,EM FUNCIONAMENTO
Universidade Federal do Estado do Rio de Janeiro,ENSINO DE ARTES CÊNICAS,MESTRADO PROFISSIONAL,PROFISSIONAL,4,EM FUNCIONAMENTO
Universidade Federal do Estado do Rio de Janeiro,GESTÃO DE DOCUMENTOS E ARQUIVOS,MESTRADO PROFISSIONAL,PROFISSIONAL,4,EM FUNCIONAMENTO
Universidade Federal do Estado do Rio de Janeiro,INFECÇÃO HIV/AIDS E HEPATITES VIRAIS,MESTRADO PROFISSIONAL,PROFISSIONAL,3,EM FUNCIONAMENTO
Universidade Federal do Estado do Rio de Janeiro,MEDICINA,MESTRADO PROFISSIONAL,PROFISSIONAL,3,EM FUNCIONAMENTO
Universidade Federal do Estado do Rio de Janeiro,SAÚDE E TECNOLOGIA NO ESPAÇO HOSPITALAR,MESTRADO PROFISSIONAL,PROFISSIONAL,3,EM FUNCIONAMENTO
Universidade Federal do Estado do Rio de Janeiro,SEGURANÇA ALIMENTAR E NUTRICIONAL,MESTRADO PROFISSIONAL,PROFISSIONAL,3,EM FUNCIONAMENTO
Universidade Federal do Estado do Rio de Janeiro,ALIMENTOS E NUTRIÇÃO,MESTRADO/DOUTORADO,ACADÊMICO,4,EM FUNCIONAMENTO
Universidade Federal do Estado do Rio de Janeiro,ARTES CÊNICAS,MESTRADO/DOUTORADO,ACADÊMICO,6,EM FUNCIONAMENTO
Universidade Federal do Estado do Rio de Janeiro,CIÊNCIA POLÍTICA,MESTRADO/DOUTORADO,ACADÊMICO,4,EM FUNCIONAMENTO
Universidade Federal do Estado do Rio de Janeiro,CIÊNCIAS BIOLÓGICAS (BIODIVERSIDADE NEOTROPICAL),MESTRADO/DOUTORADO,ACADÊMICO,5,EM FUNCIONAMENTO
Universidade Federal do Estado do Rio de Janeiro,EDUCAÇÃO,MESTRADO/DOUTORADO,ACADÊMICO,5,EM FUNCIONAMENTO
Universidade Federal do Estado do Rio de Janeiro,HISTORIA,MESTRADO/DOUTORADO,ACADÊMICO,6,EM FUNCIONAMENTO
Universidade Federal do Estado do Rio de Janeiro,INFORMÁTICA,MESTRADO/DOUTORADO,ACADÊMICO,4,EM FUNCIONAMENTO
Universidade Federal do Estado do Rio de Janeiro,MEMÓRIA SOCIAL,MESTRADO/DOUTORADO,ACADÊMICO,4,EM FUNCIONAMENTO
Universidade Federal do Estado do Rio de Janeiro,MUSEOLOGIA E PATRIMÖNIO,MESTRADO/DOUTORADO,ACADÊMICO,4,EM FUNCIONAMENTO
Universidade Federal do Estado do Rio de Janeiro,MÚSICA,MESTRADO/DOUTORADO,ACADÊMICO,5,EM FUNCIONAMENTO
Universidade Federal do Estado do Rio de Janeiro,NEUROLOGIA,MESTRADO/DOUTORADO,ACADÊMICO,4,EM FUNCIONAMENTO
Universidade Federal do Maranhão,CIÊNCIA DA COMPUTAÇÃO,DOUTORADO,ACADÊMICO,4,EM FUNCIONAMENTO
Universidade Federal do Maranhão,QUÍMICA UFMA - IFMA,DOUTORADO,ACADÊMICO,A,EM FUNCIONAMENTO
Universidade Federal do Maranhão,ARTES CÊNICAS,MESTRADO,ACADÊMICO,3,EM FUNCIONAMENTO
Universidade Federal do Maranhão,BIODIVERSIDADE E CONSERVAÇÃO,MESTRADO,ACADÊMICO,3,EM FUNCIONAMENTO
Universidade Federal do Maranhão,CIÊNCIA ANIMAL,MESTRADO,ACADÊMICO,3,EM FUNCIONAMENTO
Universidade Federal do Maranhão,CIÊNCIA DA COMPUTAÇÃO,MESTRADO,ACADÊMICO,4,EM FUNCIONAMENTO
Universidade Federal do Maranhão,CIÊNCIA E TECNOLOGIA AMBIENTAL,MESTRADO,ACADÊMICO,3,EM FUNCIONAMENTO
Universidade Federal do Maranhão,CIÊNCIAS AMBIENTAIS,MESTRADO,ACADÊMICO,3,EM FUNCIONAMENTO
Universidade Federal do Maranhão,COMUNICAÇÃO,MESTRADO,ACADÊMICO,3,EM FUNCIONAMENTO
Universidade Federal do Maranhão,DESENVOLVIMENTO E MEIO AMBIENTE,MESTRADO,ACADÊMICO,3,EM FUNCIONAMENTO
Universidade Federal do Maranhão,DESENVOLVIMENTO SOCIOECONÔMICO,MESTRADO,ACADÊMICO,3,EM FUNCIONAMENTO
Universidade Federal do Maranhão,DESIGN,MESTRADO,ACADÊMICO,4,EM FUNCIONAMENTO
Universidade Federal do Maranhão,DIREITO E INSTITUIÇÕES DO SISTEMA DE JUSTIÇA,MESTRADO,ACADÊMICO,4,EM FUNCIONAMENTO
Universidade Federal do Maranhão,EDUCAÇÃO FÍSICA,MESTRADO,ACADÊMICO,3,EM FUNCIONAMENTO
Universidade Federal do Maranhão,ENFERMAGEM,MESTRADO,ACADÊMICO,3,EM FUNCIONAMENTO
Universidade Federal do Maranhão,ENGENHARIA AEROESPACIAL,MESTRADO,ACADÊMICO,3,EM FUNCIONAMENTO
Universidade Federal do Maranhão,ENSINO DE CIÊNCIAS E MATEMÁTICA,MESTRADO,ACADÊMICO,3,EM FUNCIONAMENTO
Universidade Federal do Maranhão,FILOSOFIA,MESTRADO,ACADÊMICO,A,EM FUNCIONAMENTO
Universidade Federal do Maranhão,"GEOGRAFIA, AMBIENTE E SOCIEDADE",MESTRADO,ACADÊMICO,3,EM FUNCIONAMENTO
Universidade Federal do Maranhão,LETRAS,MESTRADO,ACADÊMICO,3,EM FUNCIONAMENTO
Universidade Federal do Maranhão,LETRAS,MESTRADO,ACADÊMICO,3,EM FUNCIONAMENTO
Universidade Federal do Maranhão,MATEMATICA,MESTRADO,ACADÊMICO,3,EM FUNCIONAMENTO
Universidade Federal do Maranhão,PSICOLOGIA,MESTRADO,ACADÊMICO,3,EM FUNCIONAMENTO
Universidade Federal do Maranhão,SAÚDE DO ADULTO,MESTRADO,ACADÊMICO,4,EM FUNCIONAMENTO
Universidade Federal do Maranhão,SAÚDE E AMBIENTE,MESTRADO,ACADÊMICO,3,EM FUNCIONAMENTO
Universidade Federal do Maranhão,SAÚDE E TECNOLOGIA,MESTRADO,ACADÊMICO,4,EM FUNCIONAMENTO
Universidade Federal do Maranhão,SOCIOLOGIA,MESTRADO,ACADÊMICO,3,EM FUNCIONAMENTO
Universidade Federal do Maranhão,COMUNICAÇÃO,MESTRADO PROFISSIONAL,PROFISSIONAL,3,EM FUNCIONAMENTO
Universidade Federal do Maranhão,EDUCAÇÃO E PRÁTICAS EDUCATIVAS,MESTRADO PROFISSIONAL,PROFISSIONAL,3,EM FUNCIONAMENTO
Universidade Federal do Maranhão,ENERGIA E AMBIENTE,MESTRADO PROFISSIONAL,PROFISSIONAL,3,EM FUNCIONAMENTO
Universidade Federal do Maranhão,GESTÃO DE ENSINO DA EDUCAÇÃO BÁSICA,MESTRADO PROFISSIONAL,PROFISSIONAL,4,EM FUNCIONAMENTO
Universidade Federal do Maranhão,CIÊNCIA DOS MATERIAS,MESTRADO/DOUTORADO,ACADÊMICO,4,EM FUNCIONAMENTO
Universidade Federal do Maranhão,CIÊNCIAS DA SAÚDE,MESTRADO/DOUTORADO,ACADÊMICO,5,EM FUNCIONAMENTO
Universidade Federal do Maranhão,CIÊNCIAS SOCIAIS,MESTRADO/DOUTORADO,ACADÊMICO,4,EM FUNCIONAMENTO
Universidade Federal do Maranhão,CULTURA E SOCIEDADE,MESTRADO/DOUTORADO,ACADÊMICO,4,EM FUNCIONAMENTO
Universidade Federal do Maranhão,EDUCAÇÃO,MESTRADO/DOUTORADO,ACADÊMICO,4,EM FUNCIONAMENTO
Universidade Federal do Maranhão,ENGENHARIA ELÉTRICA,MESTRADO/DOUTORADO,ACADÊMICO,4,EM FUNCIONAMENTO
Universidade Federal do Maranhão,FÍSICA,MESTRADO/DOUTORADO,ACADÊMICO,5,EM FUNCIONAMENTO
Universidade Federal do Maranhão,HISTÓRIA,MESTRADO/DOUTORADO,ACADÊMICO,4,EM FUNCIONAMENTO
Universidade Federal do Maranhão,ODONTOLOGIA,MESTRADO/DOUTORADO,ACADÊMICO,5,EM FUNCIONAMENTO
Universidade Federal do Maranhão,POLÍTICAS PÚBLICAS,MESTRADO/DOUTORADO,ACADÊMICO,6,EM FUNCIONAMENTO
Universidade Federal do Maranhão,QUÍMICA,MESTRADO/DOUTORADO,ACADÊMICO,4,EM FUNCIONAMENTO
Universidade Federal do Maranhão,SAÚDE COLETIVA,MESTRADO/DOUTORADO,ACADÊMICO,5,EM FUNCIONAMENTO
Universidade Federal do Norte do Tocantins,DEMANDAS POPULARES E DINÂMICAS REGIONAIS,MESTRADO,ACADÊMICO,3,EM FUNCIONAMENTO
Universidade Federal do Norte do Tocantins,ENSINO DE CIÊNCIAS E MATEMÁTICA,MESTRADO,ACADÊMICO,3,EM FUNCIONAMENTO
Universidade Federal do Norte do Tocantins,GEOGRAFIA,MESTRADO,ACADÊMICO,A,EM FUNCIONAMENTO
Universidade Federal do Norte do Tocantins,SANIDADE ANIMAL E SAÚDE PÚBLICA NOS TRÓPICOS,MESTRADO,ACADÊMICO,4,EM FUNCIONAMENTO
Universidade Federal do Norte do Tocantins,ESTUDOS DE CULTURA E TERRITÓRIO,MESTRADO/DOUTORADO,ACADÊMICO,4,EM FUNCIONAMENTO
Universidade Federal do Norte do Tocantins,INTEGRADO EM ZOOTECNIA NOS TRÓPICOS,MESTRADO/DOUTORADO,ACADÊMICO,4,EM FUNCIONAMENTO
Universidade Federal do Norte do Tocantins,LINGUÍSTICA E LITERATURA,MESTRADO/DOUTORADO,ACADÊMICO,5,EM FUNCIONAMENTO
Universidade Federal do Oeste da Bahia,BIOCIÊNCIAS E SAÚDE,MESTRADO,ACADÊMICO,A,EM FUNCIONAMENTO
Universidade Federal do Oeste da Bahia,CIÊNCIA DOS MATERIAIS (PROMAT),MESTRADO,ACADÊMICO,A,EM FUNCIONAMENTO
Universidade Federal do Oeste da Bahia,CIÊNCIAS AMBIENTAIS,MESTRADO,ACADÊMICO,3,EM FUNCIONAMENTO
Universidade Federal do Oeste da Bahia,CIÊNCIAS HUMANAS E SOCIAIS,MESTRADO,ACADÊMICO,3,EM FUNCIONAMENTO
Universidade Federal do Oeste da Bahia,ENSINO,MESTRADO,ACADÊMICO,A,EM FUNCIONAMENTO
Universidade Federal do Oeste da Bahia,QUÍMICA PURA E APLICADA,MESTRADO,ACADÊMICO,3,EM FUNCIONAMENTO
Universidade Federal do Oeste da Bahia,PATOLOGIA INVESTIGATIVA,MESTRADO PROFISSIONAL,PROFISSIONAL,3,EM FUNCIONAMENTO
Universidade Federal do Oeste do Pará,"SOCIEDADE, NATUREZA E DESENVOLVIMENTO",DOUTORADO,ACADÊMICO,4,EM FUNCIONAMENTO
Universidade Federal do Oeste do Pará,ANTROPOLOGIA E ARQUEOLOGIA,MESTRADO,ACADÊMICO,A,EM FUNCIONAMENTO
Universidade Federal do Oeste do Pará,BIOCIÊNCIAS,MESTRADO,ACADÊMICO,3,EM FUNCIONAMENTO
Universidade Federal do Oeste do Pará,BIODIVERSIDADE,MESTRADO,ACADÊMICO,3,EM FUNCIONAMENTO
Universidade Federal do Oeste do Pará,CIÊNCIAS ANIMAL,MESTRADO,ACADÊMICO,A,EM FUNCIONAMENTO
Universidade Federal do Oeste do Pará,CIÊNCIAS DA SAÚDE,MESTRADO,ACADÊMICO,3,EM FUNCIONAMENTO
Universidade Federal do Oeste do Pará,CIÊNCIAS DA SOCIEDADE,MESTRADO,ACADÊMICO,3,EM FUNCIONAMENTO
Universidade Federal do Oeste do Pará,LETRAS,MESTRADO,ACADÊMICO,A,EM FUNCIONAMENTO
Universidade Federal do Oeste do Pará,RECURSOS NATURAIS DA AMAZÔNIA,MESTRADO,ACADÊMICO,3,EM FUNCIONAMENTO
Universidade Federal do Oeste do Pará,"SOCIEDADE, AMBIENTE E QUALIDADE DE VIDA",MESTRADO,ACADÊMICO,3,EM FUNCIONAMENTO
Universidade Federal do Oeste do Pará,EDUCAÇÃO,MESTRADO/DOUTORADO,ACADÊMICO,4,EM FUNCIONAMENTO
Universidade Federal do Pampa,ADMINISTRAÇÃO,MESTRADO,ACADÊMICO,4,EM FUNCIONAMENTO
Universidade Federal do Pampa,CIÊNCIA E ENGENHARIA DE MATERIAIS,MESTRADO,ACADÊMICO,3,EM FUNCIONAMENTO
Universidade Federal do Pampa,CIÊNCIAS FARMACÊUTICAS,MESTRADO,ACADÊMICO,4,EM FUNCIONAMENTO
Universidade Federal do Pampa,COMPUTAÇÃO APLICADA,MESTRADO,ACADÊMICO,3,EM FUNCIONAMENTO
Universidade Federal do Pampa,ENGENHARIA ELÉTRICA,MESTRADO,ACADÊMICO,3,EM FUNCIONAMENTO
Universidade Federal do Pampa,ENSINO,MESTRADO,ACADÊMICO,4,EM FUNCIONAMENTO
Universidade Federal do Pampa,SERVIÇO SOCIAL E PROTEÇÃO SOCIAL,MESTRADO,ACADÊMICO,A,EM FUNCIONAMENTO
Universidade Federal do Pampa,COMUNICAÇÃO E INDÚSTRIA CRIATIVA,MESTRADO PROFISSIONAL,PROFISSIONAL,4,EM FUNCIONAMENTO
Universidade Federal do Pampa,EDUCAÇÃO,MESTRADO PROFISSIONAL,PROFISSIONAL,4,EM FUNCIONAMENTO
Universidade Federal do Pampa,ENGENHARIA DE SOFTWARE,MESTRADO PROFISSIONAL,PROFISSIONAL,3,EM FUNCIONAMENTO
Universidade Federal do Pampa,ENGENHARIA MINERAL,MESTRADO PROFISSIONAL,PROFISSIONAL,3,EM FUNCIONAMENTO
Universidade Federal do Pampa,ENSINO DE CIÊNCIAS,MESTRADO PROFISSIONAL,PROFISSIONAL,4,EM FUNCIONAMENTO
Universidade Federal do Pampa,ENSINO DE LÍNGUAS,MESTRADO PROFISSIONAL,PROFISSIONAL,4,EM FUNCIONAMENTO
Universidade Federal do Pampa,POLÍTICAS PÚBLICAS,MESTRADO PROFISSIONAL,PROFISSIONAL,4,EM FUNCIONAMENTO
Universidade Federal do Pampa,BIOQUÍMICA,MESTRADO/DOUTORADO,ACADÊMICO,5,EM FUNCIONAMENTO
Universidade Federal do Pampa,CIÊNCIA ANIMAL,MESTRADO/DOUTORADO,ACADÊMICO,4,EM FUNCIONAMENTO
Universidade Federal do Pampa,CIÊNCIAS BIOLÓGICAS,MESTRADO/DOUTORADO,ACADÊMICO,4,EM FUNCIONAMENTO
Universidade Federal do Pampa,ENGENHARIA,MESTRADO/DOUTORADO,ACADÊMICO,4,EM FUNCIONAMENTO
Universidade Federal do Paraná,BIOINFORMÁTICA,DOUTORADO,ACADÊMICO,4,EM FUNCIONAMENTO
Universidade Federal do Paraná,AQUICULTURA E DESENVOLVIMENTO SUSTENTÁVEL,MESTRADO,ACADÊMICO,4,EM FUNCIONAMENTO
Universidade Federal do Paraná,BIOINFORMÁTICA,MESTRADO,ACADÊMICO,4,EM FUNCIONAMENTO
Universidade Federal do Paraná,BIOTECNOLOGIA,MESTRADO,ACADÊMICO,3,EM FUNCIONAMENTO
Universidade Federal do Paraná,DESENVOLVIMENTO TERRITORIAL SUSTENTÁVEL,MESTRADO,ACADÊMICO,4,EM FUNCIONAMENTO
Universidade Federal do Paraná,"EDUCAÇÃO EM CIÊNCIAS, EDUCAÇÃO MATEMÁTICA E TECNOLOGIAS EDUCATIVAS",MESTRADO,ACADÊMICO,A,EM FUNCIONAMENTO
Universidade Federal do Paraná,ENGENHARIA DE PRODUÇÃO,MESTRADO,ACADÊMICO,3,EM FUNCIONAMENTO
Universidade Federal do Paraná,PLANEJAMENTO URBANO,MESTRADO,ACADÊMICO,3,EM FUNCIONAMENTO
Universidade Federal do Paraná,SAÚDE COLETIVA,MESTRADO,ACADÊMICO,3,EM FUNCIONAMENTO
Universidade Federal do Paraná,TOCOGINECOLOGIA E SAÚDE DA MULHER,MESTRADO,ACADÊMICO,3,EM FUNCIONAMENTO
Universidade Federal do Paraná,TURISMO,MESTRADO,ACADÊMICO,3,EM FUNCIONAMENTO
Universidade Federal do Paraná,ECONOMIA,MESTRADO PROFISSIONAL,PROFISSIONAL,4,EM FUNCIONAMENTO
Universidade Federal do Paraná,EDUCAÇÃO: TEORIA E PRÁTICA DE ENSINO,MESTRADO PROFISSIONAL,PROFISSIONAL,4,EM FUNCIONAMENTO
Universidade Federal do Paraná,ENGENHARIA DE MANUFATURA,MESTRADO PROFISSIONAL,PROFISSIONAL,3,EM FUNCIONAMENTO
Universidade Federal do Paraná,FILOSOFIA,MESTRADO PROFISSIONAL,PROFISSIONAL,4,EM FUNCIONAMENTO
Universidade Federal do Paraná,"GESTÃO DE ORGANIZAÇÕES, LIDERANÇA E DECISÃO",MESTRADO PROFISSIONAL,PROFISSIONAL,3,EM FUNCIONAMENTO
Universidade Federal do Paraná,MEIO AMBIENTE URBANO E INDUSTRIAL,MESTRADO PROFISSIONAL,PROFISSIONAL,3,EM FUNCIONAMENTO
Universidade Federal do Paraná,PRÁTICA DO CUIDADO EM SAÚDE,MESTRADO PROFISSIONAL,PROFISSIONAL,4,EM FUNCIONAMENTO
Universidade Federal do Paraná,ADMINISTRAÇÃO,MESTRADO/DOUTORADO,ACADÊMICO,6,EM FUNCIONAMENTO
Universidade Federal do Paraná,AGRONOMIA (PRODUÇÃO VEGETAL),MESTRADO/DOUTORADO,ACADÊMICO,6,EM FUNCIONAMENTO
Universidade Federal do Paraná,ALIMENTAÇÃO E NUTRIÇÃO,MESTRADO/DOUTORADO,ACADÊMICO,4,EM FUNCIONAMENTO
Universidade Federal do Paraná,ANTROPOLOGIA E ARQUEOLOGIA,MESTRADO/DOUTORADO,ACADÊMICO,4,EM FUNCIONAMENTO
Universidade Federal do Paraná,BIOLOGIA CELULAR E MOLECULAR,MESTRADO/DOUTORADO,ACADÊMICO,5,EM FUNCIONAMENTO
Universidade Federal do Paraná,BOTÂNICA,MESTRADO/DOUTORADO,ACADÊMICO,5,EM FUNCIONAMENTO
Universidade Federal do Paraná,CIENCIA DO SOLO,MESTRADO/DOUTORADO,ACADÊMICO,5,EM FUNCIONAMENTO
Universidade Federal do Paraná,CIÊNCIA ANIMAL,MESTRADO/DOUTORADO,ACADÊMICO,4,EM FUNCIONAMENTO
Universidade Federal do Paraná,CIÊNCIA POLÍTICA,MESTRADO/DOUTORADO,ACADÊMICO,6,EM FUNCIONAMENTO
Universidade Federal do Paraná,CIÊNCIAS (BIOQUÍMICA),MESTRADO/DOUTORADO,ACADÊMICO,7,EM FUNCIONAMENTO
Universidade Federal do Paraná,CIÊNCIAS BIOLÓGICAS (ENTOMOLOGIA),MESTRADO/DOUTORADO,ACADÊMICO,5,EM FUNCIONAMENTO
Universidade Federal do Paraná,CIÊNCIAS FARMACÊUTICAS,MESTRADO/DOUTORADO,ACADÊMICO,5,EM FUNCIONAMENTO
Universidade Federal do Paraná,CIÊNCIAS GEODÉSICAS,MESTRADO/DOUTORADO,ACADÊMICO,5,EM FUNCIONAMENTO
Universidade Federal do Paraná,CIÊNCIAS VETERINÁRIAS,MESTRADO/DOUTORADO,ACADÊMICO,6,EM FUNCIONAMENTO
Universidade Federal do Paraná,COMUNICAÇÃO,MESTRADO/DOUTORADO,ACADÊMICO,5,EM FUNCIONAMENTO
Universidade Federal do Paraná,CONTABILIDADE,MESTRADO/DOUTORADO,ACADÊMICO,5,EM FUNCIONAMENTO
Universidade Federal do Paraná,DESENVOLVIMENTO ECONÔMICO,MESTRADO/DOUTORADO,ACADÊMICO,5,EM FUNCIONAMENTO
Universidade Federal do Paraná,DESIGN,MESTRADO/DOUTORADO,ACADÊMICO,5,EM FUNCIONAMENTO
Universidade Federal do Paraná,DIREITO,MESTRADO/DOUTORADO,ACADÊMICO,6,EM FUNCIONAMENTO
Universidade Federal do Paraná,ECOLOGIA E CONSERVAÇÃO,MESTRADO/DOUTORADO,ACADÊMICO,6,EM FUNCIONAMENTO
Universidade Federal do Paraná,EDUCAÇÃO,MESTRADO/DOUTORADO,ACADÊMICO,7,EM FUNCIONAMENTO
Universidade Federal do Paraná,EDUCAÇÃO EM CIÊNCIAS E EM MATEMÁTICA,MESTRADO/DOUTORADO,ACADÊMICO,4,EM FUNCIONAMENTO
Universidade Federal do Paraná,EDUCAÇÃO FÍSICA,MESTRADO/DOUTORADO,ACADÊMICO,6,EM FUNCIONAMENTO
Universidade Federal do Paraná,ENFERMAGEM,MESTRADO/DOUTORADO,ACADÊMICO,5,EM FUNCIONAMENTO
Universidade Federal do Paraná,ENGENHARIA AMBIENTAL,MESTRADO/DOUTORADO,ACADÊMICO,4,EM FUNCIONAMENTO
Universidade Federal do Paraná,ENGENHARIA CIVIL,MESTRADO/DOUTORADO,ACADÊMICO,5,EM FUNCIONAMENTO
Universidade Federal do Paraná,ENGENHARIA DE ALIMENTOS,MESTRADO/DOUTORADO,ACADÊMICO,6,EM FUNCIONAMENTO
Universidade Federal do Paraná,ENGENHARIA DE BIOPROCESSOS E BIOTECNOLOGIA,MESTRADO/DOUTORADO,ACADÊMICO,7,EM FUNCIONAMENTO
Universidade Federal do Paraná,ENGENHARIA DE RECURSOS HÍDRICOS E AMBIENTAL,MESTRADO/DOUTORADO,ACADÊMICO,4,EM FUNCIONAMENTO
Universidade Federal do Paraná,ENGENHARIA E CIÊNCIA DOS MATERIAIS,MESTRADO/DOUTORADO,ACADÊMICO,5,EM FUNCIONAMENTO
Universidade Federal do Paraná,ENGENHARIA E TECNOLOGIA AMBIENTAL,MESTRADO/DOUTORADO,ACADÊMICO,4,EM FUNCIONAMENTO
Universidade Federal do Paraná,ENGENHARIA ELÉTRICA,MESTRADO/DOUTORADO,ACADÊMICO,4,EM FUNCIONAMENTO
Universidade Federal do Paraná,ENGENHARIA FLORESTAL,MESTRADO/DOUTORADO,ACADÊMICO,5,EM FUNCIONAMENTO
Universidade Federal do Paraná,ENGENHARIA MECÂNICA,MESTRADO/DOUTORADO,ACADÊMICO,5,EM FUNCIONAMENTO
Universidade Federal do Paraná,ENGENHARIA QUÍMICA,MESTRADO/DOUTORADO,ACADÊMICO,4,EM FUNCIONAMENTO
Universidade Federal do Paraná,FARMACOLOGIA,MESTRADO/DOUTORADO,ACADÊMICO,5,EM FUNCIONAMENTO
Universidade Federal do Paraná,FILOSOFIA,MESTRADO/DOUTORADO,ACADÊMICO,6,EM FUNCIONAMENTO
Universidade Federal do Paraná,FISIOLOGIA,MESTRADO/DOUTORADO,ACADÊMICO,4,EM FUNCIONAMENTO
Universidade Federal do Paraná,FÍSICA,MESTRADO/DOUTORADO,ACADÊMICO,6,EM FUNCIONAMENTO
Universidade Federal do Paraná,GENÉTICA,MESTRADO/DOUTORADO,ACADÊMICO,5,EM FUNCIONAMENTO
Universidade Federal do Paraná,GEOGRAFIA,MESTRADO/DOUTORADO,ACADÊMICO,6,EM FUNCIONAMENTO
Universidade Federal do Paraná,GEOLOGIA,MESTRADO/DOUTORADO,ACADÊMICO,5,EM FUNCIONAMENTO
Universidade Federal do Paraná,GESTÃO DA INFORMAÇÃO,MESTRADO/DOUTORADO,ACADÊMICO,4,EM FUNCIONAMENTO
Universidade Federal do Paraná,HISTÓRIA,MESTRADO/DOUTORADO,ACADÊMICO,6,EM FUNCIONAMENTO
Universidade Federal do Paraná,INFORMÁTICA,MESTRADO/DOUTORADO,ACADÊMICO,6,EM FUNCIONAMENTO
Universidade Federal do Paraná,LETRAS,MESTRADO/DOUTORADO,ACADÊMICO,7,EM FUNCIONAMENTO
Universidade Federal do Paraná,MATEMÁTICA,MESTRADO/DOUTORADO,ACADÊMICO,5,EM FUNCIONAMENTO
Universidade Federal do Paraná,MEDICINA (CLÍNICA CIRÚRGICA),MESTRADO/DOUTORADO,ACADÊMICO,4,EM FUNCIONAMENTO
Universidade Federal do Paraná,MEDICINA INTERNA E CIÊNCIAS DA SAÚDE,MESTRADO/DOUTORADO,ACADÊMICO,5,EM FUNCIONAMENTO
Universidade Federal do Paraná,MEIO AMBIENTE E DESENVOLVIMENTO,MESTRADO/DOUTORADO,ACADÊMICO,4,EM FUNCIONAMENTO
Universidade Federal do Paraná,"MICROBIOLOGIA, PARASITOLOGIA E PATOLOGIA",MESTRADO/DOUTORADO,ACADÊMICO,5,EM FUNCIONAMENTO
Universidade Federal do Paraná,MÉTODOS NUMÉRICOS EM ENGENHARIA,MESTRADO/DOUTORADO,ACADÊMICO,4,EM FUNCIONAMENTO
Universidade Federal do Paraná,MÚSICA,MESTRADO/DOUTORADO,ACADÊMICO,4,EM FUNCIONAMENTO
Universidade Federal do Paraná,ODONTOLOGIA,MESTRADO/DOUTORADO,ACADÊMICO,4,EM FUNCIONAMENTO
Universidade Federal do Paraná,POLÍTICAS PÚBLICAS,MESTRADO/DOUTORADO,ACADÊMICO,4,EM FUNCIONAMENTO
Universidade Federal do Paraná,PSICOLOGIA,MESTRADO/DOUTORADO,ACADÊMICO,5,EM FUNCIONAMENTO
Universidade Federal do Paraná,QUÍMICA,MESTRADO/DOUTORADO,ACADÊMICO,7,EM FUNCIONAMENTO
Universidade Federal do Paraná,SAÚDE DA CRIANÇA E DO ADOLESCENTE,MESTRADO/DOUTORADO,ACADÊMICO,3,EM FUNCIONAMENTO
Universidade Federal do Paraná,SISTEMAS COSTEIROS E OCEÂNICOS,MESTRADO/DOUTORADO,ACADÊMICO,5,EM FUNCIONAMENTO
Universidade Federal do Paraná,SOCIOLOGIA,MESTRADO/DOUTORADO,ACADÊMICO,5,EM FUNCIONAMENTO
Universidade Federal do Paraná,ZOOLOGIA,MESTRADO/DOUTORADO,ACADÊMICO,4,EM FUNCIONAMENTO
Universidade Federal do Paraná,ZOOTECNIA,MESTRADO/DOUTORADO,ACADÊMICO,4,EM FUNCIONAMENTO
Universidade Federal do Pará,BIODIVERSIDADE E BIOTECNOLOGIA - REDE BIONORTE,DOUTORADO,ACADÊMICO,5,EM FUNCIONAMENTO
Universidade Federal do Pará,EDUCAÇÃO EM CIÊNCIAS E MATEMÁTICA - UFMT - UFPA - UEA,DOUTORADO,ACADÊMICO,5,EM FUNCIONAMENTO
Universidade Federal do Pará,EDUCAÇÃO NA AMAZÔNIA,DOUTORADO,ACADÊMICO,4,EM FUNCIONAMENTO
Universidade Federal do Pará,ENGENHARIA DE RECURSOS NATURAIS DA AMAZÔNIA,DOUTORADO,ACADÊMICO,3,EM DESATIVACAO
Universidade Federal do Pará,INOVAÇÃO FARMACÊUTICA,DOUTORADO,ACADÊMICO,4,EM FUNCIONAMENTO
Universidade Federal do Pará,MATEMÁTICA - UFPA - UFAM,DOUTORADO,ACADÊMICO,4,EM FUNCIONAMENTO
Universidade Federal do Pará,ADMINISTRAÇÃO,MESTRADO,ACADÊMICO,3,EM FUNCIONAMENTO
Universidade Federal do Pará,BIODIVERSIDADE E CONSERVAÇÃO,MESTRADO,ACADÊMICO,3,EM FUNCIONAMENTO
Universidade Federal do Pará,"CIDADES, TERRITÓRIOS, IDENTIDADES E EDUCAÇÃO",MESTRADO,ACADÊMICO,3,EM FUNCIONAMENTO
Universidade Federal do Pará,CIÊNCIA E ENGENHARIA DE MATERIAIS,MESTRADO,ACADÊMICO,3,EM FUNCIONAMENTO
Universidade Federal do Pará,CIÊNCIAS DO MOVIMENTO HUMANO,MESTRADO,ACADÊMICO,3,EM FUNCIONAMENTO
Universidade Federal do Pará,CIÊNCIAS DO PATRIMÔNIO CULTURAL,MESTRADO,ACADÊMICO,3,EM FUNCIONAMENTO
Universidade Federal do Pará,CONTABILIDADE,MESTRADO,ACADÊMICO,A,EM FUNCIONAMENTO
Universidade Federal do Pará,EDUCAÇÃO E CULTURA,MESTRADO,ACADÊMICO,3,EM FUNCIONAMENTO
Universidade Federal do Pará,ENFERMAGEM,MESTRADO,ACADÊMICO,3,EM FUNCIONAMENTO
Universidade Federal do Pará,ENGENHARIA DE INFRAESTRUTURA E DESENVOLVIMENTO ENERGÉTICO,MESTRADO,ACADÊMICO,3,EM FUNCIONAMENTO
Universidade Federal do Pará,ENGENHARIA MECÂNICA,MESTRADO,ACADÊMICO,4,EM FUNCIONAMENTO
Universidade Federal do Pará,ENGENHARIA NAVAL,MESTRADO,ACADÊMICO,3,EM FUNCIONAMENTO
Universidade Federal do Pará,ESTUDOS ANTRÓPICOS NA AMAZÔNIA,MESTRADO,ACADÊMICO,4,EM FUNCIONAMENTO
Universidade Federal do Pará,ESTUDOS DA LINGUAGEM,MESTRADO,ACADÊMICO,A,EM FUNCIONAMENTO
Universidade Federal do Pará,ESTUDOS EM ETNODIVERSIDADE,MESTRADO,ACADÊMICO,A,EM FUNCIONAMENTO
Universidade Federal do Pará,FILOSOFIA,MESTRADO,ACADÊMICO,4,EM FUNCIONAMENTO
Universidade Federal do Pará,LINGUAGENS E SABERES NA AMAZÔNIA,MESTRADO,ACADÊMICO,3,EM FUNCIONAMENTO
Universidade Federal do Pará,MATEMÁTICA E ESTATÍSTICA,MESTRADO,ACADÊMICO,4,EM FUNCIONAMENTO
Universidade Federal do Pará,NEUROCIÊNCIAS E COMPORTAMENTO,MESTRADO,ACADÊMICO,4,EM FUNCIONAMENTO
Universidade Federal do Pará,OCEANOGRAFIA,MESTRADO,ACADÊMICO,3,EM FUNCIONAMENTO
Universidade Federal do Pará,QUÍMICA MEDICINAL E MODELAGEM MOLECULAR,MESTRADO,ACADÊMICO,3,EM FUNCIONAMENTO
Universidade Federal do Pará,SAÚDE COLETIVA NA AMAZÔNIA,MESTRADO,ACADÊMICO,3,EM FUNCIONAMENTO
Universidade Federal do Pará,ANÁLISES CLÍNICAS,MESTRADO PROFISSIONAL,PROFISSIONAL,3,EM FUNCIONAMENTO
Universidade Federal do Pará,ASSISTÊNCIA FARMACÊUTICA,MESTRADO PROFISSIONAL,PROFISSIONAL,3,EM FUNCIONAMENTO
Universidade Federal do Pará,ATENÇÃO E ESTUDO CLÍNICO NO DIABETES,MESTRADO PROFISSIONAL,PROFISSIONAL,3,EM FUNCIONAMENTO
Universidade Federal do Pará,CIÊNCIAS E MEIO AMBIENTE,MESTRADO PROFISSIONAL,PROFISSIONAL,4,EM FUNCIONAMENTO
Universidade Federal do Pará,COMPUTAÇÃO APLICADA,MESTRADO PROFISSIONAL,PROFISSIONAL,3,EM FUNCIONAMENTO
Universidade Federal do Pará,CRIATIVIDADE E INOVAÇÃO EM METODOLOGIAS DE ENSINO SUPERIOR,MESTRADO PROFISSIONAL,PROFISSIONAL,4,EM FUNCIONAMENTO
Universidade Federal do Pará,DIREITO E DESENVOLVIMENTO NA AMAZÔNIA,MESTRADO PROFISSIONAL,PROFISSIONAL,A,EM FUNCIONAMENTO
Universidade Federal do Pará,DOCÊNCIA EM EDUCAÇÃO EM CIÊNCIAS E MATEMÁTICAS,MESTRADO PROFISSIONAL,PROFISSIONAL,5,EM FUNCIONAMENTO
Universidade Federal do Pará,ECONOMIA APLICADA,MESTRADO PROFISSIONAL,PROFISSIONAL,3,EM FUNCIONAMENTO
Universidade Federal do Pará,ENGENHARIA DE BARRAGEM E GESTÃO AMBIENTAL,MESTRADO PROFISSIONAL,PROFISSIONAL,3,EM FUNCIONAMENTO
Universidade Federal do Pará,ENGENHARIA DE PROCESSOS,MESTRADO PROFISSIONAL,PROFISSIONAL,3,EM FUNCIONAMENTO
Universidade Federal do Pará,ENGENHARIA INDUSTRIAL,MESTRADO PROFISSIONAL,PROFISSIONAL,3,EM FUNCIONAMENTO
Universidade Federal do Pará,ENGENHARIA SANITÁRIA E AMBIENTAL - PPGESA,MESTRADO PROFISSIONAL,PROFISSIONAL,3,EM FUNCIONAMENTO
Universidade Federal do Pará,GESTÃO DE RISCOS E DESASTRES NATURAIS NA AMAZÔNIA,MESTRADO PROFISSIONAL,PROFISSIONAL,3,EM FUNCIONAMENTO
Universidade Federal do Pará,GESTÃO PÚBLICA,MESTRADO PROFISSIONAL,PROFISSIONAL,2,EM DESATIVACAO
Universidade Federal do Pará,MÚSICA,MESTRADO PROFISSIONAL,PROFISSIONAL,A,EM FUNCIONAMENTO
Universidade Federal do Pará,PROCESSOS CONSTRUTIVOS E SANEAMENTO URBANO,MESTRADO PROFISSIONAL,PROFISSIONAL,3,EM FUNCIONAMENTO
Universidade Federal do Pará,RECURSOS HÍDRICOS,MESTRADO PROFISSIONAL,PROFISSIONAL,3,EM FUNCIONAMENTO
Universidade Federal do Pará,SAÚDE NA AMAZÔNIA,MESTRADO PROFISSIONAL,PROFISSIONAL,3,EM FUNCIONAMENTO
Universidade Federal do Pará,SEGURANÇA PUBLICA,MESTRADO PROFISSIONAL,PROFISSIONAL,4,EM FUNCIONAMENTO
Universidade Federal do Pará,GESTAO DOS RECURSOS NATURAIS E DESENVOLVIMENTO LOCAL NA AMAZONIA,MESTRADO PROFISSIONAL/DOUTORADO PROFISSIONAL,PROFISSIONAL,5,EM FUNCIONAMENTO
Universidade Federal do Pará,AGRICULTURAS AMAZÔNICAS,MESTRADO/DOUTORADO,ACADÊMICO,5,EM FUNCIONAMENTO
Universidade Federal do Pará,ANTROPOLOGIA,MESTRADO/DOUTORADO,ACADÊMICO,5,EM FUNCIONAMENTO
Universidade Federal do Pará,ARQUITETURA E URBANISMO,MESTRADO/DOUTORADO,ACADÊMICO,5,EM FUNCIONAMENTO
Universidade Federal do Pará,ARTES,MESTRADO/DOUTORADO,ACADÊMICO,5,EM FUNCIONAMENTO
Universidade Federal do Pará,BIOLOGIA AMBIENTAL,MESTRADO/DOUTORADO,ACADÊMICO,4,EM FUNCIONAMENTO
Universidade Federal do Pará,BIOLOGIA DE AGENTES INFECCIOSOS E PARASITÁRIOS,MESTRADO/DOUTORADO,ACADÊMICO,6,EM FUNCIONAMENTO
Universidade Federal do Pará,BIOTECNOLOGIA,MESTRADO/DOUTORADO,ACADÊMICO,5,EM FUNCIONAMENTO
Universidade Federal do Pará,CIÊNCIA ANIMAL,MESTRADO/DOUTORADO,ACADÊMICO,4,EM FUNCIONAMENTO
Universidade Federal do Pará,CIÊNCIA DA COMPUTAÇÃO,MESTRADO/DOUTORADO,ACADÊMICO,5,EM FUNCIONAMENTO
Universidade Federal do Pará,CIÊNCIA DA INFORMAÇÃO,MESTRADO/DOUTORADO,ACADÊMICO,4,EM FUNCIONAMENTO
Universidade Federal do Pará,CIÊNCIA E TECNOLOGIA DE ALIMENTOS,MESTRADO/DOUTORADO,ACADÊMICO,5,EM FUNCIONAMENTO
Universidade Federal do Pará,CIÊNCIA POLÍTICA,MESTRADO/DOUTORADO,ACADÊMICO,4,EM FUNCIONAMENTO
Universidade Federal do Pará,CIÊNCIAS AMBIENTAIS,MESTRADO/DOUTORADO,ACADÊMICO,5,EM FUNCIONAMENTO
Universidade Federal do Pará,CIÊNCIAS FARMACÊUTICAS,MESTRADO/DOUTORADO,ACADÊMICO,4,EM FUNCIONAMENTO
Universidade Federal do Pará,"COMUNICAÇÃO, CULTURA E AMAZÔNIA",MESTRADO/DOUTORADO,ACADÊMICO,5,EM FUNCIONAMENTO
Universidade Federal do Pará,CURRÍCULO E GESTÃO DA ESCOLA BÁSICA,MESTRADO/DOUTORADO,ACADÊMICO,4,EM FUNCIONAMENTO
Universidade Federal do Pará,DESENVOLVIMENTO SUSTENTÁVEL DO TRÓPICO ÚMIDO,MESTRADO/DOUTORADO,ACADÊMICO,7,EM FUNCIONAMENTO
Universidade Federal do Pará,DIREITO,MESTRADO/DOUTORADO,ACADÊMICO,5,EM FUNCIONAMENTO
Universidade Federal do Pará,DOENÇAS TROPICAIS,MESTRADO/DOUTORADO,ACADÊMICO,5,EM FUNCIONAMENTO
Universidade Federal do Pará,ECOLOGIA,MESTRADO/DOUTORADO,ACADÊMICO,5,EM FUNCIONAMENTO
Universidade Federal do Pará,ECOLOGIA AQUÁTICA E PESCA,MESTRADO/DOUTORADO,ACADÊMICO,5,EM FUNCIONAMENTO
Universidade Federal do Pará,ECONOMIA,MESTRADO/DOUTORADO,ACADÊMICO,5,EM FUNCIONAMENTO
Universidade Federal do Pará,EDUCAÇÃO,MESTRADO/DOUTORADO,ACADÊMICO,5,EM FUNCIONAMENTO
Universidade Federal do Pará,EDUCAÇÃO EM CIÊNCIAS E MATEMÁTICAS,MESTRADO/DOUTORADO,ACADÊMICO,5,EM FUNCIONAMENTO
Universidade Federal do Pará,ENGENHARIA CIVIL,MESTRADO/DOUTORADO,ACADÊMICO,4,EM FUNCIONAMENTO
Universidade Federal do Pará,ENGENHARIA ELÉTRICA,MESTRADO/DOUTORADO,ACADÊMICO,5,EM FUNCIONAMENTO
Universidade Federal do Pará,ENGENHARIA QUÍMICA,MESTRADO/DOUTORADO,ACADÊMICO,4,EM FUNCIONAMENTO
Universidade Federal do Pará,FARMACOLOGIA E BIOQUÍMICA,MESTRADO/DOUTORADO,ACADÊMICO,A,EM FUNCIONAMENTO
Universidade Federal do Pará,FÍSICA,MESTRADO/DOUTORADO,ACADÊMICO,6,EM FUNCIONAMENTO
Universidade Federal do Pará,GENÉTICA E BIOLOGIA MOLECULAR,MESTRADO/DOUTORADO,ACADÊMICO,6,EM FUNCIONAMENTO
Universidade Federal do Pará,GEOFÍSICA,MESTRADO/DOUTORADO,ACADÊMICO,4,EM FUNCIONAMENTO
Universidade Federal do Pará,GEOGRAFIA,MESTRADO/DOUTORADO,ACADÊMICO,5,EM FUNCIONAMENTO
Universidade Federal do Pará,GEOLOGIA E GEOQUÍMICA,MESTRADO/DOUTORADO,ACADÊMICO,7,EM FUNCIONAMENTO
Universidade Federal do Pará,HISTÓRIA,MESTRADO/DOUTORADO,ACADÊMICO,5,EM FUNCIONAMENTO
Universidade Federal do Pará,LETRAS: LINGÜÍSTICA E TEORIA LITERÁRIA,MESTRADO/DOUTORADO,ACADÊMICO,6,EM FUNCIONAMENTO
Universidade Federal do Pará,NEUROCIÊNCIAS E BIOLOGIA CELULAR,MESTRADO/DOUTORADO,ACADÊMICO,5,EM FUNCIONAMENTO
Universidade Federal do Pará,ODONTOLOGIA,MESTRADO/DOUTORADO,ACADÊMICO,4,EM FUNCIONAMENTO
Universidade Federal do Pará,ONCOLOGIA E CIÊNCIAS MÉDICAS,MESTRADO/DOUTORADO,ACADÊMICO,5,EM FUNCIONAMENTO
Universidade Federal do Pará,PSICOLOGIA,MESTRADO/DOUTORADO,ACADÊMICO,4,EM FUNCIONAMENTO
Universidade Federal do Pará,PSICOLOGIA (TEORIA E PESQUISA DO COMPORTAMENTO),MESTRADO/DOUTORADO,ACADÊMICO,6,EM FUNCIONAMENTO
Universidade Federal do Pará,QUÍMICA,MESTRADO/DOUTORADO,ACADÊMICO,3,EM FUNCIONAMENTO
Universidade Federal do Pará,SAÚDE ANIMAL NA AMAZÔNIA,MESTRADO/DOUTORADO,ACADÊMICO,4,EM FUNCIONAMENTO
Universidade Federal do Pará,SERVIÇO SOCIAL,MESTRADO/DOUTORADO,ACADÊMICO,5,EM FUNCIONAMENTO
Universidade Federal do Pará,SOCIOLOGIA E ANTROPOLOGIA,MESTRADO/DOUTORADO,ACADÊMICO,5,EM FUNCIONAMENTO
Universidade Federal do Pará,ZOOLOGIA,MESTRADO/DOUTORADO,ACADÊMICO,5,EM FUNCIONAMENTO
Universidade Federal do Piauí,ANTROPOLOGIA,MESTRADO,ACADÊMICO,3,EM FUNCIONAMENTO
Universidade Federal do Piauí,ARQUEOLOGIA,MESTRADO,ACADÊMICO,3,EM FUNCIONAMENTO
Universidade Federal do Piauí,BIODIVERSIDADE E CONSERVAÇÃO,MESTRADO,ACADÊMICO,3,EM FUNCIONAMENTO
Universidade Federal do Piauí,CIÊNCIA DA COMPUTAÇÃO,MESTRADO,ACADÊMICO,4,EM FUNCIONAMENTO
Universidade Federal do Piauí,CIÊNCIA POLÍTICA,MESTRADO,ACADÊMICO,3,EM FUNCIONAMENTO
Universidade Federal do Piauí,CIÊNCIAS DO MOVIMENTO,MESTRADO,ACADÊMICO,A,EM FUNCIONAMENTO
Universidade Federal do Piauí,CIÊNCIAS E SAÚDE,MESTRADO,ACADÊMICO,3,EM FUNCIONAMENTO
Universidade Federal do Piauí,COMUNICAÇÃO,MESTRADO,ACADÊMICO,3,EM FUNCIONAMENTO
Universidade Federal do Piauí,DESENVOLVIMENTO E MEIO AMBIENTE,MESTRADO,ACADÊMICO,4,EM FUNCIONAMENTO
Universidade Federal do Piauí,DIREITO,MESTRADO,ACADÊMICO,3,EM FUNCIONAMENTO
Universidade Federal do Piauí,ENGENHARIA ELÉTRICA,MESTRADO,ACADÊMICO,3,EM FUNCIONAMENTO
Universidade Federal do Piauí,GEOGRAFIA,MESTRADO,ACADÊMICO,4,EM FUNCIONAMENTO
Universidade Federal do Piauí,SAÚDE E COMUNIDADE,MESTRADO,ACADÊMICO,3,EM FUNCIONAMENTO
Universidade Federal do Piauí,SOCIOLOGIA,MESTRADO,ACADÊMICO,3,EM FUNCIONAMENTO
Universidade Federal do Piauí,GESTÃO PÚBLICA,MESTRADO PROFISSIONAL,PROFISSIONAL,3,EM FUNCIONAMENTO
Universidade Federal do Piauí,SAÚDE DA MULHER,MESTRADO PROFISSIONAL,PROFISSIONAL,3,EM FUNCIONAMENTO
Universidade Federal do Piauí,AGRONOMIA,MESTRADO/DOUTORADO,ACADÊMICO,4,EM FUNCIONAMENTO
Universidade Federal do Piauí,ALIMENTOS E NUTRIÇÃO,MESTRADO/DOUTORADO,ACADÊMICO,4,EM FUNCIONAMENTO
Universidade Federal do Piauí,CIENCIAS FARMACEUTICAS,MESTRADO/DOUTORADO,ACADÊMICO,4,EM FUNCIONAMENTO
Universidade Federal do Piauí,CIÊNCIA E ENGENHARIA DOS MATERIAIS,MESTRADO/DOUTORADO,ACADÊMICO,6,EM FUNCIONAMENTO
Universidade Federal do Piauí,CIÊNCIAS AGRÁRIAS,MESTRADO/DOUTORADO,ACADÊMICO,4,EM FUNCIONAMENTO
Universidade Federal do Piauí,EDUCAÇÃO,MESTRADO/DOUTORADO,ACADÊMICO,5,EM FUNCIONAMENTO
Universidade Federal do Piauí,ENFERMAGEM,MESTRADO/DOUTORADO,ACADÊMICO,5,EM FUNCIONAMENTO
Universidade Federal do Piauí,FARMACOLOGIA,MESTRADO/DOUTORADO,ACADÊMICO,4,EM FUNCIONAMENTO
Universidade Federal do Piauí,FILOSOFIA,MESTRADO/DOUTORADO,ACADÊMICO,5,EM FUNCIONAMENTO
Universidade Federal do Piauí,FÍSICA,MESTRADO/DOUTORADO,ACADÊMICO,4,EM FUNCIONAMENTO
Universidade Federal do Piauí,HISTÓRIA,MESTRADO/DOUTORADO,ACADÊMICO,4,EM FUNCIONAMENTO
Universidade Federal do Piauí,LETRAS,MESTRADO/DOUTORADO,ACADÊMICO,4,EM FUNCIONAMENTO
Universidade Federal do Piauí,MATEMÁTICA,MESTRADO/DOUTORADO,ACADÊMICO,4,EM FUNCIONAMENTO
Universidade Federal do Piauí,ODONTOLOGIA,MESTRADO/DOUTORADO,ACADÊMICO,4,EM FUNCIONAMENTO
Universidade Federal do Piauí,POLÍTICAS PÚBLICAS,MESTRADO/DOUTORADO,ACADÊMICO,5,EM FUNCIONAMENTO
Universidade Federal do Piauí,QUÍMICA,MESTRADO/DOUTORADO,ACADÊMICO,4,EM FUNCIONAMENTO
Universidade Federal do Piauí,TECNOLOGIAS APLICADAS A ANIMAIS DE INTERESSE REGIONAL,MESTRADO/DOUTORADO,ACADÊMICO,4,EM FUNCIONAMENTO
Universidade Federal do Piauí,ZOOTECNIA TROPICAL,MESTRADO/DOUTORADO,ACADÊMICO,4,EM FUNCIONAMENTO
Universidade Federal do Recôncavo da Bahia,ARQUEOLOGIA E PATRIMÔNIO CULTURAL,MESTRADO,ACADÊMICO,4,EM FUNCIONAMENTO
Universidade Federal do Recôncavo da Bahia,CIÊNCIAS SOCIAIS,MESTRADO,ACADÊMICO,4,EM FUNCIONAMENTO
Universidade Federal do Recôncavo da Bahia,COMUNICAÇÃO,MESTRADO,ACADÊMICO,4,EM FUNCIONAMENTO
Universidade Federal do Recôncavo da Bahia,POLÍTICA SOCIAL E TERRITÓRIOS,MESTRADO,ACADÊMICO,3,EM FUNCIONAMENTO
Universidade Federal do Recôncavo da Bahia,RECURSOS GENÉTICOS VEGETAIS,MESTRADO,ACADÊMICO,5,EM FUNCIONAMENTO
Universidade Federal do Recôncavo da Bahia,ZOOTECNIA,MESTRADO,ACADÊMICO,4,EM FUNCIONAMENTO
Universidade Federal do Recôncavo da Bahia,DEFESA AGROPECUÁRIA,MESTRADO PROFISSIONAL,PROFISSIONAL,4,EM FUNCIONAMENTO
Universidade Federal do Recôncavo da Bahia,"EDUCAÇÃO CIENTÍFICA, INCLUSÃO E DIVERSIDADE",MESTRADO PROFISSIONAL,PROFISSIONAL,3,EM FUNCIONAMENTO
Universidade Federal do Recôncavo da Bahia,EDUCAÇÃO DO CAMPO,MESTRADO PROFISSIONAL,PROFISSIONAL,3,EM FUNCIONAMENTO
Universidade Federal do Recôncavo da Bahia,GESTÃO DE POLÍTICAS PÚBLICAS,MESTRADO PROFISSIONAL,PROFISSIONAL,4,EM FUNCIONAMENTO
Universidade Federal do Recôncavo da Bahia,"HISTÓRIA DA ÁFRICA, DA DIÁSPORA E DOS POVOS INDÍGENAS",MESTRADO PROFISSIONAL,PROFISSIONAL,4,EM FUNCIONAMENTO
Universidade Federal do Recôncavo da Bahia,SAÚDE DA POPULAÇÃO NEGRA E INDÍGENA,MESTRADO PROFISSIONAL,PROFISSIONAL,3,EM FUNCIONAMENTO
Universidade Federal do Recôncavo da Bahia,CIÊNCIAS AGRÁRIAS,MESTRADO/DOUTORADO,ACADÊMICO,4,EM FUNCIONAMENTO
Universidade Federal do Recôncavo da Bahia,ENGENHARIA AGRÍCOLA,MESTRADO/DOUTORADO,ACADÊMICO,4,EM FUNCIONAMENTO
Universidade Federal do Rio Grande,ADMINISTRAÇÃO,MESTRADO,ACADÊMICO,4,EM FUNCIONAMENTO
Universidade Federal do Rio Grande,AMBIENTOMETRIA,MESTRADO,ACADÊMICO,3,EM FUNCIONAMENTO
Universidade Federal do Rio Grande,COMPUTAÇÃO,MESTRADO,ACADÊMICO,4,EM FUNCIONAMENTO
Universidade Federal do Rio Grande,CONTABILIDADE,MESTRADO,ACADÊMICO,3,EM FUNCIONAMENTO
Universidade Federal do Rio Grande,DIREITO E JUSTIÇA SOCIAL,MESTRADO,ACADÊMICO,4,EM FUNCIONAMENTO
Universidade Federal do Rio Grande,ECONOMIA APLICADA,MESTRADO,ACADÊMICO,3,EM FUNCIONAMENTO
Universidade Federal do Rio Grande,EDUCAÇÃO,MESTRADO,ACADÊMICO,4,EM FUNCIONAMENTO
Universidade Federal do Rio Grande,ENGENHARIA MECÂNICA,MESTRADO,ACADÊMICO,3,EM FUNCIONAMENTO
Universidade Federal do Rio Grande,ENGENHARIA QUIMICA,MESTRADO,ACADÊMICO,3,EM FUNCIONAMENTO
Universidade Federal do Rio Grande,FÍSICA,MESTRADO,ACADÊMICO,3,EM FUNCIONAMENTO
Universidade Federal do Rio Grande,GEOGRAFIA,MESTRADO,ACADÊMICO,4,EM FUNCIONAMENTO
Universidade Federal do Rio Grande,PSICOLOGIA,MESTRADO,ACADÊMICO,3,EM FUNCIONAMENTO
Universidade Federal do Rio Grande,SAÚDE PÚBLICA,MESTRADO,ACADÊMICO,3,EM FUNCIONAMENTO
Universidade Federal do Rio Grande,SISTEMAS E PROCESSOS AGROINDUSTRIAIS,MESTRADO,ACADÊMICO,A,EM FUNCIONAMENTO
Universidade Federal do Rio Grande,ENSINO DE CIÊNCIAS EXATAS,MESTRADO PROFISSIONAL,PROFISSIONAL,4,EM FUNCIONAMENTO
Universidade Federal do Rio Grande,HISTÓRIA,MESTRADO PROFISSIONAL,PROFISSIONAL,4,EM FUNCIONAMENTO
Universidade Federal do Rio Grande,AQÜICULTURA,MESTRADO/DOUTORADO,ACADÊMICO,6,EM FUNCIONAMENTO
Universidade Federal do Rio Grande,BIOLOGIA DE AMBIENTES AQUÁTICOS CONTINENTAIS,MESTRADO/DOUTORADO,ACADÊMICO,5,EM FUNCIONAMENTO
Universidade Federal do Rio Grande,CIÊNCIAS DA SAÚDE,MESTRADO/DOUTORADO,ACADÊMICO,5,EM FUNCIONAMENTO
Universidade Federal do Rio Grande,CIÊNCIAS FISIOLÓGICAS,MESTRADO/DOUTORADO,ACADÊMICO,5,EM FUNCIONAMENTO
Universidade Federal do Rio Grande,EDUCAÇÃO AMBIENTAL,MESTRADO/DOUTORADO,ACADÊMICO,4,EM FUNCIONAMENTO
Universidade Federal do Rio Grande,EDUCAÇÃO EM CIÊNCIAS,MESTRADO/DOUTORADO,ACADÊMICO,4,EM FUNCIONAMENTO
Universidade Federal do Rio Grande,ENFERMAGEM,MESTRADO/DOUTORADO,ACADÊMICO,5,EM FUNCIONAMENTO
Universidade Federal do Rio Grande,ENGENHARIA E CIÊNCIA DE ALIMENTOS,MESTRADO/DOUTORADO,ACADÊMICO,7,EM FUNCIONAMENTO
Universidade Federal do Rio Grande,ENGENHARIA OCEÂNICA,MESTRADO/DOUTORADO,ACADÊMICO,4,EM FUNCIONAMENTO
Universidade Federal do Rio Grande,LETRAS,MESTRADO/DOUTORADO,ACADÊMICO,4,EM FUNCIONAMENTO
Universidade Federal do Rio Grande,MODELAGEM COMPUTACIONAL,MESTRADO/DOUTORADO,ACADÊMICO,4,EM FUNCIONAMENTO
Universidade Federal do Rio Grande,OCEANOGRAFIA BIOLÓGICA,MESTRADO/DOUTORADO,ACADÊMICO,6,EM FUNCIONAMENTO
Universidade Federal do Rio Grande,OCEANOLOGIA,MESTRADO/DOUTORADO,ACADÊMICO,7,EM FUNCIONAMENTO
Universidade Federal do Rio Grande,QUIMICA TECNOLOGICA E AMBIENTAL,MESTRADO/DOUTORADO,ACADÊMICO,5,EM FUNCIONAMENTO
Universidade Federal do Rio Grande do Norte,DESENVOLVIMENTO E MEIO AMBIENTE UFPI-UFRN-FUFSE-UESC-UFPB/JP-UFERSA,DOUTORADO,ACADÊMICO,5,EM FUNCIONAMENTO
Universidade Federal do Rio Grande do Norte,ARTES CÊNICAS,MESTRADO,ACADÊMICO,4,EM FUNCIONAMENTO
Universidade Federal do Rio Grande do Norte,BIOLOGIA PARASITÁRIA,MESTRADO,ACADÊMICO,4,EM FUNCIONAMENTO
Universidade Federal do Rio Grande do Norte,CIÊNCIAS APLICADAS À SAÚDE DA MULHER,MESTRADO,ACADÊMICO,3,EM FUNCIONAMENTO
Universidade Federal do Rio Grande do Norte,CIÊNCIAS CONTÁBEIS,MESTRADO,ACADÊMICO,3,EM FUNCIONAMENTO
Universidade Federal do Rio Grande do Norte,CIÊNCIAS DA REABILITAÇÃO,MESTRADO,ACADÊMICO,4,EM FUNCIONAMENTO
Universidade Federal do Rio Grande do Norte,CIÊNCIAS FLORESTAIS,MESTRADO,ACADÊMICO,3,EM FUNCIONAMENTO
Universidade Federal do Rio Grande do Norte,DESENVOLVIMENTO E MEIO AMBIENTE,MESTRADO,ACADÊMICO,5,EM FUNCIONAMENTO
Universidade Federal do Rio Grande do Norte,DIREITO,MESTRADO,ACADÊMICO,3,EM FUNCIONAMENTO
Universidade Federal do Rio Grande do Norte,ENGENHARIA CIVIL E AMBIENTAL,MESTRADO,ACADÊMICO,4,EM FUNCIONAMENTO
Universidade Federal do Rio Grande do Norte,ENGENHARIA DE PRODUÇÃO,MESTRADO,ACADÊMICO,3,EM FUNCIONAMENTO
Universidade Federal do Rio Grande do Norte,ENGENHARIA MECATRÔNICA,MESTRADO,ACADÊMICO,3,EM FUNCIONAMENTO
Universidade Federal do Rio Grande do Norte,ENGENHARIA MECÂNICA,MESTRADO,ACADÊMICO,4,EM FUNCIONAMENTO
Universidade Federal do Rio Grande do Norte,ENGENHARIA TÊXTIL,MESTRADO,ACADÊMICO,3,EM FUNCIONAMENTO
Universidade Federal do Rio Grande do Norte,GEOGRAFIA,MESTRADO,ACADÊMICO,3,EM FUNCIONAMENTO
Universidade Federal do Rio Grande do Norte,HISTÓRIA,MESTRADO,ACADÊMICO,3,EM FUNCIONAMENTO
Universidade Federal do Rio Grande do Norte,MATEMÁTICA APLICADA E ESTATISTICA,MESTRADO,ACADÊMICO,3,EM FUNCIONAMENTO
Universidade Federal do Rio Grande do Norte,MÚSICA,MESTRADO,ACADÊMICO,4,EM FUNCIONAMENTO
Universidade Federal do Rio Grande do Norte,SAÚDE COLETIVA,MESTRADO,ACADÊMICO,4,EM FUNCIONAMENTO
Universidade Federal do Rio Grande do Norte,"ARQUITETURA, PROJETO E MEIO AMBIENTE",MESTRADO PROFISSIONAL,PROFISSIONAL,5,EM FUNCIONAMENTO
Universidade Federal do Rio Grande do Norte,CIÊNCIA DA INFORMAÇÃO,MESTRADO PROFISSIONAL,PROFISSIONAL,4,EM FUNCIONAMENTO
Universidade Federal do Rio Grande do Norte,"CIÊNCIA, TECNOLOGIA E INOVAÇÃO",MESTRADO PROFISSIONAL,PROFISSIONAL,3,EM FUNCIONAMENTO
Universidade Federal do Rio Grande do Norte,EDUCAÇÃO ESPECIAL,MESTRADO PROFISSIONAL,PROFISSIONAL,3,EM FUNCIONAMENTO
Universidade Federal do Rio Grande do Norte,"EDUCAÇÃO, TRABALHO E INOVAÇÃO EM MEDICINA",MESTRADO PROFISSIONAL,PROFISSIONAL,3,EM FUNCIONAMENTO
Universidade Federal do Rio Grande do Norte,ENERGIA ELÉTRICA,MESTRADO PROFISSIONAL,PROFISSIONAL,3,EM FUNCIONAMENTO
Universidade Federal do Rio Grande do Norte,ENSINO DE CIÊNCIAS NATURAIS E MATEMÁTICA,MESTRADO PROFISSIONAL,PROFISSIONAL,4,EM FUNCIONAMENTO
Universidade Federal do Rio Grande do Norte,ENSINO NA SAÚDE,MESTRADO PROFISSIONAL,PROFISSIONAL,4,EM FUNCIONAMENTO
Universidade Federal do Rio Grande do Norte,GEOGRAFIA,MESTRADO PROFISSIONAL,PROFISSIONAL,4,EM FUNCIONAMENTO
Universidade Federal do Rio Grande do Norte,GESTÃO DA QUALIDADE EM SERVIÇOS DE SAÚDE,MESTRADO PROFISSIONAL,PROFISSIONAL,4,EM FUNCIONAMENTO
Universidade Federal do Rio Grande do Norte,GESTÃO DE PROCESSOS INSTITUCIONAIS,MESTRADO PROFISSIONAL,PROFISSIONAL,4,EM FUNCIONAMENTO
Universidade Federal do Rio Grande do Norte,GESTÃO E INOVAÇÃO EM SAÚDE,MESTRADO PROFISSIONAL,PROFISSIONAL,4,EM FUNCIONAMENTO
Universidade Federal do Rio Grande do Norte,GESTÃO PÚBLICA,MESTRADO PROFISSIONAL,PROFISSIONAL,4,EM FUNCIONAMENTO
Universidade Federal do Rio Grande do Norte,"GESTÃO, TRABALHO, EDUCAÇÃO E SAÚDE",MESTRADO PROFISSIONAL,PROFISSIONAL,3,EM FUNCIONAMENTO
Universidade Federal do Rio Grande do Norte,LETRAS,MESTRADO PROFISSIONAL,PROFISSIONAL,4,EM FUNCIONAMENTO
Universidade Federal do Rio Grande do Norte,SAÚDE E SOCIEDADE,MESTRADO PROFISSIONAL,PROFISSIONAL,3,EM FUNCIONAMENTO
Universidade Federal do Rio Grande do Norte,TECNOLOGIA DA INFORMAÇÃO,MESTRADO PROFISSIONAL,PROFISSIONAL,4,EM FUNCIONAMENTO
Universidade Federal do Rio Grande do Norte,INOVAÇÃO EM TECNOLOGIAS EDUCACIONAIS,MESTRADO PROFISSIONAL/DOUTORADO PROFISSIONAL,PROFISSIONAL,4,EM FUNCIONAMENTO
Universidade Federal do Rio Grande do Norte,ADMINISTRAÇÃO,MESTRADO/DOUTORADO,ACADÊMICO,5,EM FUNCIONAMENTO
Universidade Federal do Rio Grande do Norte,ANTROPOLOGIA SOCIAL,MESTRADO/DOUTORADO,ACADÊMICO,5,EM FUNCIONAMENTO
Universidade Federal do Rio Grande do Norte,ARQUITETURA E URBANISMO,MESTRADO/DOUTORADO,ACADÊMICO,5,EM FUNCIONAMENTO
Universidade Federal do Rio Grande do Norte,BIOINFORMÁTICA,MESTRADO/DOUTORADO,ACADÊMICO,5,EM FUNCIONAMENTO
Universidade Federal do Rio Grande do Norte,BIOLOGIA ESTRUTURAL E FUNCIONAL,MESTRADO/DOUTORADO,ACADÊMICO,4,EM FUNCIONAMENTO
Universidade Federal do Rio Grande do Norte,BIOQUÍMICA E BIOLOGIA MOLECULAR,MESTRADO/DOUTORADO,ACADÊMICO,4,EM FUNCIONAMENTO
Universidade Federal do Rio Grande do Norte,CIÊNCIA E ENGENHARIA DE MATERIAIS,MESTRADO/DOUTORADO,ACADÊMICO,7,EM FUNCIONAMENTO
Universidade Federal do Rio Grande do Norte,CIÊNCIAS CLIMÁTICAS,MESTRADO/DOUTORADO,ACADÊMICO,4,EM FUNCIONAMENTO
Universidade Federal do Rio Grande do Norte,CIÊNCIAS DA SAÚDE,MESTRADO/DOUTORADO,ACADÊMICO,6,EM FUNCIONAMENTO
Universidade Federal do Rio Grande do Norte,CIÊNCIAS FARMACÊUTICAS,MESTRADO/DOUTORADO,ACADÊMICO,4,EM FUNCIONAMENTO
Universidade Federal do Rio Grande do Norte,CIÊNCIAS ODONTOLÓGICAS,MESTRADO/DOUTORADO,ACADÊMICO,5,EM FUNCIONAMENTO
Universidade Federal do Rio Grande do Norte,CIÊNCIAS SOCIAIS,MESTRADO/DOUTORADO,ACADÊMICO,4,EM FUNCIONAMENTO
Universidade Federal do Rio Grande do Norte,DEMOGRAFIA,MESTRADO/DOUTORADO,ACADÊMICO,5,EM FUNCIONAMENTO
Universidade Federal do Rio Grande do Norte,ECOLOGIA,MESTRADO/DOUTORADO,ACADÊMICO,7,EM FUNCIONAMENTO
Universidade Federal do Rio Grande do Norte,ECONOMIA,MESTRADO/DOUTORADO,ACADÊMICO,4,EM FUNCIONAMENTO
Universidade Federal do Rio Grande do Norte,EDUCAÇÃO,MESTRADO/DOUTORADO,ACADÊMICO,5,EM FUNCIONAMENTO
Universidade Federal do Rio Grande do Norte,EDUCAÇÃO FÍSICA,MESTRADO/DOUTORADO,ACADÊMICO,4,EM FUNCIONAMENTO
Universidade Federal do Rio Grande do Norte,ENERGIA E PETRÓLEO,MESTRADO/DOUTORADO,ACADÊMICO,3,EM FUNCIONAMENTO
Universidade Federal do Rio Grande do Norte,ENFERMAGEM,MESTRADO/DOUTORADO,ACADÊMICO,5,EM FUNCIONAMENTO
Universidade Federal do Rio Grande do Norte,ENGENHARIA ELÉTRICA E DE COMPUTAÇÃO,MESTRADO/DOUTORADO,ACADÊMICO,5,EM FUNCIONAMENTO
Universidade Federal do Rio Grande do Norte,ENGENHARIA QUÍMICA,MESTRADO/DOUTORADO,ACADÊMICO,5,EM FUNCIONAMENTO
Universidade Federal do Rio Grande do Norte,ENSINO DE CIÊNCIAS E MATEMÁTICA,MESTRADO/DOUTORADO,ACADÊMICO,4,EM FUNCIONAMENTO
Universidade Federal do Rio Grande do Norte,ESTUDOS DA LINGUAGEM,MESTRADO/DOUTORADO,ACADÊMICO,4,EM FUNCIONAMENTO
Universidade Federal do Rio Grande do Norte,ESTUDOS DA MÍDIA,MESTRADO/DOUTORADO,ACADÊMICO,4,EM FUNCIONAMENTO
Universidade Federal do Rio Grande do Norte,ESTUDOS URBANOS E REGIONAIS,MESTRADO/DOUTORADO,ACADÊMICO,4,EM FUNCIONAMENTO
Universidade Federal do Rio Grande do Norte,FILOSOFIA,MESTRADO/DOUTORADO,ACADÊMICO,5,EM FUNCIONAMENTO
Universidade Federal do Rio Grande do Norte,FISIOTERAPIA,MESTRADO/DOUTORADO,ACADÊMICO,5,EM FUNCIONAMENTO
Universidade Federal do Rio Grande do Norte,FONOAUDIOLOGIA,MESTRADO/DOUTORADO,ACADÊMICO,4,EM FUNCIONAMENTO
Universidade Federal do Rio Grande do Norte,FÍSICA,MESTRADO/DOUTORADO,ACADÊMICO,5,EM FUNCIONAMENTO
Universidade Federal do Rio Grande do Norte,GEODINÂMICA E GEOFÍSICA,MESTRADO/DOUTORADO,ACADÊMICO,5,EM FUNCIONAMENTO
Universidade Federal do Rio Grande do Norte,GEOGRAFIA,MESTRADO/DOUTORADO,ACADÊMICO,5,EM FUNCIONAMENTO
Universidade Federal do Rio Grande do Norte,HISTÓRIA,MESTRADO/DOUTORADO,ACADÊMICO,4,EM FUNCIONAMENTO
Universidade Federal do Rio Grande do Norte,NEUROCIÊNCIAS,MESTRADO/DOUTORADO,ACADÊMICO,5,EM FUNCIONAMENTO
Universidade Federal do Rio Grande do Norte,NUTRIÇÃO,MESTRADO/DOUTORADO,ACADÊMICO,4,EM FUNCIONAMENTO
Universidade Federal do Rio Grande do Norte,PSICOBIOLOGIA,MESTRADO/DOUTORADO,ACADÊMICO,6,EM FUNCIONAMENTO
Universidade Federal do Rio Grande do Norte,PSICOLOGIA,MESTRADO/DOUTORADO,ACADÊMICO,5,EM FUNCIONAMENTO
Universidade Federal do Rio Grande do Norte,QUÍMICA,MESTRADO/DOUTORADO,ACADÊMICO,6,EM FUNCIONAMENTO
Universidade Federal do Rio Grande do Norte,SAÚDE COLETIVA,MESTRADO/DOUTORADO,ACADÊMICO,5,EM FUNCIONAMENTO
Universidade Federal do Rio Grande do Norte,SERVIÇO SOCIAL,MESTRADO/DOUTORADO,ACADÊMICO,4,EM FUNCIONAMENTO
Universidade Federal do Rio Grande do Norte,SISTEMAS E COMPUTAÇÃO,MESTRADO/DOUTORADO,ACADÊMICO,5,EM FUNCIONAMENTO
Universidade Federal do Rio Grande do Norte,SISTEMÁTICA E EVOLUÇÃO,MESTRADO/DOUTORADO,ACADÊMICO,5,EM FUNCIONAMENTO
Universidade Federal do Rio Grande do Norte,TURISMO,MESTRADO/DOUTORADO,ACADÊMICO,5,EM FUNCIONAMENTO
Universidade Federal do Rio Grande do Sul,INFORMÁTICA NA EDUCAÇÃO,DOUTORADO,ACADÊMICO,7,EM FUNCIONAMENTO
Universidade Federal do Rio Grande do Sul,"ALIMENTAÇÃO, NUTRIÇÃO E SAÚDE",MESTRADO,ACADÊMICO,3,EM FUNCIONAMENTO
Universidade Federal do Rio Grande do Sul,CIÊNCIA DA INFORMAÇÃO,MESTRADO,ACADÊMICO,4,EM FUNCIONAMENTO
Universidade Federal do Rio Grande do Sul,CONTROLADORIA E CONTABILIDADE,MESTRADO,ACADÊMICO,4,EM FUNCIONAMENTO
Universidade Federal do Rio Grande do Sul,ENSINO DE MATEMÁTICA,MESTRADO,ACADÊMICO,4,EM FUNCIONAMENTO
Universidade Federal do Rio Grande do Sul,ESTATÍSTICA,MESTRADO,ACADÊMICO,3,EM FUNCIONAMENTO
Universidade Federal do Rio Grande do Sul,MEDICINA: CIÊNCIAS CIRÚRGICAS,MESTRADO,ACADÊMICO,4,EM FUNCIONAMENTO
Universidade Federal do Rio Grande do Sul,MUSEOLOGIA E PATRIMÔNIO,MESTRADO,ACADÊMICO,4,EM FUNCIONAMENTO
Universidade Federal do Rio Grande do Sul,POLÍTICA SOCIAL E SERVIÇO SOCIAL,MESTRADO,ACADÊMICO,4,EM FUNCIONAMENTO
Universidade Federal do Rio Grande do Sul,PSICANÁLISE: CLÍNICA E CULTURA,MESTRADO,ACADÊMICO,4,EM FUNCIONAMENTO
Universidade Federal do Rio Grande do Sul,SAÚDE COLETIVA,MESTRADO,ACADÊMICO,4,EM FUNCIONAMENTO
Universidade Federal do Rio Grande do Sul,ALIMENTOS DE ORIGEM ANIMAL,MESTRADO PROFISSIONAL,PROFISSIONAL,4,EM FUNCIONAMENTO
Universidade Federal do Rio Grande do Sul,ECONOMIA,MESTRADO PROFISSIONAL,PROFISSIONAL,4,EM FUNCIONAMENTO
Universidade Federal do Rio Grande do Sul,ENGENHARIA DE PRODUÇÃO,MESTRADO PROFISSIONAL,PROFISSIONAL,4,EM FUNCIONAMENTO
Universidade Federal do Rio Grande do Sul,ENSINO NA SAÚDE,MESTRADO PROFISSIONAL,PROFISSIONAL,4,EM FUNCIONAMENTO
Universidade Federal do Rio Grande do Sul,SEGURANÇA CIDADÃ,MESTRADO PROFISSIONAL,PROFISSIONAL,3,EM FUNCIONAMENTO
Universidade Federal do Rio Grande do Sul,ADMINISTRAÇÃO,MESTRADO/DOUTORADO,ACADÊMICO,6,EM FUNCIONAMENTO
Universidade Federal do Rio Grande do Sul,AGRONEGÓCIOS,MESTRADO/DOUTORADO,ACADÊMICO,5,EM FUNCIONAMENTO
Universidade Federal do Rio Grande do Sul,ANTROPOLOGIA SOCIAL,MESTRADO/DOUTORADO,ACADÊMICO,7,EM FUNCIONAMENTO
Universidade Federal do Rio Grande do Sul,ARQUITETURA,MESTRADO/DOUTORADO,ACADÊMICO,6,EM FUNCIONAMENTO
Universidade Federal do Rio Grande do Sul,ARTES CÊNICAS,MESTRADO/DOUTORADO,ACADÊMICO,5,EM FUNCIONAMENTO
Universidade Federal do Rio Grande do Sul,ARTES VISUAIS,MESTRADO/DOUTORADO,ACADÊMICO,6,EM FUNCIONAMENTO
Universidade Federal do Rio Grande do Sul,BIOLOGIA ANIMAL,MESTRADO/DOUTORADO,ACADÊMICO,5,EM FUNCIONAMENTO
Universidade Federal do Rio Grande do Sul,BIOLOGIA CELULAR E MOLECULAR,MESTRADO/DOUTORADO,ACADÊMICO,7,EM FUNCIONAMENTO
Universidade Federal do Rio Grande do Sul,BOTÂNICA,MESTRADO/DOUTORADO,ACADÊMICO,5,EM FUNCIONAMENTO
Universidade Federal do Rio Grande do Sul,CIÊNCIA DO SOLO,MESTRADO/DOUTORADO,ACADÊMICO,6,EM FUNCIONAMENTO
Universidade Federal do Rio Grande do Sul,CIÊNCIA E TECNOLOGIA DE ALIMENTOS,MESTRADO/DOUTORADO,ACADÊMICO,5,EM FUNCIONAMENTO
Universidade Federal do Rio Grande do Sul,CIÊNCIA POLÍTICA,MESTRADO/DOUTORADO,ACADÊMICO,5,EM FUNCIONAMENTO
Universidade Federal do Rio Grande do Sul,CIÊNCIAS BIOLÓGICAS (BIOQUÍMICA),MESTRADO/DOUTORADO,ACADÊMICO,7,EM FUNCIONAMENTO
Universidade Federal do Rio Grande do Sul,CIÊNCIAS BIOLÓGICAS (FISIOLOGIA),MESTRADO/DOUTORADO,ACADÊMICO,5,EM FUNCIONAMENTO
Universidade Federal do Rio Grande do Sul,CIÊNCIAS BIOLÓGICAS (NEUROCIÊNCIAS),MESTRADO/DOUTORADO,ACADÊMICO,5,EM FUNCIONAMENTO
Universidade Federal do Rio Grande do Sul,CIÊNCIAS BIOLÓGICAS: FARMACOLOGIA E TERAPÊUTICA,MESTRADO/DOUTORADO,ACADÊMICO,5,EM FUNCIONAMENTO
Universidade Federal do Rio Grande do Sul,CIÊNCIAS DA SAÚDE: CARDIOLOGIA E CIÊNCIAS CARDIOVASCULARES,MESTRADO/DOUTORADO,ACADÊMICO,6,EM FUNCIONAMENTO
Universidade Federal do Rio Grande do Sul,CIÊNCIAS DA SAÚDE: GINECOLOGIA E OBSTETRÍCIA,MESTRADO/DOUTORADO,ACADÊMICO,4,EM FUNCIONAMENTO
Universidade Federal do Rio Grande do Sul,CIÊNCIAS DO MOVIMENTO HUMANO,MESTRADO/DOUTORADO,ACADÊMICO,6,EM FUNCIONAMENTO
Universidade Federal do Rio Grande do Sul,CIÊNCIAS DOS MATERIAIS,MESTRADO/DOUTORADO,ACADÊMICO,6,EM FUNCIONAMENTO
Universidade Federal do Rio Grande do Sul,CIÊNCIAS EM GASTROENTEROLOGIA E HEPATOLOGIA,MESTRADO/DOUTORADO,ACADÊMICO,4,EM FUNCIONAMENTO
Universidade Federal do Rio Grande do Sul,CIÊNCIAS FARMACÊUTICAS,MESTRADO/DOUTORADO,ACADÊMICO,7,EM FUNCIONAMENTO
Universidade Federal do Rio Grande do Sul,CIÊNCIAS MÉDICAS: ENDOCRINOLOGIA,MESTRADO/DOUTORADO,ACADÊMICO,6,EM FUNCIONAMENTO
Universidade Federal do Rio Grande do Sul,CIÊNCIAS PNEUMOLÓGICAS,MESTRADO/DOUTORADO,ACADÊMICO,5,EM FUNCIONAMENTO
Universidade Federal do Rio Grande do Sul,CIÊNCIAS VETERINÁRIAS,MESTRADO/DOUTORADO,ACADÊMICO,7,EM FUNCIONAMENTO
Universidade Federal do Rio Grande do Sul,COMPUTAÇÃO,MESTRADO/DOUTORADO,ACADÊMICO,7,EM FUNCIONAMENTO
Universidade Federal do Rio Grande do Sul,COMUNICAÇÃO,MESTRADO/DOUTORADO,ACADÊMICO,5,EM FUNCIONAMENTO
Universidade Federal do Rio Grande do Sul,DESENVOLVIMENTO RURAL,MESTRADO/DOUTORADO,ACADÊMICO,6,EM FUNCIONAMENTO
Universidade Federal do Rio Grande do Sul,DESIGN,MESTRADO/DOUTORADO,ACADÊMICO,6,EM FUNCIONAMENTO
Universidade Federal do Rio Grande do Sul,DIREITO,MESTRADO/DOUTORADO,ACADÊMICO,6,EM FUNCIONAMENTO
Universidade Federal do Rio Grande do Sul,ECOLOGIA,MESTRADO/DOUTORADO,ACADÊMICO,6,EM FUNCIONAMENTO
Universidade Federal do Rio Grande do Sul,ECONOMIA,MESTRADO/DOUTORADO,ACADÊMICO,6,EM FUNCIONAMENTO
Universidade Federal do Rio Grande do Sul,EDUCAÇÃO,MESTRADO/DOUTORADO,ACADÊMICO,6,EM FUNCIONAMENTO
Universidade Federal do Rio Grande do Sul,EDUCAÇÃO EM CIÊNCIAS QUÌMICA DA VIDA E SAÚDE ( UFSM - FURG),MESTRADO/DOUTORADO,ACADÊMICO,4,EM FUNCIONAMENTO
Universidade Federal do Rio Grande do Sul,ENFERMAGEM,MESTRADO/DOUTORADO,ACADÊMICO,5,EM FUNCIONAMENTO
Universidade Federal do Rio Grande do Sul,ENGENHARIA CIVIL,MESTRADO/DOUTORADO,ACADÊMICO,6,EM FUNCIONAMENTO
Universidade Federal do Rio Grande do Sul,ENGENHARIA CIVIL: CONSTRUÇÃO E INFRAESTRUTURA,MESTRADO/DOUTORADO,ACADÊMICO,5,EM FUNCIONAMENTO
Universidade Federal do Rio Grande do Sul,"ENGENHARIA DE MINAS, METALÚRGICA E DE MATERIAIS",MESTRADO/DOUTORADO,ACADÊMICO,7,EM FUNCIONAMENTO
Universidade Federal do Rio Grande do Sul,ENGENHARIA DE PRODUÇÃO,MESTRADO/DOUTORADO,ACADÊMICO,7,EM FUNCIONAMENTO
Universidade Federal do Rio Grande do Sul,ENGENHARIA ELÉTRICA,MESTRADO/DOUTORADO,ACADÊMICO,7,EM FUNCIONAMENTO
Universidade Federal do Rio Grande do Sul,ENGENHARIA MECÂNICA,MESTRADO/DOUTORADO,ACADÊMICO,6,EM FUNCIONAMENTO
Universidade Federal do Rio Grande do Sul,ENGENHARIA QUÍMICA,MESTRADO/DOUTORADO,ACADÊMICO,6,EM FUNCIONAMENTO
Universidade Federal do Rio Grande do Sul,ENSINO DE FÍSICA,MESTRADO/DOUTORADO,ACADÊMICO,6,EM FUNCIONAMENTO
Universidade Federal do Rio Grande do Sul,EPIDEMIOLOGIA,MESTRADO/DOUTORADO,ACADÊMICO,6,EM FUNCIONAMENTO
Universidade Federal do Rio Grande do Sul,ESTUDOS ESTRATÉGICOS INTERNACIONAIS,MESTRADO/DOUTORADO,ACADÊMICO,4,EM FUNCIONAMENTO
Universidade Federal do Rio Grande do Sul,FILOSOFIA,MESTRADO/DOUTORADO,ACADÊMICO,6,EM FUNCIONAMENTO
Universidade Federal do Rio Grande do Sul,FITOTECNIA,MESTRADO/DOUTORADO,ACADÊMICO,5,EM FUNCIONAMENTO
Universidade Federal do Rio Grande do Sul,FÍSICA,MESTRADO/DOUTORADO,ACADÊMICO,7,EM FUNCIONAMENTO
Universidade Federal do Rio Grande do Sul,GENÉTICA E BIOLOGIA MOLECULAR,MESTRADO/DOUTORADO,ACADÊMICO,7,EM FUNCIONAMENTO
Universidade Federal do Rio Grande do Sul,GEOCIÊNCIAS,MESTRADO/DOUTORADO,ACADÊMICO,7,EM FUNCIONAMENTO
Universidade Federal do Rio Grande do Sul,GEOGRAFIA,MESTRADO/DOUTORADO,ACADÊMICO,5,EM FUNCIONAMENTO
Universidade Federal do Rio Grande do Sul,HISTÓRIA,MESTRADO/DOUTORADO,ACADÊMICO,7,EM FUNCIONAMENTO
Universidade Federal do Rio Grande do Sul,LETRAS,MESTRADO/DOUTORADO,ACADÊMICO,7,EM FUNCIONAMENTO
Universidade Federal do Rio Grande do Sul,MATEMÁTICA,MESTRADO/DOUTORADO,ACADÊMICO,5,EM FUNCIONAMENTO
Universidade Federal do Rio Grande do Sul,MATEMÁTICA APLICADA,MESTRADO/DOUTORADO,ACADÊMICO,4,EM FUNCIONAMENTO
Universidade Federal do Rio Grande do Sul,MEDICINA ANIMAL: EQÜINOS,MESTRADO/DOUTORADO,ACADÊMICO,3,EM FUNCIONAMENTO
Universidade Federal do Rio Grande do Sul,MEDICINA: CIÊNCIAS MÉDICAS,MESTRADO/DOUTORADO,ACADÊMICO,6,EM FUNCIONAMENTO
Universidade Federal do Rio Grande do Sul,MICROBIOLOGIA AGRÍCOLA E DO AMBIENTE,MESTRADO/DOUTORADO,ACADÊMICO,5,EM FUNCIONAMENTO
Universidade Federal do Rio Grande do Sul,MICROELETRÔNICA,MESTRADO/DOUTORADO,ACADÊMICO,5,EM FUNCIONAMENTO
Universidade Federal do Rio Grande do Sul,MÚSICA,MESTRADO/DOUTORADO,ACADÊMICO,7,EM FUNCIONAMENTO
Universidade Federal do Rio Grande do Sul,ODONTOLOGIA,MESTRADO/DOUTORADO,ACADÊMICO,6,EM FUNCIONAMENTO
Universidade Federal do Rio Grande do Sul,PLANEJAMENTO URBANO E REGIONAL,MESTRADO/DOUTORADO,ACADÊMICO,5,EM FUNCIONAMENTO
Universidade Federal do Rio Grande do Sul,POLÍTICAS PÚBLICAS,MESTRADO/DOUTORADO,ACADÊMICO,4,EM FUNCIONAMENTO
Universidade Federal do Rio Grande do Sul,PSICOLOGIA,MESTRADO/DOUTORADO,ACADÊMICO,7,EM FUNCIONAMENTO
Universidade Federal do Rio Grande do Sul,PSICOLOGIA SOCIAL E INSTITUCIONAL,MESTRADO/DOUTORADO,ACADÊMICO,5,EM FUNCIONAMENTO
Universidade Federal do Rio Grande do Sul,PSIQUIATRIA E CIÊNCIAS DO COMPORTAMENTO,MESTRADO/DOUTORADO,ACADÊMICO,7,EM FUNCIONAMENTO
Universidade Federal do Rio Grande do Sul,QUÍMICA,MESTRADO/DOUTORADO,ACADÊMICO,7,EM FUNCIONAMENTO
Universidade Federal do Rio Grande do Sul,RECURSOS HÍDRICOS E SANEAMENTO AMBIENTAL,MESTRADO/DOUTORADO,ACADÊMICO,6,EM FUNCIONAMENTO
Universidade Federal do Rio Grande do Sul,SAÚDE DA CRIANÇA E DO ADOLESCENTE,MESTRADO/DOUTORADO,ACADÊMICO,5,EM FUNCIONAMENTO
Universidade Federal do Rio Grande do Sul,SENSORIAMENTO REMOTO,MESTRADO/DOUTORADO,ACADÊMICO,4,EM FUNCIONAMENTO
Universidade Federal do Rio Grande do Sul,SOCIOLOGIA,MESTRADO/DOUTORADO,ACADÊMICO,7,EM FUNCIONAMENTO
Universidade Federal do Rio Grande do Sul,ZOOTECNIA,MESTRADO/DOUTORADO,ACADÊMICO,6,EM FUNCIONAMENTO
Universidade Federal do Rio de Janeiro,ENGENHARIA AMBIENTAL,DOUTORADO,ACADÊMICO,4,EM FUNCIONAMENTO
Universidade Federal do Rio de Janeiro,NEUROCIÊNCIA TRANSLACIONAL,DOUTORADO,ACADÊMICO,4,EM FUNCIONAMENTO
Universidade Federal do Rio de Janeiro,CIÊNCIAS DA REABILITAÇÃO,MESTRADO,ACADÊMICO,A,EM FUNCIONAMENTO
Universidade Federal do Rio de Janeiro,DANÇA,MESTRADO,ACADÊMICO,3,EM FUNCIONAMENTO
Universidade Federal do Rio de Janeiro,DESIGN,MESTRADO,ACADÊMICO,4,EM FUNCIONAMENTO
Universidade Federal do Rio de Janeiro,ENGENHARIA AMBIENTAL,MESTRADO,ACADÊMICO,3,EM FUNCIONAMENTO
Universidade Federal do Rio de Janeiro,GEOCIÊNCIAS: PATRIMÔNIO GEOPALEONTOLÓGICO,MESTRADO,ACADÊMICO,3,EM FUNCIONAMENTO
Universidade Federal do Rio de Janeiro,MULTIDISCIPLINAR EM FÍSICA APLICADA,MESTRADO,ACADÊMICO,4,EM FUNCIONAMENTO
Universidade Federal do Rio de Janeiro,POLÍTICAS PÚBLICAS EM DIREITOS HUMANOS,MESTRADO,ACADÊMICO,3,EM FUNCIONAMENTO
Universidade Federal do Rio de Janeiro,SAÚDE MATERNO-INFANTIL,MESTRADO,ACADÊMICO,3,EM FUNCIONAMENTO
Universidade Federal do Rio de Janeiro,"AMBIENTE, SOCIEDADE E DESENVOLVIMENTO",MESTRADO PROFISSIONAL,PROFISSIONAL,3,EM FUNCIONAMENTO
Universidade Federal do Rio de Janeiro,ARQUITETURA PAISAGÍSTICA,MESTRADO PROFISSIONAL,PROFISSIONAL,5,EM FUNCIONAMENTO
Universidade Federal do Rio de Janeiro,ATENÇÃO PRIMÁRIA À SAÚDE,MESTRADO PROFISSIONAL,PROFISSIONAL,3,EM FUNCIONAMENTO
Universidade Federal do Rio de Janeiro,ATENÇÃO PSICOSSOCIAL,MESTRADO PROFISSIONAL,PROFISSIONAL,4,EM FUNCIONAMENTO
Universidade Federal do Rio de Janeiro,CIÊNCIA E TECNOLOGIA FARMACÊUTICA,MESTRADO PROFISSIONAL,PROFISSIONAL,3,EM FUNCIONAMENTO
Universidade Federal do Rio de Janeiro,"EDUCAÇÃO, GESTÃO E DIFUSÃO EM BIOCIÊNCIAS",MESTRADO PROFISSIONAL,PROFISSIONAL,4,EM FUNCIONAMENTO
Universidade Federal do Rio de Janeiro,ENGENHARIA URBANA,MESTRADO PROFISSIONAL,PROFISSIONAL,5,EM FUNCIONAMENTO
Universidade Federal do Rio de Janeiro,ENSINO DE FÍSICA,MESTRADO PROFISSIONAL,PROFISSIONAL,4,EM FUNCIONAMENTO
Universidade Federal do Rio de Janeiro,ENSINO DE HISTÓRIA,MESTRADO PROFISSIONAL,PROFISSIONAL,5,EM FUNCIONAMENTO
Universidade Federal do Rio de Janeiro,ENSINO DE QUÍMICA,MESTRADO PROFISSIONAL,PROFISSIONAL,4,EM FUNCIONAMENTO
Universidade Federal do Rio de Janeiro,FORMAÇÃO EM CIÊNCIAS PARA PROFESSORES.,MESTRADO PROFISSIONAL,PROFISSIONAL,3,EM FUNCIONAMENTO
Universidade Federal do Rio de Janeiro,FORMAÇÃO PARA A PESQUISA BIOMÉDICA,MESTRADO PROFISSIONAL,PROFISSIONAL,4,EM FUNCIONAMENTO
Universidade Federal do Rio de Janeiro,LINGUÍSTICA E LÍNGUAS INDÍGENAS,MESTRADO PROFISSIONAL,PROFISSIONAL,4,EM FUNCIONAMENTO
Universidade Federal do Rio de Janeiro,MÍDIAS CRIATIVAS,MESTRADO PROFISSIONAL,PROFISSIONAL,3,EM FUNCIONAMENTO
Universidade Federal do Rio de Janeiro,MÚSICA,MESTRADO PROFISSIONAL,PROFISSIONAL,4,EM FUNCIONAMENTO
Universidade Federal do Rio de Janeiro,NUTRIÇÃO CLÍNICA,MESTRADO PROFISSIONAL,PROFISSIONAL,3,EM FUNCIONAMENTO
Universidade Federal do Rio de Janeiro,ODONTOLOGIA,MESTRADO PROFISSIONAL,PROFISSIONAL,4,EM FUNCIONAMENTO
Universidade Federal do Rio de Janeiro,PROJETO DE ESTRUTURAS,MESTRADO PROFISSIONAL,PROFISSIONAL,3,EM FUNCIONAMENTO
Universidade Federal do Rio de Janeiro,PROJETO E PATRIMÔNIO,MESTRADO PROFISSIONAL,PROFISSIONAL,5,EM FUNCIONAMENTO
Universidade Federal do Rio de Janeiro,QUÍMICA EM REDE NACIONAL,MESTRADO PROFISSIONAL,PROFISSIONAL,4,EM FUNCIONAMENTO
Universidade Federal do Rio de Janeiro,SAÚDE PERINATAL,MESTRADO PROFISSIONAL,PROFISSIONAL,1,EM DESATIVACAO
Universidade Federal do Rio de Janeiro,TECNOLOGIA DE PROCESSOS SUSTENTÁVEIS,MESTRADO PROFISSIONAL,PROFISSIONAL,4,EM FUNCIONAMENTO
Universidade Federal do Rio de Janeiro,TECNOLOGIA PARA O DESENVOLVIMENTO SOCIAL,MESTRADO PROFISSIONAL,PROFISSIONAL,4,EM FUNCIONAMENTO
Universidade Federal do Rio de Janeiro,BIOIMAGEM E BIOESTRUTURA,MESTRADO PROFISSIONAL/DOUTORADO PROFISSIONAL,PROFISSIONAL,A,EM FUNCIONAMENTO
Universidade Federal do Rio de Janeiro,ADMINISTRAÇÃO,MESTRADO/DOUTORADO,ACADÊMICO,7,EM FUNCIONAMENTO
Universidade Federal do Rio de Janeiro,ANTROPOLOGIA SOCIAL,MESTRADO/DOUTORADO,ACADÊMICO,7,EM FUNCIONAMENTO
Universidade Federal do Rio de Janeiro,ARQUEOLOGIA,MESTRADO/DOUTORADO,ACADÊMICO,5,EM FUNCIONAMENTO
Universidade Federal do Rio de Janeiro,ARQUITETURA,MESTRADO/DOUTORADO,ACADÊMICO,6,EM FUNCIONAMENTO
Universidade Federal do Rio de Janeiro,ARTES DA CENA,MESTRADO/DOUTORADO,ACADÊMICO,4,EM FUNCIONAMENTO
Universidade Federal do Rio de Janeiro,ARTES VISUAIS,MESTRADO/DOUTORADO,ACADÊMICO,6,EM FUNCIONAMENTO
Universidade Federal do Rio de Janeiro,ASTRONOMIA,MESTRADO/DOUTORADO,ACADÊMICO,4,EM FUNCIONAMENTO
Universidade Federal do Rio de Janeiro,BIODIVERSIDADE E BIOLOGIA EVOLUTIVA,MESTRADO/DOUTORADO,ACADÊMICO,7,EM FUNCIONAMENTO
Universidade Federal do Rio de Janeiro,BIOQUÍMICA,MESTRADO/DOUTORADO,ACADÊMICO,7,EM FUNCIONAMENTO
Universidade Federal do Rio de Janeiro,BIOTECNOLOGIA VEGETAL E BIOPROCESSOS,MESTRADO/DOUTORADO,ACADÊMICO,6,EM FUNCIONAMENTO
Universidade Federal do Rio de Janeiro,CIÊNCIA DE ALIMENTOS,MESTRADO/DOUTORADO,ACADÊMICO,6,EM FUNCIONAMENTO
Universidade Federal do Rio de Janeiro,CIÊNCIA E TECNOLOGIA DE POLÍMEROS,MESTRADO/DOUTORADO,ACADÊMICO,6,EM FUNCIONAMENTO
Universidade Federal do Rio de Janeiro,CIÊNCIAS (MICROBIOLOGIA),MESTRADO/DOUTORADO,ACADÊMICO,7,EM FUNCIONAMENTO
Universidade Federal do Rio de Janeiro,CIÊNCIAS AMBIENTAIS E CONSERVAÇÃO,MESTRADO/DOUTORADO,ACADÊMICO,4,EM FUNCIONAMENTO
Universidade Federal do Rio de Janeiro,CIÊNCIAS BIOLÓGICAS (BIOFÍSICA),MESTRADO/DOUTORADO,ACADÊMICO,7,EM FUNCIONAMENTO
Universidade Federal do Rio de Janeiro,CIÊNCIAS BIOLÓGICAS (BOTÂNICA),MESTRADO/DOUTORADO,ACADÊMICO,5,EM FUNCIONAMENTO
Universidade Federal do Rio de Janeiro,CIÊNCIAS BIOLÓGICAS (FARMACOLOGIA E QUÍMICA MEDICINAL),MESTRADO/DOUTORADO,ACADÊMICO,6,EM FUNCIONAMENTO
Universidade Federal do Rio de Janeiro,CIÊNCIAS BIOLÓGICAS (FISIOLOGIA),MESTRADO/DOUTORADO,ACADÊMICO,7,EM FUNCIONAMENTO
Universidade Federal do Rio de Janeiro,CIÊNCIAS BIOLÓGICAS (GENÉTICA),MESTRADO/DOUTORADO,ACADÊMICO,7,EM FUNCIONAMENTO
Universidade Federal do Rio de Janeiro,CIÊNCIAS BIOLÓGICAS (ZOOLOGIA),MESTRADO/DOUTORADO,ACADÊMICO,6,EM FUNCIONAMENTO
Universidade Federal do Rio de Janeiro,CIÊNCIAS CIRÚRGICAS,MESTRADO/DOUTORADO,ACADÊMICO,4,EM FUNCIONAMENTO
Universidade Federal do Rio de Janeiro,CIÊNCIAS CONTÁBEIS,MESTRADO/DOUTORADO,ACADÊMICO,5,EM FUNCIONAMENTO
Universidade Federal do Rio de Janeiro,CIÊNCIAS FARMACÊUTICAS,MESTRADO/DOUTORADO,ACADÊMICO,5,EM FUNCIONAMENTO
Universidade Federal do Rio de Janeiro,CIÊNCIAS MORFOLÓGICAS,MESTRADO/DOUTORADO,ACADÊMICO,7,EM FUNCIONAMENTO
Universidade Federal do Rio de Janeiro,CLÍNICA MÉDICA,MESTRADO/DOUTORADO,ACADÊMICO,7,EM FUNCIONAMENTO
Universidade Federal do Rio de Janeiro,COMUNICAÇÃO,MESTRADO/DOUTORADO,ACADÊMICO,7,EM FUNCIONAMENTO
Universidade Federal do Rio de Janeiro,DIREITO,MESTRADO/DOUTORADO,ACADÊMICO,6,EM FUNCIONAMENTO
Universidade Federal do Rio de Janeiro,ECOLOGIA,MESTRADO/DOUTORADO,ACADÊMICO,7,EM FUNCIONAMENTO
Universidade Federal do Rio de Janeiro,ECONOMIA DA INDÚSTRIA E DA TECNOLOGIA,MESTRADO/DOUTORADO,ACADÊMICO,6,EM FUNCIONAMENTO
Universidade Federal do Rio de Janeiro,ECONOMIA POLÍTICA INTERNACIONAL,MESTRADO/DOUTORADO,ACADÊMICO,4,EM FUNCIONAMENTO
Universidade Federal do Rio de Janeiro,EDUCAÇÃO,MESTRADO/DOUTORADO,ACADÊMICO,6,EM FUNCIONAMENTO
Universidade Federal do Rio de Janeiro,EDUCAÇÃO EM CIÊNCIAS E SAÚDE,MESTRADO/DOUTORADO,ACADÊMICO,7,EM FUNCIONAMENTO
Universidade Federal do Rio de Janeiro,EDUCAÇÃO FÍSICA,MESTRADO/DOUTORADO,ACADÊMICO,4,EM FUNCIONAMENTO
Universidade Federal do Rio de Janeiro,ENFERMAGEM,MESTRADO/DOUTORADO,ACADÊMICO,6,EM FUNCIONAMENTO
Universidade Federal do Rio de Janeiro,ENGENHARIA BIOMÉDICA,MESTRADO/DOUTORADO,ACADÊMICO,6,EM FUNCIONAMENTO
Universidade Federal do Rio de Janeiro,ENGENHARIA CIVIL,MESTRADO/DOUTORADO,ACADÊMICO,7,EM FUNCIONAMENTO
Universidade Federal do Rio de Janeiro,ENGENHARIA DA NANOTECNOLOGIA,MESTRADO/DOUTORADO,ACADÊMICO,4,EM FUNCIONAMENTO
Universidade Federal do Rio de Janeiro,ENGENHARIA DE PROCESSOS QUÍMICOS E BIOQUÍMICOS,MESTRADO/DOUTORADO,ACADÊMICO,6,EM FUNCIONAMENTO
Universidade Federal do Rio de Janeiro,ENGENHARIA DE PRODUÇÃO,MESTRADO/DOUTORADO,ACADÊMICO,5,EM FUNCIONAMENTO
Universidade Federal do Rio de Janeiro,ENGENHARIA DE SISTEMAS E COMPUTAÇÃO,MESTRADO/DOUTORADO,ACADÊMICO,7,EM FUNCIONAMENTO
Universidade Federal do Rio de Janeiro,ENGENHARIA DE TRANSPORTES,MESTRADO/DOUTORADO,ACADÊMICO,6,EM FUNCIONAMENTO
Universidade Federal do Rio de Janeiro,ENGENHARIA ELÉTRICA,MESTRADO/DOUTORADO,ACADÊMICO,6,EM FUNCIONAMENTO
Universidade Federal do Rio de Janeiro,ENGENHARIA MECÂNICA,MESTRADO/DOUTORADO,ACADÊMICO,7,EM FUNCIONAMENTO
Universidade Federal do Rio de Janeiro,ENGENHARIA METALÚRGICA E DE MATERIAIS,MESTRADO/DOUTORADO,ACADÊMICO,6,EM FUNCIONAMENTO
Universidade Federal do Rio de Janeiro,ENGENHARIA NUCLEAR,MESTRADO/DOUTORADO,ACADÊMICO,6,EM FUNCIONAMENTO
Universidade Federal do Rio de Janeiro,ENGENHARIA OCEÂNICA,MESTRADO/DOUTORADO,ACADÊMICO,5,EM FUNCIONAMENTO
Universidade Federal do Rio de Janeiro,ENGENHARIA QUÍMICA,MESTRADO/DOUTORADO,ACADÊMICO,7,EM FUNCIONAMENTO
Universidade Federal do Rio de Janeiro,ENSINO DE MATEMÁTICA,MESTRADO/DOUTORADO,ACADÊMICO,5,EM FUNCIONAMENTO
Universidade Federal do Rio de Janeiro,ESTATÍSTICA,MESTRADO/DOUTORADO,ACADÊMICO,5,EM FUNCIONAMENTO
Universidade Federal do Rio de Janeiro,FILOSOFIA,MESTRADO/DOUTORADO,ACADÊMICO,6,EM FUNCIONAMENTO
Universidade Federal do Rio de Janeiro,FÍSICA,MESTRADO/DOUTORADO,ACADÊMICO,7,EM FUNCIONAMENTO
Universidade Federal do Rio de Janeiro,GEOGRAFIA,MESTRADO/DOUTORADO,ACADÊMICO,7,EM FUNCIONAMENTO
Universidade Federal do Rio de Janeiro,GEOLOGIA,MESTRADO/DOUTORADO,ACADÊMICO,4,EM FUNCIONAMENTO
Universidade Federal do Rio de Janeiro,HISTÓRIA COMPARADA,MESTRADO/DOUTORADO,ACADÊMICO,5,EM FUNCIONAMENTO
Universidade Federal do Rio de Janeiro,HISTÓRIA DAS CIÊNCIAS E DAS TÉCNICAS E EPISTEMOLOGIA,MESTRADO/DOUTORADO,ACADÊMICO,4,EM FUNCIONAMENTO
Universidade Federal do Rio de Janeiro,HISTÓRIA SOCIAL,MESTRADO/DOUTORADO,ACADÊMICO,7,EM FUNCIONAMENTO
Universidade Federal do Rio de Janeiro,IMUNOLOGIA E INFLAMAÇAO,MESTRADO/DOUTORADO,ACADÊMICO,6,EM FUNCIONAMENTO
Universidade Federal do Rio de Janeiro,INFORMÁTICA,MESTRADO/DOUTORADO,ACADÊMICO,4,EM FUNCIONAMENTO
Universidade Federal do Rio de Janeiro,INTERDISCIPLINAR LINGÜÍSTICA APLICADA,MESTRADO/DOUTORADO,ACADÊMICO,5,EM FUNCIONAMENTO
Universidade Federal do Rio de Janeiro,LETRAS (CIÊNCIA DA LITERATURA),MESTRADO/DOUTORADO,ACADÊMICO,6,EM FUNCIONAMENTO
Universidade Federal do Rio de Janeiro,LETRAS (LETRAS CLÁSSICAS),MESTRADO/DOUTORADO,ACADÊMICO,4,EM FUNCIONAMENTO
Universidade Federal do Rio de Janeiro,LETRAS (LETRAS VERNÁCULAS),MESTRADO/DOUTORADO,ACADÊMICO,7,EM FUNCIONAMENTO
Universidade Federal do Rio de Janeiro,LETRAS NEOLATINAS,MESTRADO/DOUTORADO,ACADÊMICO,6,EM FUNCIONAMENTO
Universidade Federal do Rio de Janeiro,LINGÜÍSTICA,MESTRADO/DOUTORADO,ACADÊMICO,6,EM FUNCIONAMENTO
Universidade Federal do Rio de Janeiro,LÓGICA E METAFÍSICA,MESTRADO/DOUTORADO,ACADÊMICO,5,EM FUNCIONAMENTO
Universidade Federal do Rio de Janeiro,MATEMÁTICA,MESTRADO/DOUTORADO,ACADÊMICO,7,EM FUNCIONAMENTO
Universidade Federal do Rio de Janeiro,MEDICINA (ANATOMIA PATOLÓGICA),MESTRADO/DOUTORADO,ACADÊMICO,4,EM FUNCIONAMENTO
Universidade Federal do Rio de Janeiro,MEDICINA (CARDIOLOGIA),MESTRADO/DOUTORADO,ACADÊMICO,5,EM FUNCIONAMENTO
Universidade Federal do Rio de Janeiro,MEDICINA (DOENÇAS INFECCIOSAS E PARASITÁRIAS),MESTRADO/DOUTORADO,ACADÊMICO,5,EM FUNCIONAMENTO
Universidade Federal do Rio de Janeiro,MEDICINA (ENDOCRINOLOGIA),MESTRADO/DOUTORADO,ACADÊMICO,5,EM FUNCIONAMENTO
Universidade Federal do Rio de Janeiro,MEDICINA (RADIOLOGIA),MESTRADO/DOUTORADO,ACADÊMICO,5,EM FUNCIONAMENTO
Universidade Federal do Rio de Janeiro,METEOROLOGIA,MESTRADO/DOUTORADO,ACADÊMICO,4,EM FUNCIONAMENTO
Universidade Federal do Rio de Janeiro,MÚSICA,MESTRADO/DOUTORADO,ACADÊMICO,4,EM FUNCIONAMENTO
Universidade Federal do Rio de Janeiro,NANOBIOSSISTEMAS,MESTRADO/DOUTORADO,ACADÊMICO,4,EM FUNCIONAMENTO
Universidade Federal do Rio de Janeiro,NUTRIÇÃO,MESTRADO/DOUTORADO,ACADÊMICO,6,EM FUNCIONAMENTO
Universidade Federal do Rio de Janeiro,ODONTOLOGIA,MESTRADO/DOUTORADO,ACADÊMICO,5,EM FUNCIONAMENTO
Universidade Federal do Rio de Janeiro,PLANEJAMENTO ENERGÉTICO,MESTRADO/DOUTORADO,ACADÊMICO,6,EM FUNCIONAMENTO
Universidade Federal do Rio de Janeiro,PLANEJAMENTO URBANO E REGIONAL,MESTRADO/DOUTORADO,ACADÊMICO,5,EM FUNCIONAMENTO
Universidade Federal do Rio de Janeiro,"POLÍTICAS PÚBLICAS, ESTRATÉGIAS E DESENVOLVIMENTO",MESTRADO/DOUTORADO,ACADÊMICO,4,EM FUNCIONAMENTO
Universidade Federal do Rio de Janeiro,PRODUTOS BIOATIVOS E BIOCIÊNCIAS,MESTRADO/DOUTORADO,ACADÊMICO,4,EM FUNCIONAMENTO
Universidade Federal do Rio de Janeiro,PSICOLOGIA,MESTRADO/DOUTORADO,ACADÊMICO,5,EM FUNCIONAMENTO
Universidade Federal do Rio de Janeiro,PSICOSSOCIOLOGIA DE COMUNID.E ECOLOGIA SOCIAL,MESTRADO/DOUTORADO,ACADÊMICO,4,EM FUNCIONAMENTO
Universidade Federal do Rio de Janeiro,PSIQUIATRIA E SAÚDE MENTAL,MESTRADO/DOUTORADO,ACADÊMICO,5,EM FUNCIONAMENTO
Universidade Federal do Rio de Janeiro,QUÍMICA,MESTRADO/DOUTORADO,ACADÊMICO,6,EM FUNCIONAMENTO
Universidade Federal do Rio de Janeiro,QUÍMICA BIOLÓGICA,MESTRADO/DOUTORADO,ACADÊMICO,7,EM FUNCIONAMENTO
Universidade Federal do Rio de Janeiro,QUÍMICA DE PRODUTOS NATURAIS,MESTRADO/DOUTORADO,ACADÊMICO,4,EM FUNCIONAMENTO
Universidade Federal do Rio de Janeiro,SAÚDE COLETIVA,MESTRADO/DOUTORADO,ACADÊMICO,5,EM FUNCIONAMENTO
Universidade Federal do Rio de Janeiro,SERVIÇO SOCIAL,MESTRADO/DOUTORADO,ACADÊMICO,5,EM FUNCIONAMENTO
Universidade Federal do Rio de Janeiro,SOCIOLOGIA E ANTROPOLOGIA,MESTRADO/DOUTORADO,ACADÊMICO,7,EM FUNCIONAMENTO
Universidade Federal do Rio de Janeiro,TEORIA PSICANALÍTICA,MESTRADO/DOUTORADO,ACADÊMICO,5,EM FUNCIONAMENTO
Universidade Federal do Rio de Janeiro,URBANISMO,MESTRADO/DOUTORADO,ACADÊMICO,7,EM FUNCIONAMENTO
Universidade Federal do Sul da Bahia,ARTES,MESTRADO,ACADÊMICO,A,EM FUNCIONAMENTO
Universidade Federal do Sul da Bahia,CIÊNCIAS E SUSTENTABILIDADE,MESTRADO,ACADÊMICO,A,EM FUNCIONAMENTO
Universidade Federal do Sul da Bahia,CIÊNCIAS E TECNOLOGIAS AMBIENTAIS,MESTRADO,ACADÊMICO,3,EM FUNCIONAMENTO
Universidade Federal do Sul da Bahia,ENGENHARIA CIVIL E AMBIENTAL,MESTRADO,ACADÊMICO,A,EM FUNCIONAMENTO
Universidade Federal do Sul da Bahia,"SAÚDE, AMBIENTE E BIODIVERSIDADE",MESTRADO,ACADÊMICO,A,EM FUNCIONAMENTO
Universidade Federal do Sul da Bahia,ENSINO E RELAÇÕES ÉTNICO-RACIAIS,MESTRADO PROFISSIONAL,PROFISSIONAL,4,EM FUNCIONAMENTO
Universidade Federal do Sul da Bahia,BIOSSISTEMAS,MESTRADO/DOUTORADO,ACADÊMICO,4,EM FUNCIONAMENTO
Universidade Federal do Sul da Bahia,ESTADO E SOCIEDADE,MESTRADO/DOUTORADO,ACADÊMICO,4,EM FUNCIONAMENTO
Universidade Federal do Sul e Sudeste do Pará,DINÂMICAS TERRITORIAIS E SOCIEDADE NA AMAZÔNIA,MESTRADO,ACADÊMICO,4,EM FUNCIONAMENTO
Universidade Federal do Sul e Sudeste do Pará,EDUCAÇÃO EM CIÊNCIAS EM MATEMÁTICA,MESTRADO,ACADÊMICO,3,EM FUNCIONAMENTO
Universidade Federal do Sul e Sudeste do Pará,GEOGRAFIA,MESTRADO,ACADÊMICO,A,EM FUNCIONAMENTO
Universidade Federal do Sul e Sudeste do Pará,HISTÓRIA,MESTRADO,ACADÊMICO,3,EM FUNCIONAMENTO
Universidade Federal do Sul e Sudeste do Pará,LETRAS,MESTRADO,ACADÊMICO,4,EM FUNCIONAMENTO
Universidade Federal do Sul e Sudeste do Pará,PLANEJAMENTO E DESENVOLVIMENTO REGIONAL E URBANO NA AMAZÔNIA,MESTRADO,ACADÊMICO,3,EM FUNCIONAMENTO
Universidade Federal do Sul e Sudeste do Pará,QUIMICA,MESTRADO,ACADÊMICO,3,EM FUNCIONAMENTO
Universidade Federal do Sul e Sudeste do Pará,CIÊNCIAS FORENSES,MESTRADO PROFISSIONAL,PROFISSIONAL,A,EM FUNCIONAMENTO
Universidade Federal do Tocantins,AGROENERGIA DIGITAL,MESTRADO,ACADÊMICO,3,EM FUNCIONAMENTO
Universidade Federal do Tocantins,"BIODIVERSIDADE, ECOLOGIA E CONSERVAÇÃO.",MESTRADO,ACADÊMICO,3,EM FUNCIONAMENTO
Universidade Federal do Tocantins,BIOTECNOLOGIA,MESTRADO,ACADÊMICO,4,EM FUNCIONAMENTO
Universidade Federal do Tocantins,CIÊNCIAS FLORESTAIS E AMBIENTAIS,MESTRADO,ACADÊMICO,4,EM FUNCIONAMENTO
Universidade Federal do Tocantins,COMUNICAÇÃO E SOCIEDADE,MESTRADO,ACADÊMICO,3,EM FUNCIONAMENTO
Universidade Federal do Tocantins,EDUCAÇAO,MESTRADO,ACADÊMICO,3,EM FUNCIONAMENTO
Universidade Federal do Tocantins,ENSINO EM CIÊNCIAS E SAÚDE,MESTRADO,ACADÊMICO,3,EM FUNCIONAMENTO
Universidade Federal do Tocantins,FILOSOFIA,MESTRADO,ACADÊMICO,A,EM FUNCIONAMENTO
Universidade Federal do Tocantins,GEOGRAFIA,MESTRADO,ACADÊMICO,4,EM FUNCIONAMENTO
Universidade Federal do Tocantins,LETRAS,MESTRADO,ACADÊMICO,4,EM FUNCIONAMENTO
Universidade Federal do Tocantins,QUÍMICA,MESTRADO,ACADÊMICO,3,EM FUNCIONAMENTO
Universidade Federal do Tocantins,SERVIÇO SOCIAL,MESTRADO,ACADÊMICO,3,EM FUNCIONAMENTO
Universidade Federal do Tocantins,CIÊNCIAS DA SAÚDE,MESTRADO PROFISSIONAL,PROFISSIONAL,4,EM FUNCIONAMENTO
Universidade Federal do Tocantins,EDUCAÇÃO,MESTRADO PROFISSIONAL,PROFISSIONAL,3,EM FUNCIONAMENTO
Universidade Federal do Tocantins,ENGENHARIA AMBIENTAL,MESTRADO PROFISSIONAL,PROFISSIONAL,3,EM FUNCIONAMENTO
Universidade Federal do Tocantins,HISTÓRIA DAS POPULAÇÕES AMAZÔNICAS,MESTRADO PROFISSIONAL,PROFISSIONAL,3,EM FUNCIONAMENTO
Universidade Federal do Tocantins,PRESTAÇÃO JURISDICIONAL E DIREITOS HUMANOS,MESTRADO PROFISSIONAL,PROFISSIONAL,4,EM FUNCIONAMENTO
Universidade Federal do Tocantins,GESTÃO DE POLÍTICAS PÚBLICAS,MESTRADO PROFISSIONAL/DOUTORADO PROFISSIONAL,PROFISSIONAL,4,EM FUNCIONAMENTO
Universidade Federal do Tocantins,GOVERNANÇA E TRANSFORMAÇÃO DIGITAL,MESTRADO PROFISSIONAL/DOUTORADO PROFISSIONAL,PROFISSIONAL,5,EM FUNCIONAMENTO
Universidade Federal do Tocantins,CIÊNCIA E TECNOLOGIA DE ALIMENTOS,MESTRADO/DOUTORADO,ACADÊMICO,4,EM FUNCIONAMENTO
Universidade Federal do Tocantins,CIÊNCIAS DO AMBIENTE,MESTRADO/DOUTORADO,ACADÊMICO,5,EM FUNCIONAMENTO
Universidade Federal do Tocantins,DESENVOLVIMENTO REGIONAL,MESTRADO/DOUTORADO,ACADÊMICO,5,EM FUNCIONAMENTO
Universidade Federal do Tocantins,PRODUÇÃO VEGETAL,MESTRADO/DOUTORADO,ACADÊMICO,5,EM FUNCIONAMENTO
Universidade Federal do Triângulo Mineiro,CIÊNCIA E TECNOLOGIA AMBIENTAL,MESTRADO,ACADÊMICO,4,EM FUNCIONAMENTO
Universidade Federal do Triângulo Mineiro,CIÊNCIA E TECNOLOGIA DE MATERIAIS,MESTRADO,ACADÊMICO,3,EM FUNCIONAMENTO
Universidade Federal do Triângulo Mineiro,CIÊNCIAS DA SAÚDE,MESTRADO,ACADÊMICO,4,EM FUNCIONAMENTO
Universidade Federal do Triângulo Mineiro,EDUCAÇÃO EM CIÊNCIAS E MATEMÁTICA,MESTRADO,ACADÊMICO,A,EM FUNCIONAMENTO
Universidade Federal do Triângulo Mineiro,FISIOTERAPIA,MESTRADO,ACADÊMICO,3,EM FUNCIONAMENTO
Universidade Federal do Triângulo Mineiro,PSICOLOGIA,MESTRADO,ACADÊMICO,4,EM FUNCIONAMENTO
Universidade Federal do Triângulo Mineiro,INOVAÇÕES E TECNOLOGIAS,MESTRADO PROFISSIONAL,PROFISSIONAL,4,EM FUNCIONAMENTO
Universidade Federal do Triângulo Mineiro,ATENÇÃO À SAÚDE,MESTRADO/DOUTORADO,ACADÊMICO,5,EM FUNCIONAMENTO
Universidade Federal do Triângulo Mineiro,CIÊNCIAS FISIOLÓGICAS,MESTRADO/DOUTORADO,ACADÊMICO,3,EM FUNCIONAMENTO
Universidade Federal do Triângulo Mineiro,EDUCAÇÃO,MESTRADO/DOUTORADO,ACADÊMICO,4,EM FUNCIONAMENTO
Universidade Federal do Triângulo Mineiro,EDUCAÇÃO FÍSICA,MESTRADO/DOUTORADO,ACADÊMICO,4,EM FUNCIONAMENTO
Universidade Federal do Triângulo Mineiro,MEDICINA TROPICAL E INFECTOLOGIA,MESTRADO/DOUTORADO,ACADÊMICO,4,EM FUNCIONAMENTO
Universidade Federal do Vale do São Francisco,AGROECOLOGIA E DESENVOLVIMENTO TERRITORIAL,DOUTORADO PROFISSIONAL,PROFISSIONAL,4,EM FUNCIONAMENTO
Universidade Federal do Vale do São Francisco,AGRONOMIA PRODUÇÃO VEGETAL,MESTRADO,ACADÊMICO,4,EM FUNCIONAMENTO
Universidade Federal do Vale do São Francisco,ARQUEOLOGIA,MESTRADO,ACADÊMICO,3,EM FUNCIONAMENTO
Universidade Federal do Vale do São Francisco,BIOCIÊNCIAS,MESTRADO,ACADÊMICO,4,EM FUNCIONAMENTO
Universidade Federal do Vale do São Francisco,CIÊNCIAS DA SAÚDE E BIOLÓGICAS,MESTRADO,ACADÊMICO,4,EM FUNCIONAMENTO
Universidade Federal do Vale do São Francisco,EDUCAÇÃO FÍSICA,MESTRADO,ACADÊMICO,3,EM FUNCIONAMENTO
Universidade Federal do Vale do São Francisco,ENGENHARIA AGRÍCOLA,MESTRADO,ACADÊMICO,4,EM FUNCIONAMENTO
Universidade Federal do Vale do São Francisco,"POLÍTICA, CULTURA E AMBIENTE",MESTRADO,ACADÊMICO,A,EM FUNCIONAMENTO
Universidade Federal do Vale do São Francisco,PSICOLOGIA,MESTRADO,ACADÊMICO,3,EM FUNCIONAMENTO
Universidade Federal do Vale do São Francisco,DINÂMICAS DE DESENVOLVIMENTO DO SEMIÁRIDO,MESTRADO PROFISSIONAL,PROFISSIONAL,3,EM FUNCIONAMENTO
Universidade Federal do Vale do São Francisco,EXTENSÃO RURAL,MESTRADO PROFISSIONAL,PROFISSIONAL,3,EM FUNCIONAMENTO
Universidade Federal do Vale do São Francisco,CIÊNCIA ANIMAL,MESTRADO/DOUTORADO,ACADÊMICO,4,EM FUNCIONAMENTO
Universidade Federal do Vale do São Francisco,CIÊNCIA DOS MATERIAIS,MESTRADO/DOUTORADO,ACADÊMICO,4,EM FUNCIONAMENTO
Universidade Federal do Vale do São Francisco,CIÊNCIAS VETERINÁRIAS NO SEMIÁRIDO,MESTRADO/DOUTORADO,ACADÊMICO,5,EM FUNCIONAMENTO
Universidade Federal dos Vales do Jequitinhonha e Mucuri,BIOLOGIA ANIMAL,MESTRADO,ACADÊMICO,3,EM FUNCIONAMENTO
Universidade Federal dos Vales do Jequitinhonha e Mucuri,CIÊNCIA E TECNOLOGIA DE ALIMENTOS,MESTRADO,ACADÊMICO,3,EM FUNCIONAMENTO
Universidade Federal dos Vales do Jequitinhonha e Mucuri,CIÊNCIAS DA NUTRIÇÃO,MESTRADO,ACADÊMICO,3,EM FUNCIONAMENTO
Universidade Federal dos Vales do Jequitinhonha e Mucuri,CIÊNCIAS FARMACÊUTICAS,MESTRADO,ACADÊMICO,3,EM FUNCIONAMENTO
Universidade Federal dos Vales do Jequitinhonha e Mucuri,ESTUDOS RURAIS,MESTRADO,ACADÊMICO,4,EM FUNCIONAMENTO
Universidade Federal dos Vales do Jequitinhonha e Mucuri,GEOLOGIA,MESTRADO,ACADÊMICO,3,EM FUNCIONAMENTO
Universidade Federal dos Vales do Jequitinhonha e Mucuri,ZOOTECNIA,MESTRADO,ACADÊMICO,4,EM FUNCIONAMENTO
Universidade Federal dos Vales do Jequitinhonha e Mucuri,ADMINISTRAÇÃO PÚBLICA,MESTRADO PROFISSIONAL,PROFISSIONAL,3,EM FUNCIONAMENTO
Universidade Federal dos Vales do Jequitinhonha e Mucuri,CIÊNCIAS HUMANAS,MESTRADO PROFISSIONAL,PROFISSIONAL,4,EM FUNCIONAMENTO
Universidade Federal dos Vales do Jequitinhonha e Mucuri,EDUCAÇÃO,MESTRADO PROFISSIONAL,PROFISSIONAL,3,EM FUNCIONAMENTO
Universidade Federal dos Vales do Jequitinhonha e Mucuri,"EDUCAÇÃO EM CIÊNCIAS, MATEMÁTICA E TECNOLOGIA",MESTRADO PROFISSIONAL,PROFISSIONAL,3,EM FUNCIONAMENTO
Universidade Federal dos Vales do Jequitinhonha e Mucuri,ENSINO EM SAÚDE,MESTRADO PROFISSIONAL,PROFISSIONAL,4,EM FUNCIONAMENTO
Universidade Federal dos Vales do Jequitinhonha e Mucuri,"SAÚDE, SOCIEDADE E AMBIENTE",MESTRADO PROFISSIONAL,PROFISSIONAL,3,EM FUNCIONAMENTO
Universidade Federal dos Vales do Jequitinhonha e Mucuri,"TECNOLOGIA, AMBIENTE E SOCIEDADE",MESTRADO PROFISSIONAL,PROFISSIONAL,3,EM FUNCIONAMENTO
Universidade Federal dos Vales do Jequitinhonha e Mucuri,CIÊNCIA FLORESTAL,MESTRADO/DOUTORADO,ACADÊMICO,4,EM FUNCIONAMENTO
Universidade Federal dos Vales do Jequitinhonha e Mucuri,CIÊNCIAS DA SAÚDE,MESTRADO/DOUTORADO,ACADÊMICO,4,EM FUNCIONAMENTO
Universidade Federal dos Vales do Jequitinhonha e Mucuri,ODONTOLOGIA,MESTRADO/DOUTORADO,ACADÊMICO,4,EM FUNCIONAMENTO
Universidade Federal dos Vales do Jequitinhonha e Mucuri,PRODUÇÃO VEGETAL,MESTRADO/DOUTORADO,ACADÊMICO,5,EM FUNCIONAMENTO
Universidade Federal dos Vales do Jequitinhonha e Mucuri,QUÍMICA,MESTRADO/DOUTORADO,ACADÊMICO,4,EM FUNCIONAMENTO
Universidade Federal dos Vales do Jequitinhonha e Mucuri,REABILITAÇÃO E DESEMPENHO FUNCIONAL,MESTRADO/DOUTORADO,ACADÊMICO,4,EM FUNCIONAMENTO
Universidade Regional do Cariri,DIVERSIDADE BIOLÓGICA E RECURSOS NATURAIS,MESTRADO,ACADÊMICO,4,EM FUNCIONAMENTO
Universidade Regional do Cariri,ECONOMIA REGIONAL E URBANA,MESTRADO,ACADÊMICO,A,EM FUNCIONAMENTO
Universidade Regional do Cariri,ENFERMAGEM,MESTRADO,ACADÊMICO,3,EM FUNCIONAMENTO
Universidade Regional do Cariri,LETRAS,MESTRADO,ACADÊMICO,3,EM FUNCIONAMENTO
Universidade Regional do Cariri,EDUCAÇÃO,MESTRADO PROFISSIONAL,PROFISSIONAL,4,EM FUNCIONAMENTO
Universidade Regional do Cariri,QUÍMICA BIOLÓGICA,MESTRADO/DOUTORADO,ACADÊMICO,5,EM FUNCIONAMENTO
Universidade Tecnológica Federal do Paraná,ENSINO DE CIÊNCIA E TECNOLOGIA,DOUTORADO,ACADÊMICO,5,EM FUNCIONAMENTO
Universidade Tecnológica Federal do Paraná,SUSTENTABILIDADE AMBIENTAL URBANA,DOUTORADO,ACADÊMICO,4,EM FUNCIONAMENTO
Universidade Tecnológica Federal do Paraná,ADMINISTRAÇÃO,MESTRADO,ACADÊMICO,3,EM FUNCIONAMENTO
Universidade Tecnológica Federal do Paraná,AGROECOSSISTEMAS,MESTRADO,ACADÊMICO,3,EM FUNCIONAMENTO
Universidade Tecnológica Federal do Paraná,BIOINFORMÁTICA,MESTRADO,ACADÊMICO,4,EM FUNCIONAMENTO
Universidade Tecnológica Federal do Paraná,CIÊNCIA DA COMPUTAÇÃO,MESTRADO,ACADÊMICO,A,EM FUNCIONAMENTO
Universidade Tecnológica Federal do Paraná,CIÊNCIA DA COMPUTAÇÃO,MESTRADO,ACADÊMICO,3,EM FUNCIONAMENTO
Universidade Tecnológica Federal do Paraná,CIÊNCIA E ENGENHARIA DE MATERIAIS,MESTRADO,ACADÊMICO,4,EM FUNCIONAMENTO
Universidade Tecnológica Federal do Paraná,EDUCAÇÃO FÍSICA,MESTRADO,ACADÊMICO,3,EM FUNCIONAMENTO
Universidade Tecnológica Federal do Paraná,ENGENHARIA AMBIENTAL,MESTRADO,ACADÊMICO,4,EM FUNCIONAMENTO
Universidade Tecnológica Federal do Paraná,ENGENHARIA AMBIENTAL: ANÁLISE E TECNOLOGIA AMBIENTAL,MESTRADO,ACADÊMICO,3,EM FUNCIONAMENTO
Universidade Tecnológica Federal do Paraná,ENGENHARIA CIVIL (PPGEC),MESTRADO,ACADÊMICO,3,EM FUNCIONAMENTO
Universidade Tecnológica Federal do Paraná,ENGENHARIA DE PRODUÇÃO E SISTEMAS (PPGEPS),MESTRADO,ACADÊMICO,3,EM FUNCIONAMENTO
Universidade Tecnológica Federal do Paraná,ENGENHARIA ELÉTRICA,MESTRADO,ACADÊMICO,4,EM FUNCIONAMENTO
Universidade Tecnológica Federal do Paraná,ENGENHARIA ELÉTRICA - CORNÉLIO PROCÓPIO,MESTRADO,ACADÊMICO,4,EM FUNCIONAMENTO
Universidade Tecnológica Federal do Paraná,ENGENHARIA ELÉTRICA E DE COMPUTAÇÃO,MESTRADO,ACADÊMICO,3,EM FUNCIONAMENTO
Universidade Tecnológica Federal do Paraná,ENGENHARIA MECÂNICA,MESTRADO,ACADÊMICO,3,EM FUNCIONAMENTO
Universidade Tecnológica Federal do Paraná,ENGENHARIA QUÍMICA,MESTRADO,ACADÊMICO,3,EM FUNCIONAMENTO
Universidade Tecnológica Federal do Paraná,ENGENHARIA QUÍMICA,MESTRADO,ACADÊMICO,3,EM FUNCIONAMENTO
Universidade Tecnológica Federal do Paraná,ESTUDOS DE LINGUAGENS,MESTRADO,ACADÊMICO,4,EM FUNCIONAMENTO
Universidade Tecnológica Federal do Paraná,FÍSICA E ASTRONOMIA,MESTRADO,ACADÊMICO,3,EM FUNCIONAMENTO
Universidade Tecnológica Federal do Paraná,LETRAS,MESTRADO,ACADÊMICO,4,EM FUNCIONAMENTO
Universidade Tecnológica Federal do Paraná,PROCESSOS QUÍMICOS E BIOTECNOLÓGICOS,MESTRADO,ACADÊMICO,3,EM FUNCIONAMENTO
Universidade Tecnológica Federal do Paraná,QUÍMICA,MESTRADO,ACADÊMICO,3,EM FUNCIONAMENTO
Universidade Tecnológica Federal do Paraná,RECURSOS NATURAIS E SUSTENTABILIDADE,MESTRADO,ACADÊMICO,3,EM FUNCIONAMENTO
Universidade Tecnológica Federal do Paraná,TECNOLOGIA DE PROCESSOS QUÍMICOS E BIOQUÍMICOS,MESTRADO,ACADÊMICO,3,EM FUNCIONAMENTO
Universidade Tecnológica Federal do Paraná,TECNOLOGIAS AMBIENTAIS,MESTRADO,ACADÊMICO,4,EM FUNCIONAMENTO
Universidade Tecnológica Federal do Paraná,TECNOLOGIAS COMPUTACIONAIS PARA O AGRONEGÓCIO,MESTRADO,ACADÊMICO,4,EM FUNCIONAMENTO
Universidade Tecnológica Federal do Paraná,TÊXTIL E MODA,MESTRADO,ACADÊMICO,A,EM FUNCIONAMENTO
Universidade Tecnológica Federal do Paraná,ZOOTECNIA,MESTRADO,ACADÊMICO,3,EM DESATIVACAO
Universidade Tecnológica Federal do Paraná,COMPUTAÇÃO APLICADA,MESTRADO PROFISSIONAL,PROFISSIONAL,3,EM FUNCIONAMENTO
Universidade Tecnológica Federal do Paraná,ENGENHARIA BIOMÉDICA,MESTRADO PROFISSIONAL,PROFISSIONAL,4,EM FUNCIONAMENTO
Universidade Tecnológica Federal do Paraná,ENSINO DE CIÊNCIA E TECNOLOGIA,MESTRADO PROFISSIONAL,PROFISSIONAL,4,EM FUNCIONAMENTO
Universidade Tecnológica Federal do Paraná,"ENSINO DE CIÊNCIAS HUMANAS, SOCIAIS E DA NATUREZA",MESTRADO PROFISSIONAL,PROFISSIONAL,4,EM FUNCIONAMENTO
Universidade Tecnológica Federal do Paraná,ENSINO DE MATEMÁTICA,MESTRADO PROFISSIONAL,PROFISSIONAL,4,EM FUNCIONAMENTO
Universidade Tecnológica Federal do Paraná,INFORMÁTICA,MESTRADO PROFISSIONAL,PROFISSIONAL,4,EM FUNCIONAMENTO
Universidade Tecnológica Federal do Paraná,INOVAÇÕES TECNOLÓGICAS,MESTRADO PROFISSIONAL,PROFISSIONAL,3,EM FUNCIONAMENTO
Universidade Tecnológica Federal do Paraná,SISTEMAS DE ENERGIA,MESTRADO PROFISSIONAL,PROFISSIONAL,4,EM FUNCIONAMENTO
Universidade Tecnológica Federal do Paraná,TECNOLOGIA DE ALIMENTOS,MESTRADO PROFISSIONAL,PROFISSIONAL,4,EM FUNCIONAMENTO
Universidade Tecnológica Federal do Paraná,TECNOLOGIAS EM BIOCIÊNCIAS,MESTRADO PROFISSIONAL,PROFISSIONAL,3,EM FUNCIONAMENTO
Universidade Tecnológica Federal do Paraná,"FORMAÇÃO CIENTÍFICA, EDUCACIONAL E TECNOLÓGICA",MESTRADO PROFISSIONAL/DOUTORADO PROFISSIONAL,PROFISSIONAL,4,EM FUNCIONAMENTO
Universidade Tecnológica Federal do Paraná,PLANEJAMENTO E GOVERNANÇA PÚBLICA,MESTRADO PROFISSIONAL/DOUTORADO PROFISSIONAL,PROFISSIONAL,4,EM FUNCIONAMENTO
Universidade Tecnológica Federal do Paraná,AGRONOMIA,MESTRADO/DOUTORADO,ACADÊMICO,4,EM FUNCIONAMENTO
Universidade Tecnológica Federal do Paraná,BIOTECNOLOGIA,MESTRADO/DOUTORADO,ACADÊMICO,4,EM FUNCIONAMENTO
Universidade Tecnológica Federal do Paraná,CIÊNCIA E TECNOLOGIA AMBIENTAL,MESTRADO/DOUTORADO,ACADÊMICO,4,EM FUNCIONAMENTO
Universidade Tecnológica Federal do Paraná,DESENVOLVIMENTO REGIONAL,MESTRADO/DOUTORADO,ACADÊMICO,5,EM FUNCIONAMENTO
Universidade Tecnológica Federal do Paraná,ENGENHARIA CIVIL,MESTRADO/DOUTORADO,ACADÊMICO,5,EM FUNCIONAMENTO
Universidade Tecnológica Federal do Paraná,ENGENHARIA DE PRODUÇÃO,MESTRADO/DOUTORADO,ACADÊMICO,5,EM FUNCIONAMENTO
Universidade Tecnológica Federal do Paraná,ENGENHARIA ELÉTRICA E INFORMÁTICA INDUSTRIAL,MESTRADO/DOUTORADO,ACADÊMICO,6,EM FUNCIONAMENTO
Universidade Tecnológica Federal do Paraná,ENGENHARIA MECÂNICA E DE MATERIAIS,MESTRADO/DOUTORADO,ACADÊMICO,4,EM FUNCIONAMENTO
Universidade Tecnológica Federal do Paraná,TECNOLOGIA DE ALIMENTOS,MESTRADO/DOUTORADO,ACADÊMICO,4,EM FUNCIONAMENTO
Universidade Tecnológica Federal do Paraná,TECNOLOGIA E SOCIEDADE,MESTRADO/DOUTORADO,ACADÊMICO,5,EM FUNCIONAMENTO
Universidade de Brasília,CIÊNCIAS DA REABILITAÇÃO,MESTRADO,ACADÊMICO,3,EM FUNCIONAMENTO
Universidade de Brasília,CIÊNCIAS DE MATERIAIS,MESTRADO,ACADÊMICO,3,EM FUNCIONAMENTO
Universidade de Brasília,DESIGN,MESTRADO,ACADÊMICO,4,EM FUNCIONAMENTO
Universidade de Brasília,ENGENHARIA BIOMÉDICA,MESTRADO,ACADÊMICO,3,EM FUNCIONAMENTO
Universidade de Brasília,ESTATISTICA,MESTRADO,ACADÊMICO,4,EM FUNCIONAMENTO
Universidade de Brasília,ESTUDOS DE TRADUÇÃO,MESTRADO,ACADÊMICO,4,EM FUNCIONAMENTO
Universidade de Brasília,INTEGRIDADE DE MATERIAIS DA ENGENHARIA,MESTRADO,ACADÊMICO,3,EM FUNCIONAMENTO
Universidade de Brasília,LINGÜÍSTICA APLICADA,MESTRADO,ACADÊMICO,4,EM FUNCIONAMENTO
Universidade de Brasília,MEIO AMBIENTE E DESENVOLVIMENTO RURAL,MESTRADO,ACADÊMICO,4,EM FUNCIONAMENTO
Universidade de Brasília,COMPUTAÇÃO APLICADA,MESTRADO PROFISSIONAL,PROFISSIONAL,4,EM FUNCIONAMENTO
Universidade de Brasília,"DIREITO, REGULAÇÃO E POLÍTICAS PÚBLICAS",MESTRADO PROFISSIONAL,PROFISSIONAL,3,EM FUNCIONAMENTO
Universidade de Brasília,ECONOMIA,MESTRADO PROFISSIONAL,PROFISSIONAL,4,EM FUNCIONAMENTO
Universidade de Brasília,EDUCAÇÃO,MESTRADO PROFISSIONAL,PROFISSIONAL,3,EM FUNCIONAMENTO
Universidade de Brasília,ENGENHARIA ELÉTRICA,MESTRADO PROFISSIONAL,PROFISSIONAL,3,EM FUNCIONAMENTO
Universidade de Brasília,GESTÃO PÚBLICA,MESTRADO PROFISSIONAL,PROFISSIONAL,4,EM FUNCIONAMENTO
Universidade de Brasília,GOVERNANÇA E INOVAÇÃO EM POLÍTICAS PÚBLICAS,MESTRADO PROFISSIONAL,PROFISSIONAL,A,EM FUNCIONAMENTO
Universidade de Brasília,POLÍTICAS PÚBLICAS PARA INFÂNCIA E JUVENTUDE,MESTRADO PROFISSIONAL,PROFISSIONAL,A,EM FUNCIONAMENTO
Universidade de Brasília,SAÚDE COLETIVA,MESTRADO PROFISSIONAL,PROFISSIONAL,4,EM FUNCIONAMENTO
Universidade de Brasília,SUSTENTABILIDADE JUNTO A POVOS E TERRITÓRIOS TRADICIONAIS,MESTRADO PROFISSIONAL,PROFISSIONAL,3,EM FUNCIONAMENTO
Universidade de Brasília,ADMINISTRAÇÃO,MESTRADO PROFISSIONAL/DOUTORADO PROFISSIONAL,PROFISSIONAL,4,EM FUNCIONAMENTO
Universidade de Brasília,ADMINISTRAÇÃO,MESTRADO/DOUTORADO,ACADÊMICO,5,EM FUNCIONAMENTO
Universidade de Brasília,AGRONEGÓCIOS,MESTRADO/DOUTORADO,ACADÊMICO,4,EM FUNCIONAMENTO
Universidade de Brasília,AGRONOMIA,MESTRADO/DOUTORADO,ACADÊMICO,4,EM FUNCIONAMENTO
Universidade de Brasília,ANTROPOLOGIA,MESTRADO/DOUTORADO,ACADÊMICO,7,EM FUNCIONAMENTO
Universidade de Brasília,ARQUITETURA E URBANISMO,MESTRADO/DOUTORADO,ACADÊMICO,5,EM FUNCIONAMENTO
Universidade de Brasília,ARTES CÊNICAS,MESTRADO/DOUTORADO,ACADÊMICO,5,EM FUNCIONAMENTO
Universidade de Brasília,ARTES VISUAIS,MESTRADO/DOUTORADO,ACADÊMICO,5,EM FUNCIONAMENTO
Universidade de Brasília,BIOLOGIA ANIMAL,MESTRADO/DOUTORADO,ACADÊMICO,5,EM FUNCIONAMENTO
Universidade de Brasília,BIOLOGIA MICROBIANA,MESTRADO/DOUTORADO,ACADÊMICO,4,EM FUNCIONAMENTO
Universidade de Brasília,BIOÉTICA,MESTRADO/DOUTORADO,ACADÊMICO,5,EM FUNCIONAMENTO
Universidade de Brasília,BOTÂNICA,MESTRADO/DOUTORADO,ACADÊMICO,4,EM FUNCIONAMENTO
Universidade de Brasília,CIENCIAS MEDICAS,MESTRADO/DOUTORADO,ACADÊMICO,5,EM FUNCIONAMENTO
Universidade de Brasília,CIÊNCIA POLÍTICA,MESTRADO/DOUTORADO,ACADÊMICO,7,EM FUNCIONAMENTO
Universidade de Brasília,CIÊNCIAS AMBIENTAIS,MESTRADO/DOUTORADO,ACADÊMICO,5,EM FUNCIONAMENTO
Universidade de Brasília,CIÊNCIAS ANIMAIS,MESTRADO/DOUTORADO,ACADÊMICO,6,EM FUNCIONAMENTO
Universidade de Brasília,CIÊNCIAS BIOLÓGICAS (BIOLOGIA MOLECULAR),MESTRADO/DOUTORADO,ACADÊMICO,6,EM FUNCIONAMENTO
Universidade de Brasília,CIÊNCIAS CONTÁBEIS,MESTRADO/DOUTORADO,ACADÊMICO,5,EM FUNCIONAMENTO
Universidade de Brasília,CIÊNCIAS DA INFORMAÇÃO,MESTRADO/DOUTORADO,ACADÊMICO,5,EM FUNCIONAMENTO
Universidade de Brasília,CIÊNCIAS DA SAÚDE,MESTRADO/DOUTORADO,ACADÊMICO,5,EM FUNCIONAMENTO
Universidade de Brasília,CIÊNCIAS DO COMPORTAMENTO,MESTRADO/DOUTORADO,ACADÊMICO,4,EM FUNCIONAMENTO
Universidade de Brasília,CIÊNCIAS E TECNOLOGIAS EM SAÚDE,MESTRADO/DOUTORADO,ACADÊMICO,5,EM FUNCIONAMENTO
Universidade de Brasília,CIÊNCIAS FARMACÊUTICAS,MESTRADO/DOUTORADO,ACADÊMICO,5,EM FUNCIONAMENTO
Universidade de Brasília,CIÊNCIAS FLORESTAIS,MESTRADO/DOUTORADO,ACADÊMICO,4,EM FUNCIONAMENTO
Universidade de Brasília,CIÊNCIAS MECÂNICAS,MESTRADO/DOUTORADO,ACADÊMICO,5,EM FUNCIONAMENTO
Universidade de Brasília,COMUNICAÇÃO,MESTRADO/DOUTORADO,ACADÊMICO,5,EM FUNCIONAMENTO
Universidade de Brasília,DESENVOLVIMENTO SUSTENTÁVEL,MESTRADO/DOUTORADO,ACADÊMICO,7,EM FUNCIONAMENTO
Universidade de Brasília,"DESENVOLVIMENTO, SOCIEDADE E COOPERAÇÃO INTERNACIONAL",MESTRADO/DOUTORADO,ACADÊMICO,4,EM FUNCIONAMENTO
Universidade de Brasília,DIREITO,MESTRADO/DOUTORADO,ACADÊMICO,7,EM FUNCIONAMENTO
Universidade de Brasília,DIREITOS HUMANOS E CIDADANIA,MESTRADO/DOUTORADO,ACADÊMICO,5,EM FUNCIONAMENTO
Universidade de Brasília,ECOLOGIA,MESTRADO/DOUTORADO,ACADÊMICO,6,EM FUNCIONAMENTO
Universidade de Brasília,ECONOMIA,MESTRADO/DOUTORADO,ACADÊMICO,6,EM FUNCIONAMENTO
Universidade de Brasília,EDUCAÇÃO,MESTRADO/DOUTORADO,ACADÊMICO,5,EM FUNCIONAMENTO
Universidade de Brasília,EDUCAÇÃO EM CIÊNCIAS,MESTRADO/DOUTORADO,ACADÊMICO,5,EM FUNCIONAMENTO
Universidade de Brasília,EDUCAÇÃO FÍSICA,MESTRADO/DOUTORADO,ACADÊMICO,5,EM FUNCIONAMENTO
Universidade de Brasília,ENFERMAGEM,MESTRADO/DOUTORADO,ACADÊMICO,4,EM FUNCIONAMENTO
Universidade de Brasília,ENGENHARIA ELÉTRICA,MESTRADO/DOUTORADO,ACADÊMICO,5,EM FUNCIONAMENTO
Universidade de Brasília,ESTRUTURAS E CONSTRUÇÃO CIVIL,MESTRADO/DOUTORADO,ACADÊMICO,5,EM FUNCIONAMENTO
Universidade de Brasília,ESTUDOS COMPARADOS SOBRE AS AMÉRICAS,MESTRADO/DOUTORADO,ACADÊMICO,4,EM FUNCIONAMENTO
Universidade de Brasília,FILOSOFIA,MESTRADO/DOUTORADO,ACADÊMICO,5,EM FUNCIONAMENTO
Universidade de Brasília,FITOPATOLOGIA,MESTRADO/DOUTORADO,ACADÊMICO,5,EM FUNCIONAMENTO
Universidade de Brasília,FÍSICA,MESTRADO/DOUTORADO,ACADÊMICO,5,EM FUNCIONAMENTO
Universidade de Brasília,GEOCIÊNCIAS APLICADAS E GEODINÂMICA,MESTRADO/DOUTORADO,ACADÊMICO,4,EM FUNCIONAMENTO
Universidade de Brasília,GEOGRAFIA,MESTRADO/DOUTORADO,ACADÊMICO,5,EM FUNCIONAMENTO
Universidade de Brasília,GEOLOGIA,MESTRADO/DOUTORADO,ACADÊMICO,7,EM FUNCIONAMENTO
Universidade de Brasília,GEOTECNIA,MESTRADO/DOUTORADO,ACADÊMICO,6,EM FUNCIONAMENTO
Universidade de Brasília,HISTÓRIA,MESTRADO/DOUTORADO,ACADÊMICO,5,EM FUNCIONAMENTO
Universidade de Brasília,INFORMÁTICA,MESTRADO/DOUTORADO,ACADÊMICO,5,EM FUNCIONAMENTO
Universidade de Brasília,LINGÜÍSTICA,MESTRADO/DOUTORADO,ACADÊMICO,5,EM FUNCIONAMENTO
Universidade de Brasília,LITERATURA,MESTRADO/DOUTORADO,ACADÊMICO,5,EM FUNCIONAMENTO
Universidade de Brasília,MATEMÁTICA,MESTRADO/DOUTORADO,ACADÊMICO,7,EM FUNCIONAMENTO
Universidade de Brasília,MEDICINA TROPICAL,MESTRADO/DOUTORADO,ACADÊMICO,5,EM FUNCIONAMENTO
Universidade de Brasília,METAFÍSICA,MESTRADO/DOUTORADO,ACADÊMICO,5,EM FUNCIONAMENTO
Universidade de Brasília,MÚSICA,MESTRADO/DOUTORADO,ACADÊMICO,4,EM FUNCIONAMENTO
Universidade de Brasília,NANOCIÊNCIA E NANOBIOTECNOLOGIA,MESTRADO/DOUTORADO,ACADÊMICO,4,EM FUNCIONAMENTO
Universidade de Brasília,NUTRIÇÃO HUMANA,MESTRADO/DOUTORADO,ACADÊMICO,5,EM FUNCIONAMENTO
Universidade de Brasília,ODONTOLOGIA,MESTRADO/DOUTORADO,ACADÊMICO,4,EM FUNCIONAMENTO
Universidade de Brasília,PATOLOGIA MOLECULAR,MESTRADO/DOUTORADO,ACADÊMICO,6,EM FUNCIONAMENTO
Universidade de Brasília,POLÍTICA SOCIAL,MESTRADO/DOUTORADO,ACADÊMICO,6,EM FUNCIONAMENTO
Universidade de Brasília,PSICOLOGIA CLÍNICA E CULTURA,MESTRADO/DOUTORADO,ACADÊMICO,5,EM FUNCIONAMENTO
Universidade de Brasília,PSICOLOGIA DO DESENVOLVIMENTO E ESCOLAR,MESTRADO/DOUTORADO,ACADÊMICO,5,EM FUNCIONAMENTO
Universidade de Brasília,"PSICOLOGIA SOCIAL, DO TRABALHO E DAS ORGANIZAÇÕES (PSTO)",MESTRADO/DOUTORADO,ACADÊMICO,6,EM FUNCIONAMENTO
Universidade de Brasília,QUÍMICA,MESTRADO/DOUTORADO,ACADÊMICO,6,EM FUNCIONAMENTO
Universidade de Brasília,RELAÇÕES INTERNACIONAIS,MESTRADO/DOUTORADO,ACADÊMICO,5,EM FUNCIONAMENTO
Universidade de Brasília,SAÚDE ANIMAL,MESTRADO/DOUTORADO,ACADÊMICO,4,EM FUNCIONAMENTO
Universidade de Brasília,SAÚDE COLETIVA,MESTRADO/DOUTORADO,ACADÊMICO,4,EM FUNCIONAMENTO
Universidade de Brasília,SISTEMAS MECATRÔNICOS,MESTRADO/DOUTORADO,ACADÊMICO,4,EM FUNCIONAMENTO
Universidade de Brasília,SOCIOLOGIA,MESTRADO/DOUTORADO,ACADÊMICO,7,EM FUNCIONAMENTO
Universidade de Brasília,TECNOLOGIA AMBIENTAL E RECURSOS HÍDRICOS,MESTRADO/DOUTORADO,ACADÊMICO,4,EM FUNCIONAMENTO
Universidade de Brasília,TRANSPORTES,MESTRADO/DOUTORADO,ACADÊMICO,3,EM FUNCIONAMENTO
Universidade de Brasília,ZOOLOGIA,MESTRADO/DOUTORADO,ACADÊMICO,4,EM FUNCIONAMENTO
Universidade de Pernambuco,CIÊNCIA E TECNOLOGIA AMBIENTAL,MESTRADO,ACADÊMICO,4,EM FUNCIONAMENTO
Universidade de Pernambuco,ENGENHARIA CIVIL,MESTRADO,ACADÊMICO,4,EM FUNCIONAMENTO
Universidade de Pernambuco,SAÚDE E DESENVOLVIMENTO SOCIOAMBIENTAL,MESTRADO,ACADÊMICO,3,EM FUNCIONAMENTO
Universidade de Pernambuco,"CULTURAS AFRICANAS, DA DIÁSPORA, E DOS POVOS INDÍGENAS",MESTRADO PROFISSIONAL,PROFISSIONAL,1,EM DESATIVACAO
Universidade de Pernambuco,GESTÃO DO DESENVOLVIMENTO LOCAL SUSTENTÁVEL,MESTRADO PROFISSIONAL,PROFISSIONAL,4,EM FUNCIONAMENTO
Universidade de Pernambuco,PRÁTICAS E INOVAÇÃO EM SAÚDE MENTAL,MESTRADO PROFISSIONAL,PROFISSIONAL,4,EM FUNCIONAMENTO
Universidade de Pernambuco,EDUCAÇÃO,MESTRADO PROFISSIONAL/DOUTORADO PROFISSIONAL,PROFISSIONAL,4,EM FUNCIONAMENTO
Universidade de Pernambuco,FORMAÇÃO DE PROFESSORES E PRÁTICAS INTERDISCIPLINARES,MESTRADO PROFISSIONAL/DOUTORADO PROFISSIONAL,PROFISSIONAL,4,EM FUNCIONAMENTO
Universidade de Pernambuco,BIOLOGIA CELULAR E MOLECULAR APLICADA,MESTRADO/DOUTORADO,ACADÊMICO,4,EM FUNCIONAMENTO
Universidade de Pernambuco,CIENCIAS DA SAUDE,MESTRADO/DOUTORADO,ACADÊMICO,5,EM FUNCIONAMENTO
Universidade de Pernambuco,EDUCAÇÃO FÍSICA,MESTRADO/DOUTORADO,ACADÊMICO,5,EM FUNCIONAMENTO
Universidade de Pernambuco,ENFERMAGEM - FESP-UPE - UEPB,MESTRADO/DOUTORADO,ACADÊMICO,4,EM FUNCIONAMENTO
Universidade de Pernambuco,ENGENHARIA DA COMPUTAÇÃO,MESTRADO/DOUTORADO,ACADÊMICO,4,EM FUNCIONAMENTO
Universidade de Pernambuco,ENGENHARIA DE SISTEMAS,MESTRADO/DOUTORADO,ACADÊMICO,4,EM FUNCIONAMENTO
Universidade de Pernambuco,HEBIATRIA - DETERMINANTES DE SAÚDE NA ADOLESCENCIA,MESTRADO/DOUTORADO,ACADÊMICO,5,EM FUNCIONAMENTO
Universidade de Pernambuco,ODONTOLOGIA,MESTRADO/DOUTORADO,ACADÊMICO,4,EM FUNCIONAMENTO
Universidade de Pernambuco,PERÍCIAS FORENSES,MESTRADO/DOUTORADO,ACADÊMICO,4,EM FUNCIONAMENTO
Universidade de Pernambuco,REABILITAÇÃO E DESEMPENHO FUNCIONAL,MESTRADO/DOUTORADO,ACADÊMICO,4,EM FUNCIONAMENTO
Universidade de São Paulo,(MEDICINA) TECNOLOGIA E INTERVENÇÃO EM CARDIOLOGIA,DOUTORADO,ACADÊMICO,4,EM FUNCIONAMENTO
Universidade de São Paulo,"ANESTESIOLOGIA, CIÊNCIAS CIRÚRGICAS E MEDICINA PERIOPERATÓRIA",DOUTORADO,ACADÊMICO,5,EM FUNCIONAMENTO
Universidade de São Paulo,CARDIOLOGIA,DOUTORADO,ACADÊMICO,7,EM FUNCIONAMENTO
Universidade de São Paulo,CIÊNCIAS DA RESPIRAÇÃO,DOUTORADO,ACADÊMICO,6,EM FUNCIONAMENTO
Universidade de São Paulo,ENFERMAGEM,DOUTORADO,ACADÊMICO,6,EM FUNCIONAMENTO
Universidade de São Paulo,EPIDEMIOLOGIA,DOUTORADO,ACADÊMICO,4,EM FUNCIONAMENTO
Universidade de São Paulo,MEDICINA (CIRURGIA TORÁCICA E CARDIOVASCULAR),DOUTORADO,ACADÊMICO,4,EM FUNCIONAMENTO
Universidade de São Paulo,OFTALMOLOGIA,DOUTORADO,ACADÊMICO,6,EM FUNCIONAMENTO
Universidade de São Paulo,PATOLOGIA,DOUTORADO,ACADÊMICO,5,EM FUNCIONAMENTO
Universidade de São Paulo,RADIOLOGIA,DOUTORADO,ACADÊMICO,5,EM FUNCIONAMENTO
Universidade de São Paulo,SAÚDE GLOBAL E SUSTENTABILIDADE,DOUTORADO,ACADÊMICO,4,EM FUNCIONAMENTO
Universidade de São Paulo,CIÊNCIAS DA ATIVIDADE FÍSICA,MESTRADO,ACADÊMICO,3,EM FUNCIONAMENTO
Universidade de São Paulo,CULTURAS E IDENTIDADES BRASILEIRAS,MESTRADO,ACADÊMICO,4,EM FUNCIONAMENTO
Universidade de São Paulo,ENGENHARIA DE SISTEMAS LOGÍSTICOS,MESTRADO,ACADÊMICO,5,EM FUNCIONAMENTO
Universidade de São Paulo,ESTUDOS CULTURAIS,MESTRADO,ACADÊMICO,4,EM FUNCIONAMENTO
Universidade de São Paulo,GESTÃO DE POLÍTICAS PÚBLICAS,MESTRADO,ACADÊMICO,4,EM FUNCIONAMENTO
Universidade de São Paulo,LETRAS (LÍNGUA LITERATURA E CULTURA JAPONESA),MESTRADO,ACADÊMICO,4,EM FUNCIONAMENTO
Universidade de São Paulo,MODELAGEM DE SISTEMAS COMPLEXOS,MESTRADO,ACADÊMICO,3,EM FUNCIONAMENTO
Universidade de São Paulo,MUSEOLOGIA,MESTRADO,ACADÊMICO,4,EM FUNCIONAMENTO
Universidade de São Paulo,TÊXTIL E MODA,MESTRADO,ACADÊMICO,5,EM FUNCIONAMENTO
Universidade de São Paulo,ACONSELHAMENTO GENÉTICO E GENÔMICA HUMANA,MESTRADO PROFISSIONAL,PROFISSIONAL,4,EM FUNCIONAMENTO
Universidade de São Paulo,ASSOCIADO À RESIDÊNCIA EM MEDICINA CARDIOVASCULAR,MESTRADO PROFISSIONAL,PROFISSIONAL,3,EM FUNCIONAMENTO
Universidade de São Paulo,EMPREENDEDORISMO,MESTRADO PROFISSIONAL,PROFISSIONAL,5,EM FUNCIONAMENTO
Universidade de São Paulo,ENFERMAGEM NA ATENÇÃO PRIMÁRIA EM SAÚDE NO SUS,MESTRADO PROFISSIONAL,PROFISSIONAL,4,EM FUNCIONAMENTO
Universidade de São Paulo,ENSINO DE ASTRONOMIA,MESTRADO PROFISSIONAL,PROFISSIONAL,3,EM FUNCIONAMENTO
Universidade de São Paulo,ENSINO DE MATEMÁTICA,MESTRADO PROFISSIONAL,PROFISSIONAL,4,EM FUNCIONAMENTO
Universidade de São Paulo,ENTOMOLOGIA EM SAÚDE PÚBLICA,MESTRADO PROFISSIONAL,PROFISSIONAL,4,EM FUNCIONAMENTO
Universidade de São Paulo,FORMAÇÃO INTERDISCIPLINAR EM SAÚDE,MESTRADO PROFISSIONAL,PROFISSIONAL,3,EM FUNCIONAMENTO
Universidade de São Paulo,GESTÃO DA INFORMAÇÃO,MESTRADO PROFISSIONAL,PROFISSIONAL,4,EM FUNCIONAMENTO
Universidade de São Paulo,GESTÃO E INOVAÇÃO NA INDÚSTRIA ANIMAL,MESTRADO PROFISSIONAL,PROFISSIONAL,3,EM FUNCIONAMENTO
Universidade de São Paulo,INOVAÇÃO EM DIAGNÓSTICO E DESENVOLVIMENTO DE FÁRMACOS E MEDICAMENTOS,MESTRADO PROFISSIONAL,PROFISSIONAL,A,EM FUNCIONAMENTO
Universidade de São Paulo,INOVAÇÃO NA CONSTRUÇÃO CIVIL,MESTRADO PROFISSIONAL,PROFISSIONAL,3,EM FUNCIONAMENTO
Universidade de São Paulo,INOVAÇÃO TECNOLÓGICA E DE PROCESSOS ASSISTENCIAIS PERIOPERATÓRIOS,MESTRADO PROFISSIONAL,PROFISSIONAL,3,EM FUNCIONAMENTO
Universidade de São Paulo,ONCOLOGIA,MESTRADO PROFISSIONAL,PROFISSIONAL,3,EM FUNCIONAMENTO
Universidade de São Paulo,REDE NACIONAL PARA ENSINO DAS CIÊNCIAS AMBIENTAIS,MESTRADO PROFISSIONAL,PROFISSIONAL,4,EM FUNCIONAMENTO
Universidade de São Paulo,TECNOLOGIA EM QUÍMICA E BIOQUÍMICA,MESTRADO PROFISSIONAL,PROFISSIONAL,5,EM FUNCIONAMENTO
Universidade de São Paulo,TERAPIA OCUPACIONAL E PROCESSOS DE INCLUSÃO SOCIAL,MESTRADO PROFISSIONAL,PROFISSIONAL,3,EM FUNCIONAMENTO
Universidade de São Paulo,"AMBIENTE, SAÚDE E SUSTENTABILIDADE",MESTRADO PROFISSIONAL/DOUTORADO PROFISSIONAL,PROFISSIONAL,5,EM FUNCIONAMENTO
Universidade de São Paulo,ADMINISTRAÇÃO,MESTRADO/DOUTORADO,ACADÊMICO,7,EM FUNCIONAMENTO
Universidade de São Paulo,ALERGIA E IMUNOPATOLOGIA,MESTRADO/DOUTORADO,ACADÊMICO,4,EM FUNCIONAMENTO
Universidade de São Paulo,ANATOMIA DOS ANIMAIS DOMÉSTICOS E SILVESTRES,MESTRADO/DOUTORADO,ACADÊMICO,7,EM FUNCIONAMENTO
Universidade de São Paulo,ARQUEOLOGIA,MESTRADO/DOUTORADO,ACADÊMICO,6,EM FUNCIONAMENTO
Universidade de São Paulo,ARQUITETURA E URBANISMO,MESTRADO/DOUTORADO,ACADÊMICO,5,EM FUNCIONAMENTO
Universidade de São Paulo,ARTES CÊNICAS,MESTRADO/DOUTORADO,ACADÊMICO,6,EM FUNCIONAMENTO
Universidade de São Paulo,ARTES VISUAIS,MESTRADO/DOUTORADO,ACADÊMICO,5,EM FUNCIONAMENTO
Universidade de São Paulo,ASTRONOMIA,MESTRADO/DOUTORADO,ACADÊMICO,7,EM FUNCIONAMENTO
Universidade de São Paulo,BIOCIÊNCIA ANIMAL,MESTRADO/DOUTORADO,ACADÊMICO,5,EM FUNCIONAMENTO
Universidade de São Paulo,BIOINFORMÁTICA,MESTRADO/DOUTORADO,ACADÊMICO,4,EM FUNCIONAMENTO
Universidade de São Paulo,BIOLOGIA DE SISTEMAS,MESTRADO/DOUTORADO,ACADÊMICO,6,EM FUNCIONAMENTO
Universidade de São Paulo,BIOTECNOLOGIA,MESTRADO/DOUTORADO,ACADÊMICO,5,EM FUNCIONAMENTO
Universidade de São Paulo,CIÊNCIA AMBIENTAL,MESTRADO/DOUTORADO,ACADÊMICO,7,EM FUNCIONAMENTO
Universidade de São Paulo,CIÊNCIA DA COMPUTAÇÃO,MESTRADO/DOUTORADO,ACADÊMICO,6,EM FUNCIONAMENTO
Universidade de São Paulo,CIÊNCIA DA INFORMAÇÃO,MESTRADO/DOUTORADO,ACADÊMICO,4,EM FUNCIONAMENTO
Universidade de São Paulo,CIÊNCIA POLÍTICA,MESTRADO/DOUTORADO,ACADÊMICO,7,EM FUNCIONAMENTO
Universidade de São Paulo,CIÊNCIA SOCIAL (ANTROPOLOGIA SOCIAL),MESTRADO/DOUTORADO,ACADÊMICO,6,EM FUNCIONAMENTO
Universidade de São Paulo,CIÊNCIAS (BIOLOGIA DA RELAÇÃO PATÓGENO-HOSPEDEIRO),MESTRADO/DOUTORADO,ACADÊMICO,7,EM FUNCIONAMENTO
Universidade de São Paulo,CIÊNCIAS (FISIOLOGIA GERAL),MESTRADO/DOUTORADO,ACADÊMICO,5,EM FUNCIONAMENTO
Universidade de São Paulo,CIÊNCIAS (FISIOLOGIA HUMANA),MESTRADO/DOUTORADO,ACADÊMICO,6,EM FUNCIONAMENTO
Universidade de São Paulo,CIÊNCIAS (FISIOPATOLOGIA EXPERIMENTAL),MESTRADO/DOUTORADO,ACADÊMICO,5,EM FUNCIONAMENTO
Universidade de São Paulo,CIÊNCIAS BIOLÓGICAS (BIOLOGIA GENÉTICA),MESTRADO/DOUTORADO,ACADÊMICO,6,EM FUNCIONAMENTO
Universidade de São Paulo,CIÊNCIAS BIOLÓGICAS (BIOQUÍMICA),MESTRADO/DOUTORADO,ACADÊMICO,7,EM FUNCIONAMENTO
Universidade de São Paulo,CIÊNCIAS BIOLÓGICAS (BOTÂNICA),MESTRADO/DOUTORADO,ACADÊMICO,7,EM FUNCIONAMENTO
Universidade de São Paulo,CIÊNCIAS BIOLÓGICAS (MICROBIOLOGIA),MESTRADO/DOUTORADO,ACADÊMICO,7,EM FUNCIONAMENTO
Universidade de São Paulo,CIÊNCIAS BIOLÓGICAS (ZOOLOGIA),MESTRADO/DOUTORADO,ACADÊMICO,6,EM FUNCIONAMENTO
Universidade de São Paulo,CIÊNCIAS DA COMUNICAÇÃO,MESTRADO/DOUTORADO,ACADÊMICO,5,EM FUNCIONAMENTO
Universidade de São Paulo,CIÊNCIAS DA REABILITAÇÃO,MESTRADO/DOUTORADO,ACADÊMICO,6,EM FUNCIONAMENTO
Universidade de São Paulo,CIÊNCIAS DA REABILITAÇÃO,MESTRADO/DOUTORADO,ACADÊMICO,5,EM FUNCIONAMENTO
Universidade de São Paulo,CIÊNCIAS DO SISTEMA MUSCULOESQUELÉTICO,MESTRADO/DOUTORADO,ACADÊMICO,5,EM FUNCIONAMENTO
Universidade de São Paulo,CIÊNCIAS EM GASTROENTEROLOGIA,MESTRADO/DOUTORADO,ACADÊMICO,6,EM FUNCIONAMENTO
Universidade de São Paulo,CIÊNCIAS MÉDICAS,MESTRADO/DOUTORADO,ACADÊMICO,5,EM FUNCIONAMENTO
Universidade de São Paulo,CIÊNCIAS ODONTOLÓGICAS,MESTRADO/DOUTORADO,ACADÊMICO,6,EM FUNCIONAMENTO
Universidade de São Paulo,CLÍNICA CIRÚRGICA VETERINÁRIA,MESTRADO/DOUTORADO,ACADÊMICO,4,EM FUNCIONAMENTO
Universidade de São Paulo,CLÍNICA VETERINÁRIA,MESTRADO/DOUTORADO,ACADÊMICO,5,EM FUNCIONAMENTO
Universidade de São Paulo,CONTROLADORIA E CONTABILIDADE,MESTRADO/DOUTORADO,ACADÊMICO,6,EM FUNCIONAMENTO
Universidade de São Paulo,DESIGN,MESTRADO/DOUTORADO,ACADÊMICO,5,EM FUNCIONAMENTO
Universidade de São Paulo,"DIAGNÓSTICO BUCAL, RADIOLOGIA ODONTOLÓGICA E IMAGINOLOGIA",MESTRADO/DOUTORADO,ACADÊMICO,4,EM FUNCIONAMENTO
Universidade de São Paulo,DIREITO,MESTRADO/DOUTORADO,ACADÊMICO,7,EM FUNCIONAMENTO
Universidade de São Paulo,DOENÇAS INFECCIOSAS E PARASITÁRIAS,MESTRADO/DOUTORADO,ACADÊMICO,5,EM FUNCIONAMENTO
Universidade de São Paulo,ECOLOGIA,MESTRADO/DOUTORADO,ACADÊMICO,7,EM FUNCIONAMENTO
Universidade de São Paulo,ECONOMIA,MESTRADO/DOUTORADO,ACADÊMICO,7,EM FUNCIONAMENTO
Universidade de São Paulo,EDUCAÇÃO,MESTRADO/DOUTORADO,ACADÊMICO,5,EM FUNCIONAMENTO
Universidade de São Paulo,EDUCAÇÃO FÍSICA E ESPORTE,MESTRADO/DOUTORADO,ACADÊMICO,7,EM FUNCIONAMENTO
Universidade de São Paulo,ENDOCRINOLOGIA,MESTRADO/DOUTORADO,ACADÊMICO,5,EM FUNCIONAMENTO
Universidade de São Paulo,ENERGIA,MESTRADO/DOUTORADO,ACADÊMICO,6,EM FUNCIONAMENTO
Universidade de São Paulo,ENFERMAGEM,MESTRADO/DOUTORADO,ACADÊMICO,6,EM FUNCIONAMENTO
Universidade de São Paulo,ENFERMAGEM NA SAÚDE DO ADULTO,MESTRADO/DOUTORADO,ACADÊMICO,7,EM FUNCIONAMENTO
Universidade de São Paulo,ENGENHARIA (ENGENHARIA DE PRODUÇÃO),MESTRADO/DOUTORADO,ACADÊMICO,5,EM FUNCIONAMENTO
Universidade de São Paulo,ENGENHARIA CIVIL,MESTRADO/DOUTORADO,ACADÊMICO,6,EM FUNCIONAMENTO
Universidade de São Paulo,ENGENHARIA DE TRANSPORTES,MESTRADO/DOUTORADO,ACADÊMICO,5,EM FUNCIONAMENTO
Universidade de São Paulo,ENGENHARIA E CIÊNCIA DE MATERIAIS,MESTRADO/DOUTORADO,ACADÊMICO,5,EM FUNCIONAMENTO
Universidade de São Paulo,ENGENHARIA ELÉTRICA,MESTRADO/DOUTORADO,ACADÊMICO,6,EM FUNCIONAMENTO
Universidade de São Paulo,ENGENHARIA MECÂNICA,MESTRADO/DOUTORADO,ACADÊMICO,5,EM FUNCIONAMENTO
Universidade de São Paulo,ENGENHARIA METALÚRGICA,MESTRADO/DOUTORADO,ACADÊMICO,6,EM FUNCIONAMENTO
Universidade de São Paulo,ENGENHARIA MINERAL,MESTRADO/DOUTORADO,ACADÊMICO,5,EM FUNCIONAMENTO
Universidade de São Paulo,ENGENHARIA NAVAL E OCEÂNICA,MESTRADO/DOUTORADO,ACADÊMICO,5,EM FUNCIONAMENTO
Universidade de São Paulo,ENGENHARIA QUÍMICA,MESTRADO/DOUTORADO,ACADÊMICO,7,EM FUNCIONAMENTO
Universidade de São Paulo,"ENSINO DE CIÊNCIAS (MODALIDADES FÍSICA, QUÍMICA E BIOLOGIA)",MESTRADO/DOUTORADO,ACADÊMICO,5,EM FUNCIONAMENTO
Universidade de São Paulo,EPIDEMIOLOGIA E SAÚDE ÚNICA,MESTRADO/DOUTORADO,ACADÊMICO,7,EM FUNCIONAMENTO
Universidade de São Paulo,ESTUDOS LINGUÍSTICOS E LITERÁRIOS EM INGLÊS,MESTRADO/DOUTORADO,ACADÊMICO,5,EM FUNCIONAMENTO
Universidade de São Paulo,ESTÉTICA E HISTÓRIA DA ARTE,MESTRADO/DOUTORADO,ACADÊMICO,5,EM FUNCIONAMENTO
Universidade de São Paulo,FARMACOLOGIA,MESTRADO/DOUTORADO,ACADÊMICO,6,EM FUNCIONAMENTO
Universidade de São Paulo,FARMÁCIA (FISIOPATOLOGIA E TOXICOLOGIA),MESTRADO/DOUTORADO,ACADÊMICO,7,EM FUNCIONAMENTO
Universidade de São Paulo,FILOLOGIA E LÍNGUA PORTUGUESA,MESTRADO/DOUTORADO,ACADÊMICO,5,EM FUNCIONAMENTO
Universidade de São Paulo,FILOSOFIA,MESTRADO/DOUTORADO,ACADÊMICO,7,EM FUNCIONAMENTO
Universidade de São Paulo,FÁRMACOS E MEDICAMENTOS,MESTRADO/DOUTORADO,ACADÊMICO,5,EM FUNCIONAMENTO
Universidade de São Paulo,FÍSICA,MESTRADO/DOUTORADO,ACADÊMICO,5,EM FUNCIONAMENTO
Universidade de São Paulo,GEOCIÊNCIAS (GEOQUÍMICA E GEOTECTÔNICA),MESTRADO/DOUTORADO,ACADÊMICO,7,EM FUNCIONAMENTO
Universidade de São Paulo,GEOCIÊNCIAS (MINERALOGIA E PETROLOGIA),MESTRADO/DOUTORADO,ACADÊMICO,4,EM FUNCIONAMENTO
Universidade de São Paulo,GEOCIÊNCIAS (RECURSOS MINERAIS E HIDROGEOLOGIA),MESTRADO/DOUTORADO,ACADÊMICO,4,EM FUNCIONAMENTO
Universidade de São Paulo,GEOFÍSICA,MESTRADO/DOUTORADO,ACADÊMICO,6,EM FUNCIONAMENTO
Universidade de São Paulo,GEOGRAFIA (GEOGRAFIA FÍSICA),MESTRADO/DOUTORADO,ACADÊMICO,6,EM FUNCIONAMENTO
Universidade de São Paulo,GEOGRAFIA (GEOGRAFIA HUMANA),MESTRADO/DOUTORADO,ACADÊMICO,6,EM FUNCIONAMENTO
Universidade de São Paulo,GERENCIAMENTO EM ENFERMAGEM,MESTRADO/DOUTORADO,ACADÊMICO,5,EM FUNCIONAMENTO
Universidade de São Paulo,GERONTOLOGIA,MESTRADO/DOUTORADO,ACADÊMICO,4,EM FUNCIONAMENTO
Universidade de São Paulo,HISTÓRIA ECONÔMICA,MESTRADO/DOUTORADO,ACADÊMICO,4,EM FUNCIONAMENTO
Universidade de São Paulo,HISTÓRIA SOCIAL,MESTRADO/DOUTORADO,ACADÊMICO,7,EM FUNCIONAMENTO
Universidade de São Paulo,"HUMANIDADES, DIREITOS E OUTRAS LEGITIMIDADES",MESTRADO/DOUTORADO,ACADÊMICO,4,EM FUNCIONAMENTO
Universidade de São Paulo,IMUNOLOGIA,MESTRADO/DOUTORADO,ACADÊMICO,7,EM FUNCIONAMENTO
Universidade de São Paulo,INTEGRAÇÃO DA AMÉRICA LATINA,MESTRADO/DOUTORADO,ACADÊMICO,4,EM FUNCIONAMENTO
Universidade de São Paulo,INTERUNIDADES SISTEMAS INTEGRADOS EM ALIMENTOS,MESTRADO/DOUTORADO,ACADÊMICO,5,EM FUNCIONAMENTO
Universidade de São Paulo,LETRAS (EST.COMP. DE LITER. DE LÍNGUA PORTUGUESA),MESTRADO/DOUTORADO,ACADÊMICO,5,EM FUNCIONAMENTO
Universidade de São Paulo,LETRAS (LETRAS CLÁSSICAS),MESTRADO/DOUTORADO,ACADÊMICO,5,EM FUNCIONAMENTO
Universidade de São Paulo,LETRAS (LITERATURA PORTUGUESA),MESTRADO/DOUTORADO,ACADÊMICO,4,EM FUNCIONAMENTO
Universidade de São Paulo,LETRAS (LÍNGUA E LITERATURA ALEMÃ),MESTRADO/DOUTORADO,ACADÊMICO,4,EM FUNCIONAMENTO
Universidade de São Paulo,LETRAS (LÍNGUA ESPANHOLA E LIT. ESPANHOLA E HISPANO-AMERIC.),MESTRADO/DOUTORADO,ACADÊMICO,5,EM FUNCIONAMENTO
Universidade de São Paulo,"LETRAS (LÍNGUA, LITERATURA E CULTURA ITALIANAS)",MESTRADO/DOUTORADO,ACADÊMICO,5,EM FUNCIONAMENTO
Universidade de São Paulo,LETRAS (TEORIA LITERÁRIA E LITERATURA COMPARADA),MESTRADO/DOUTORADO,ACADÊMICO,5,EM FUNCIONAMENTO
Universidade de São Paulo,LETRAS ESTRANGEIRAS E TRADUÇÃO,MESTRADO/DOUTORADO,ACADÊMICO,6,EM FUNCIONAMENTO
Universidade de São Paulo,LINGÜÍSTICA,MESTRADO/DOUTORADO,ACADÊMICO,6,EM FUNCIONAMENTO
Universidade de São Paulo,LITERATURA BRASILEIRA,MESTRADO/DOUTORADO,ACADÊMICO,6,EM FUNCIONAMENTO
Universidade de São Paulo,MATEMÁTICA,MESTRADO/DOUTORADO,ACADÊMICO,6,EM FUNCIONAMENTO
Universidade de São Paulo,MATEMÁTICA APLICADA,MESTRADO/DOUTORADO,ACADÊMICO,6,EM FUNCIONAMENTO
Universidade de São Paulo,MEDICINA (DERMATOLOGIA),MESTRADO/DOUTORADO,ACADÊMICO,5,EM FUNCIONAMENTO
Universidade de São Paulo,MEDICINA (OBSTETRÍCIA E GINECOLOGIA),MESTRADO/DOUTORADO,ACADÊMICO,5,EM FUNCIONAMENTO
Universidade de São Paulo,MEDICINA (PEDIATRIA),MESTRADO/DOUTORADO,ACADÊMICO,5,EM FUNCIONAMENTO
Universidade de São Paulo,MEDICINA TROPICAL,MESTRADO/DOUTORADO,ACADÊMICO,5,EM FUNCIONAMENTO
Universidade de São Paulo,MEIOS E PROCESSOS AUDIOVISUAIS,MESTRADO/DOUTORADO,ACADÊMICO,5,EM FUNCIONAMENTO
Universidade de São Paulo,METEOROLOGIA,MESTRADO/DOUTORADO,ACADÊMICO,7,EM FUNCIONAMENTO
Universidade de São Paulo,MUDANÇA SOCIAL E PARTICIPAÇÃO POLÍTICA,MESTRADO/DOUTORADO,ACADÊMICO,4,EM FUNCIONAMENTO
Universidade de São Paulo,MÚSICA,MESTRADO/DOUTORADO,ACADÊMICO,6,EM FUNCIONAMENTO
Universidade de São Paulo,NEFROLOGIA,MESTRADO/DOUTORADO,ACADÊMICO,6,EM FUNCIONAMENTO
Universidade de São Paulo,NEUROCIÊNCIAS E COMPORTAMENTO,MESTRADO/DOUTORADO,ACADÊMICO,5,EM FUNCIONAMENTO
Universidade de São Paulo,NEUROLOGIA,MESTRADO/DOUTORADO,ACADÊMICO,6,EM FUNCIONAMENTO
Universidade de São Paulo,NUTRIÇÃO E PRODUÇÃO ANIMAL,MESTRADO/DOUTORADO,ACADÊMICO,5,EM FUNCIONAMENTO
Universidade de São Paulo,NUTRIÇÃO EM SAÚDE PÚBLICA,MESTRADO/DOUTORADO,ACADÊMICO,7,EM FUNCIONAMENTO
Universidade de São Paulo,OCEANOGRAFIA,MESTRADO/DOUTORADO,ACADÊMICO,7,EM FUNCIONAMENTO
Universidade de São Paulo,ODONTOLOGIA,MESTRADO/DOUTORADO,ACADÊMICO,5,EM FUNCIONAMENTO
Universidade de São Paulo,ONCOLOGIA,MESTRADO/DOUTORADO,ACADÊMICO,5,EM FUNCIONAMENTO
Universidade de São Paulo,OTORRINOLARINGOLOGIA,MESTRADO/DOUTORADO,ACADÊMICO,4,EM FUNCIONAMENTO
Universidade de São Paulo,PATOLOGIA EXPERIMENTAL E COMPARADA,MESTRADO/DOUTORADO,ACADÊMICO,6,EM FUNCIONAMENTO
Universidade de São Paulo,PROBABILIDADE E ESTATÍSTICA,MESTRADO/DOUTORADO,ACADÊMICO,6,EM FUNCIONAMENTO
Universidade de São Paulo,PSICOLOGIA (PSICOLOGIA EXPERIMENTAL),MESTRADO/DOUTORADO,ACADÊMICO,7,EM FUNCIONAMENTO
Universidade de São Paulo,PSICOLOGIA CLÍNICA,MESTRADO/DOUTORADO,ACADÊMICO,5,EM FUNCIONAMENTO
Universidade de São Paulo,PSICOLOGIA ESCOLAR E DO DESENVOLVIMENTO HUMANO,MESTRADO/DOUTORADO,ACADÊMICO,4,EM FUNCIONAMENTO
Universidade de São Paulo,PSICOLOGIA SOCIAL,MESTRADO/DOUTORADO,ACADÊMICO,4,EM FUNCIONAMENTO
Universidade de São Paulo,PSIQUIATRIA,MESTRADO/DOUTORADO,ACADÊMICO,7,EM FUNCIONAMENTO
Universidade de São Paulo,QUIMICA,MESTRADO/DOUTORADO,ACADÊMICO,7,EM FUNCIONAMENTO
Universidade de São Paulo,RELAÇÕES INTERNACIONAIS,MESTRADO/DOUTORADO,ACADÊMICO,5,EM FUNCIONAMENTO
Universidade de São Paulo,REPRODUÇÃO ANIMAL,MESTRADO/DOUTORADO,ACADÊMICO,6,EM FUNCIONAMENTO
Universidade de São Paulo,SAÚDE COLETIVA,MESTRADO/DOUTORADO,ACADÊMICO,7,EM FUNCIONAMENTO
Universidade de São Paulo,SAÚDE PÚBLICA,MESTRADO/DOUTORADO,ACADÊMICO,6,EM FUNCIONAMENTO
Universidade de São Paulo,SISTEMAS DE INFORMAÇÃO,MESTRADO/DOUTORADO,ACADÊMICO,4,EM FUNCIONAMENTO
Universidade de São Paulo,"SISTEMÁTICA, TAXONOMIA ANIMAL E BIODIVERSIDADE",MESTRADO/DOUTORADO,ACADÊMICO,5,EM FUNCIONAMENTO
Universidade de São Paulo,SOCIOLOGIA,MESTRADO/DOUTORADO,ACADÊMICO,6,EM FUNCIONAMENTO
Universidade de São Paulo,SUSTENTABILIDADE,MESTRADO/DOUTORADO,ACADÊMICO,5,EM FUNCIONAMENTO
Universidade de São Paulo,TECNOLOGIA BIOQUÍMICO-FARMACÊUTICA,MESTRADO/DOUTORADO,ACADÊMICO,5,EM FUNCIONAMENTO
Universidade de São Paulo,TECNOLOGIA NUCLEAR,MESTRADO/DOUTORADO,ACADÊMICO,6,EM FUNCIONAMENTO
Universidade de São Paulo,TURISMO,MESTRADO/DOUTORADO,ACADÊMICO,5,EM FUNCIONAMENTO
Universidade de São Paulo,UROLOGIA,MESTRADO/DOUTORADO,ACADÊMICO,4,EM FUNCIONAMENTO
Universidade de São Paulo,ZOOTECNIA,MESTRADO/DOUTORADO,ACADÊMICO,5,EM FUNCIONAMENTO
Universidade do Estado da Bahia,AGRONOMIA: HORTICULTURA IRRIGADA,MESTRADO,ACADÊMICO,4,EM FUNCIONAMENTO
Universidade do Estado da Bahia,BIODIVERSIDADE VEGETAL,MESTRADO,ACADÊMICO,3,EM FUNCIONAMENTO
Universidade do Estado da Bahia,CIÊNCIAS FARMACÊUTICAS,MESTRADO,ACADÊMICO,3,EM FUNCIONAMENTO
Universidade do Estado da Bahia,EDUCAÇÃO E FORMAÇÃO DOCENTE (PPGEDUF),MESTRADO,ACADÊMICO,A,EM FUNCIONAMENTO
Universidade do Estado da Bahia,"EDUCAÇÃO, CULTURA E TERRITÓRIOS SEMIÁRIDOS",MESTRADO,ACADÊMICO,3,EM FUNCIONAMENTO
Universidade do Estado da Bahia,"ESTUDOS AFRICANOS, POVOS INDÍGENAS E CULTURAS NEGRAS",MESTRADO,ACADÊMICO,3,EM FUNCIONAMENTO
Universidade do Estado da Bahia,ESTUDOS TERRITORIAIS,MESTRADO,ACADÊMICO,3,EM FUNCIONAMENTO
Universidade do Estado da Bahia,HISTÓRIA,MESTRADO,ACADÊMICO,3,EM FUNCIONAMENTO
Universidade do Estado da Bahia,HISTÓRIA REGIONAL E LOCAL,MESTRADO,ACADÊMICO,4,EM FUNCIONAMENTO
Universidade do Estado da Bahia,LETRAS,MESTRADO,ACADÊMICO,A,EM FUNCIONAMENTO
Universidade do Estado da Bahia,MODELAGEM E SIMULACÃO DE BIOSSISTEMAS,MESTRADO,ACADÊMICO,A,EM FUNCIONAMENTO
Universidade do Estado da Bahia,QUÍMICA APLICADA,MESTRADO,ACADÊMICO,3,EM FUNCIONAMENTO
Universidade do Estado da Bahia,TECNOLOGIAS DAS LINGUAGENS,MESTRADO,ACADÊMICO,A,EM FUNCIONAMENTO
Universidade do Estado da Bahia,EDUCAÇÃO DE JOVENS E ADULTOS,MESTRADO PROFISSIONAL,PROFISSIONAL,4,EM FUNCIONAMENTO
Universidade do Estado da Bahia,EDUCAÇÃO E DIVERSIDADE,MESTRADO PROFISSIONAL,PROFISSIONAL,4,EM FUNCIONAMENTO
Universidade do Estado da Bahia,"ENSINO, LINGUAGEM E SOCIEDADE",MESTRADO PROFISSIONAL,PROFISSIONAL,3,EM FUNCIONAMENTO
Universidade do Estado da Bahia,GESTÃO E TECNOLOGIAS APLICADAS À EDUCAÇÃO,MESTRADO PROFISSIONAL,PROFISSIONAL,4,EM FUNCIONAMENTO
Universidade do Estado da Bahia,INTERVENÇÃO EDUCATIVA E SOCIAL,MESTRADO PROFISSIONAL,PROFISSIONAL,4,EM FUNCIONAMENTO
Universidade do Estado da Bahia,SAÚDE COLETIVA,MESTRADO PROFISSIONAL,PROFISSIONAL,3,EM FUNCIONAMENTO
Universidade do Estado da Bahia,CRÍTICA CULTURAL,MESTRADO/DOUTORADO,ACADÊMICO,5,EM FUNCIONAMENTO
Universidade do Estado da Bahia,ECOLOGIA HUMANA E GESTÃO SOCIOAMBIENTAL,MESTRADO/DOUTORADO,ACADÊMICO,4,EM FUNCIONAMENTO
Universidade do Estado da Bahia,EDUCAÇÃO E CONTEMPORANEIDADE,MESTRADO/DOUTORADO,ACADÊMICO,4,EM FUNCIONAMENTO
Universidade do Estado da Bahia,ESTUDO DE LINGUAGENS,MESTRADO/DOUTORADO,ACADÊMICO,4,EM FUNCIONAMENTO
Universidade do Estado de Mato Grosso,BIOTECNOLOGIA E BIODIVERSIDADE - REDE PRÓ-CENTRO-OESTE,DOUTORADO,ACADÊMICO,4,EM FUNCIONAMENTO
Universidade do Estado de Mato Grosso,AMBIENTE E SISTEMAS DE PRODUÇÃO AGRÍCOLA,MESTRADO,ACADÊMICO,4,EM FUNCIONAMENTO
Universidade do Estado de Mato Grosso,BIODIVERSIDADE E AGROECOSSISTEMAS AMAZÔNICOS,MESTRADO,ACADÊMICO,4,EM FUNCIONAMENTO
Universidade do Estado de Mato Grosso,EDUCAÇÃO,MESTRADO,ACADÊMICO,4,EM FUNCIONAMENTO
Universidade do Estado de Mato Grosso,ENSINO DE CIENCIAS E MATEMÁTICA,MESTRADO,ACADÊMICO,4,EM FUNCIONAMENTO
Universidade do Estado de Mato Grosso,GENÉTICA E MELHORAMENTO DE PLANTAS,MESTRADO,ACADÊMICO,4,EM FUNCIONAMENTO
Universidade do Estado de Mato Grosso,GEOGRAFIA,MESTRADO,ACADÊMICO,4,EM FUNCIONAMENTO
Universidade do Estado de Mato Grosso,LETRAS,MESTRADO,ACADÊMICO,4,EM FUNCIONAMENTO
Universidade do Estado de Mato Grosso,ENSINO EM CONTEXTO INDÍGENA INTERCULTURAL,MESTRADO PROFISSIONAL,PROFISSIONAL,3,EM FUNCIONAMENTO
Universidade do Estado de Mato Grosso,CIÊNCIAS AMBIENTAIS,MESTRADO/DOUTORADO,ACADÊMICO,4,EM FUNCIONAMENTO
Universidade do Estado de Mato Grosso,ECOLOGIA E CONSERVAÇÃO,MESTRADO/DOUTORADO,ACADÊMICO,5,EM FUNCIONAMENTO
Universidade do Estado de Mato Grosso,ESTUDOS LITERÁRIOS,MESTRADO/DOUTORADO,ACADÊMICO,4,EM FUNCIONAMENTO
Universidade do Estado de Mato Grosso,LÍNGUÍSTICA,MESTRADO/DOUTORADO,ACADÊMICO,4,EM FUNCIONAMENTO
Universidade do Estado de Minas Gerais,CIÊNCIAS AMBIENTAIS,MESTRADO,ACADÊMICO,3,EM FUNCIONAMENTO
Universidade do Estado de Minas Gerais,EDUCAÇÃO,MESTRADO,ACADÊMICO,4,EM FUNCIONAMENTO
Universidade do Estado de Minas Gerais,DESENVOLVIMENTO REGIONAL E MEIO AMBIENTE,MESTRADO PROFISSIONAL,PROFISSIONAL,3,EM FUNCIONAMENTO
Universidade do Estado de Minas Gerais,PRÁTICAS MUSICAIS,MESTRADO PROFISSIONAL,PROFISSIONAL,A,EM FUNCIONAMENTO
Universidade do Estado de Minas Gerais,SEGURANÇA PÚBLICA E CIDADANIA,MESTRADO PROFISSIONAL,PROFISSIONAL,3,EM FUNCIONAMENTO
Universidade do Estado de Minas Gerais,ARTES,MESTRADO/DOUTORADO,ACADÊMICO,4,EM FUNCIONAMENTO
Universidade do Estado de Minas Gerais,DESIGN,MESTRADO/DOUTORADO,ACADÊMICO,5,EM FUNCIONAMENTO
Universidade do Estado de Santa Catarina,CIÊNCIA E TECNOLOGIA DE ALIMENTOS,MESTRADO,ACADÊMICO,3,EM FUNCIONAMENTO
Universidade do Estado de Santa Catarina,CIÊNCIAS AMBIENTAIS,MESTRADO,ACADÊMICO,4,EM FUNCIONAMENTO
Universidade do Estado de Santa Catarina,COMPUTAÇÃO APLICADA,MESTRADO,ACADÊMICO,4,EM FUNCIONAMENTO
Universidade do Estado de Santa Catarina,ENGENHARIA MECÂNICA,MESTRADO,ACADÊMICO,4,EM FUNCIONAMENTO
Universidade do Estado de Santa Catarina,FÍSICA,MESTRADO,ACADÊMICO,4,EM FUNCIONAMENTO
Universidade do Estado de Santa Catarina,DESIGN DE VESTUÁRIO E MODA,MESTRADO PROFISSIONAL,PROFISSIONAL,4,EM FUNCIONAMENTO
Universidade do Estado de Santa Catarina,ENFERMAGEM NA ATENÇÃO PRIMÁRIA À SAÚDE,MESTRADO PROFISSIONAL,PROFISSIONAL,4,EM FUNCIONAMENTO
Universidade do Estado de Santa Catarina,"ENSINO DE CIÊNCIAS, MATEMÁTICA E TECNOLOGIAS",MESTRADO PROFISSIONAL,PROFISSIONAL,4,EM FUNCIONAMENTO
Universidade do Estado de Santa Catarina,GESTÃO DA INFORMAÇÃO,MESTRADO PROFISSIONAL,PROFISSIONAL,4,EM FUNCIONAMENTO
Universidade do Estado de Santa Catarina,ADMINISTRAÇÃO,MESTRADO PROFISSIONAL/DOUTORADO PROFISSIONAL,PROFISSIONAL,5,EM FUNCIONAMENTO
Universidade do Estado de Santa Catarina,ADMINISTRAÇÃO,MESTRADO/DOUTORADO,ACADÊMICO,4,EM FUNCIONAMENTO
Universidade do Estado de Santa Catarina,ARTES CÊNICAS,MESTRADO/DOUTORADO,ACADÊMICO,5,EM FUNCIONAMENTO
Universidade do Estado de Santa Catarina,ARTES VISUAIS,MESTRADO/DOUTORADO,ACADÊMICO,4,EM FUNCIONAMENTO
Universidade do Estado de Santa Catarina,CIENCIA ANIMAL,MESTRADO/DOUTORADO,ACADÊMICO,5,EM FUNCIONAMENTO
Universidade do Estado de Santa Catarina,CIENCIA DO SOLO,MESTRADO/DOUTORADO,ACADÊMICO,5,EM FUNCIONAMENTO
Universidade do Estado de Santa Catarina,CIÊNCIA E ENGENHARIA DE MATERIAIS,MESTRADO/DOUTORADO,ACADÊMICO,4,EM FUNCIONAMENTO
Universidade do Estado de Santa Catarina,CIÊNCIAS DO MOVIMENTO HUMANO,MESTRADO/DOUTORADO,ACADÊMICO,5,EM FUNCIONAMENTO
Universidade do Estado de Santa Catarina,DESIGN,MESTRADO/DOUTORADO,ACADÊMICO,4,EM FUNCIONAMENTO
Universidade do Estado de Santa Catarina,EDUCAÇÃO,MESTRADO/DOUTORADO,ACADÊMICO,5,EM FUNCIONAMENTO
Universidade do Estado de Santa Catarina,ENGENHARIA CIVIL,MESTRADO/DOUTORADO,ACADÊMICO,4,EM FUNCIONAMENTO
Universidade do Estado de Santa Catarina,ENGENHARIA ELÉTRICA,MESTRADO/DOUTORADO,ACADÊMICO,4,EM FUNCIONAMENTO
Universidade do Estado de Santa Catarina,ENGENHARIA FLORESTAL,MESTRADO/DOUTORADO,ACADÊMICO,4,EM FUNCIONAMENTO
Universidade do Estado de Santa Catarina,FISIOTERAPIA,MESTRADO/DOUTORADO,ACADÊMICO,4,EM FUNCIONAMENTO
Universidade do Estado de Santa Catarina,HISTÓRIA,MESTRADO/DOUTORADO,ACADÊMICO,5,EM FUNCIONAMENTO
Universidade do Estado de Santa Catarina,MÚSICA,MESTRADO/DOUTORADO,ACADÊMICO,5,EM FUNCIONAMENTO
Universidade do Estado de Santa Catarina,PLANEJAMENTO TERRITORIAL E DESENVOLVIMENTO SÓCIO-AMBIENTAL,MESTRADO/DOUTORADO,ACADÊMICO,4,EM FUNCIONAMENTO
Universidade do Estado de Santa Catarina,PRODUÇÃO VEGETAL,MESTRADO/DOUTORADO,ACADÊMICO,5,EM FUNCIONAMENTO
Universidade do Estado de Santa Catarina,QUÍMICA APLICADA,MESTRADO/DOUTORADO,ACADÊMICO,4,EM FUNCIONAMENTO
Universidade do Estado de Santa Catarina,ZOOTECNIA,MESTRADO/DOUTORADO,ACADÊMICO,4,EM FUNCIONAMENTO
Universidade do Estado do Amazonas,BIOTECNOLOGIA E RECURSOS NATURAIS DA AMAZÔNIA,MESTRADO,ACADÊMICO,3,EM FUNCIONAMENTO
Universidade do Estado do Amazonas,CIÊNCIAS HUMANAS,MESTRADO,ACADÊMICO,4,EM FUNCIONAMENTO
Universidade do Estado do Amazonas,DIREITO AMBIENTAL,MESTRADO,ACADÊMICO,4,EM FUNCIONAMENTO
Universidade do Estado do Amazonas,EDUCAÇÃO,MESTRADO,ACADÊMICO,3,EM FUNCIONAMENTO
Universidade do Estado do Amazonas,EDUCAÇÃO EM CIÊNCIAS NA AMAZÔNIA,MESTRADO,ACADÊMICO,5,EM FUNCIONAMENTO
Universidade do Estado do Amazonas,GEOGRAFIA,MESTRADO,ACADÊMICO,A,EM FUNCIONAMENTO
Universidade do Estado do Amazonas,HEMATOLOGIA,MESTRADO,ACADÊMICO,3,EM FUNCIONAMENTO
Universidade do Estado do Amazonas,SAÚDE COLETIVA,MESTRADO,ACADÊMICO,A,EM FUNCIONAMENTO
Universidade do Estado do Amazonas,CIÊNCIAS APLICADAS À DERMATOLOGIA,MESTRADO PROFISSIONAL,PROFISSIONAL,3,EM FUNCIONAMENTO
Universidade do Estado do Amazonas,ENFERMAGEM EM SAÚDE PÚBLICA,MESTRADO PROFISSIONAL,PROFISSIONAL,4,EM FUNCIONAMENTO
Universidade do Estado do Amazonas,ENGENHARIA ELÉTRICA,MESTRADO PROFISSIONAL,PROFISSIONAL,A,EM FUNCIONAMENTO
Universidade do Estado do Amazonas,"SEGURANÇA PÚBLICA, CIDADANIA E DIREITOS HUMANOS",MESTRADO PROFISSIONAL,PROFISSIONAL,3,EM FUNCIONAMENTO
Universidade do Estado do Amazonas,LETRAS E ARTES,MESTRADO/DOUTORADO,ACADÊMICO,4,EM FUNCIONAMENTO
Universidade do Estado do Amazonas,MEDICINA TROPICAL,MESTRADO/DOUTORADO,ACADÊMICO,5,EM FUNCIONAMENTO
Universidade do Estado do Pará,GEOGRAFIA,MESTRADO,ACADÊMICO,3,EM FUNCIONAMENTO
Universidade do Estado do Pará,MÚSICA NA AMAZÔNIA (PPGMUSA),MESTRADO,ACADÊMICO,A,EM FUNCIONAMENTO
Universidade do Estado do Pará,REABILITAÇÃO E DESEMPENHO FUNCIONAL,MESTRADO,ACADÊMICO,A,EM FUNCIONAMENTO
Universidade do Estado do Pará,"TECNOLOGIA, RECURSOS NATURAIS E SUSTENTABILIDADE NA AMAZÔNIA",MESTRADO,ACADÊMICO,A,EM FUNCIONAMENTO
Universidade do Estado do Pará,CIRURGIA E PESQUISA EXPERIMENTAL,MESTRADO PROFISSIONAL,PROFISSIONAL,4,EM FUNCIONAMENTO
Universidade do Estado do Pará,EDUCAÇÃO E ENSINO DE CIÊNCIAS NA AMAZÔNIA,MESTRADO PROFISSIONAL,PROFISSIONAL,3,EM FUNCIONAMENTO
Universidade do Estado do Pará,EDUCAÇÃO ESCOLAR INDÍGENA,MESTRADO PROFISSIONAL,PROFISSIONAL,3,EM FUNCIONAMENTO
Universidade do Estado do Pará,ENSINO DE LÍNGUA PORTUGUESA E SUAS RESPECTIVAS LITERATURAS,MESTRADO PROFISSIONAL,PROFISSIONAL,3,EM FUNCIONAMENTO
Universidade do Estado do Pará,ENSINO DE MATEMÁTICA,MESTRADO PROFISSIONAL,PROFISSIONAL,3,EM FUNCIONAMENTO
Universidade do Estado do Pará,ENSINO EM SAÚDE NA AMAZÔNIA,MESTRADO PROFISSIONAL/DOUTORADO PROFISSIONAL,PROFISSIONAL,4,EM FUNCIONAMENTO
Universidade do Estado do Pará,BIOLOGIA PARASITÁRIA NA AMAZÔNIA,MESTRADO/DOUTORADO,ACADÊMICO,4,EM FUNCIONAMENTO
Universidade do Estado do Pará,CIÊNCIAS AMBIENTAIS,MESTRADO/DOUTORADO,ACADÊMICO,4,EM FUNCIONAMENTO
Universidade do Estado do Pará,CIÊNCIAS DA RELIGIÃO,MESTRADO/DOUTORADO,ACADÊMICO,4,EM FUNCIONAMENTO
Universidade do Estado do Pará,EDUCAÇÃO,MESTRADO/DOUTORADO,ACADÊMICO,4,EM FUNCIONAMENTO
Universidade do Estado do Pará,ENFERMAGEM,MESTRADO/DOUTORADO,ACADÊMICO,4,EM FUNCIONAMENTO
Universidade do Estado do Rio Grande do Norte,CIÊNCIA DA COMPUTAÇÃO - UERN - UFERSA,MESTRADO,ACADÊMICO,3,EM FUNCIONAMENTO
Universidade do Estado do Rio Grande do Norte,CIÊNCIAS DA LINGUAGEM,MESTRADO,ACADÊMICO,3,EM FUNCIONAMENTO
Universidade do Estado do Rio Grande do Norte,CIÊNCIAS NATURAIS,MESTRADO,ACADÊMICO,4,EM FUNCIONAMENTO
Universidade do Estado do Rio Grande do Norte,CIÊNCIAS SOCIAIS E HUMANAS,MESTRADO,ACADÊMICO,3,EM FUNCIONAMENTO
Universidade do Estado do Rio Grande do Norte,ECONOMIA,MESTRADO,ACADÊMICO,3,EM FUNCIONAMENTO
Universidade do Estado do Rio Grande do Norte,EDUCAÇÃO,MESTRADO,ACADÊMICO,3,EM FUNCIONAMENTO
Universidade do Estado do Rio Grande do Norte,ENSINO,MESTRADO,ACADÊMICO,4,EM FUNCIONAMENTO
Universidade do Estado do Rio Grande do Norte,ENSINO,MESTRADO,ACADÊMICO,3,EM FUNCIONAMENTO
Universidade do Estado do Rio Grande do Norte,GEOGRAFIA,MESTRADO,ACADÊMICO,4,EM FUNCIONAMENTO
Universidade do Estado do Rio Grande do Norte,PLANEJAMENTO E DINÂMICAS TERRITORIAIS NO SEMIÁRIDO,MESTRADO,ACADÊMICO,4,EM FUNCIONAMENTO
Universidade do Estado do Rio Grande do Norte,SAÚDE E SOCIEDADE,MESTRADO,ACADÊMICO,3,EM FUNCIONAMENTO
Universidade do Estado do Rio Grande do Norte,SERVIÇO SOCIAL E DIREITOS SOCIAIS,MESTRADO,ACADÊMICO,3,EM FUNCIONAMENTO
Universidade do Estado do Rio Grande do Norte,FÍSICA,MESTRADO/DOUTORADO,ACADÊMICO,4,EM FUNCIONAMENTO
Universidade do Estado do Rio Grande do Norte,LETRAS,MESTRADO/DOUTORADO,ACADÊMICO,5,EM FUNCIONAMENTO
Universidade do Estado do Rio de Janeiro,ENGENHARIA AMBIENTAL - DEAMB,DOUTORADO,ACADÊMICO,5,EM FUNCIONAMENTO
Universidade do Estado do Rio de Janeiro,MEIO AMBIENTE,DOUTORADO,ACADÊMICO,4,EM FUNCIONAMENTO
Universidade do Estado do Rio de Janeiro,CIÊNCIA E TECNOLOGIA DE MATERIAIS,MESTRADO,ACADÊMICO,3,EM FUNCIONAMENTO
Universidade do Estado do Rio de Janeiro,CIÊNCIAS CONTÁBEIS,MESTRADO,ACADÊMICO,3,EM FUNCIONAMENTO
Universidade do Estado do Rio de Janeiro,ENGENHARIA ELETRÔNICA,MESTRADO,ACADÊMICO,4,EM FUNCIONAMENTO
Universidade do Estado do Rio de Janeiro,"ENSINO DE CIÊNCIAS, AMBIENTE E SOCIEDADE",MESTRADO,ACADÊMICO,4,EM FUNCIONAMENTO
Universidade do Estado do Rio de Janeiro,GEOGRAFIA,MESTRADO,ACADÊMICO,4,EM FUNCIONAMENTO
Universidade do Estado do Rio de Janeiro,LETRAS E LINGUÍSTICA,MESTRADO,ACADÊMICO,4,EM FUNCIONAMENTO
Universidade do Estado do Rio de Janeiro,CONTROLADORIA E GESTÃO PÚBLICA,MESTRADO PROFISSIONAL,PROFISSIONAL,3,EM FUNCIONAMENTO
Universidade do Estado do Rio de Janeiro,ENGENHARIA AMBIENTAL,MESTRADO PROFISSIONAL,PROFISSIONAL,4,EM FUNCIONAMENTO
Universidade do Estado do Rio de Janeiro,ENSINO EM EDUCAÇÃO BÁSICA,MESTRADO PROFISSIONAL,PROFISSIONAL,5,EM FUNCIONAMENTO
Universidade do Estado do Rio de Janeiro,FÍSICA MÉDICA,MESTRADO PROFISSIONAL,PROFISSIONAL,3,EM FUNCIONAMENTO
Universidade do Estado do Rio de Janeiro,PSICANÁLISE,MESTRADO PROFISSIONAL,PROFISSIONAL,3,EM FUNCIONAMENTO
Universidade do Estado do Rio de Janeiro,"SAUDE, MEDICINA LABORATORIAL E TECNOLOGIA FORENSE",MESTRADO PROFISSIONAL,PROFISSIONAL,3,EM FUNCIONAMENTO
Universidade do Estado do Rio de Janeiro,SAÚDE COLETIVA,MESTRADO PROFISSIONAL,PROFISSIONAL,4,EM FUNCIONAMENTO
Universidade do Estado do Rio de Janeiro,TELESSAÚDE E SAÚDE DIGITAL,MESTRADO PROFISSIONAL,PROFISSIONAL,4,EM FUNCIONAMENTO
Universidade do Estado do Rio de Janeiro,"ALIMENTAÇÃO, NUTRIÇÃO E SAÚDE",MESTRADO/DOUTORADO,ACADÊMICO,4,EM FUNCIONAMENTO
Universidade do Estado do Rio de Janeiro,ARTES,MESTRADO/DOUTORADO,ACADÊMICO,5,EM FUNCIONAMENTO
Universidade do Estado do Rio de Janeiro,BIOCIÊNCIAS,MESTRADO/DOUTORADO,ACADÊMICO,6,EM FUNCIONAMENTO
Universidade do Estado do Rio de Janeiro,BIOLOGIA HUMANA E EXPERIMENTAL,MESTRADO/DOUTORADO,ACADÊMICO,4,EM FUNCIONAMENTO
Universidade do Estado do Rio de Janeiro,BIOLOGIA VEGETAL,MESTRADO/DOUTORADO,ACADÊMICO,4,EM FUNCIONAMENTO
Universidade do Estado do Rio de Janeiro,CIÊNCIA POLÍTICA,MESTRADO/DOUTORADO,ACADÊMICO,6,EM FUNCIONAMENTO
Universidade do Estado do Rio de Janeiro,CIÊNCIAS COMPUTACIONAIS E MODELAGEM MATEMÁTICA,MESTRADO/DOUTORADO,ACADÊMICO,4,EM FUNCIONAMENTO
Universidade do Estado do Rio de Janeiro,CIÊNCIAS DO EXERCÍCIO E DO ESPORTE,MESTRADO/DOUTORADO,ACADÊMICO,4,EM FUNCIONAMENTO
Universidade do Estado do Rio de Janeiro,CIÊNCIAS ECONÔMICAS,MESTRADO/DOUTORADO,ACADÊMICO,4,EM FUNCIONAMENTO
Universidade do Estado do Rio de Janeiro,CIÊNCIAS MÉDICAS,MESTRADO/DOUTORADO,ACADÊMICO,5,EM FUNCIONAMENTO
Universidade do Estado do Rio de Janeiro,CIÊNCIAS SOCIAIS,MESTRADO/DOUTORADO,ACADÊMICO,4,EM FUNCIONAMENTO
Universidade do Estado do Rio de Janeiro,COMUNICAÇÃO,MESTRADO/DOUTORADO,ACADÊMICO,5,EM FUNCIONAMENTO
Universidade do Estado do Rio de Janeiro,DESIGN,MESTRADO/DOUTORADO,ACADÊMICO,4,EM FUNCIONAMENTO
Universidade do Estado do Rio de Janeiro,DIREITO,MESTRADO/DOUTORADO,ACADÊMICO,6,EM FUNCIONAMENTO
Universidade do Estado do Rio de Janeiro,ECOLOGIA E EVOLUÇÃO,MESTRADO/DOUTORADO,ACADÊMICO,6,EM FUNCIONAMENTO
Universidade do Estado do Rio de Janeiro,EDUCAÇÃO,MESTRADO/DOUTORADO,ACADÊMICO,7,EM FUNCIONAMENTO
Universidade do Estado do Rio de Janeiro,EDUCAÇÃO - PROCESSOS FORMATIVOS E DESIGUALDADES SOCIAIS,MESTRADO/DOUTORADO,ACADÊMICO,4,EM FUNCIONAMENTO
Universidade do Estado do Rio de Janeiro,"EDUCAÇÃO, CULTURA E COMUNICAÇÃO",MESTRADO/DOUTORADO,ACADÊMICO,4,EM FUNCIONAMENTO
Universidade do Estado do Rio de Janeiro,ENFERMAGEM,MESTRADO/DOUTORADO,ACADÊMICO,5,EM FUNCIONAMENTO
Universidade do Estado do Rio de Janeiro,ENGENHARIA CIVIL,MESTRADO/DOUTORADO,ACADÊMICO,4,EM FUNCIONAMENTO
Universidade do Estado do Rio de Janeiro,ENGENHARIA MECÂNICA,MESTRADO/DOUTORADO,ACADÊMICO,3,EM FUNCIONAMENTO
Universidade do Estado do Rio de Janeiro,ENGENHARIA QUÍMICA,MESTRADO/DOUTORADO,ACADÊMICO,5,EM FUNCIONAMENTO
Universidade do Estado do Rio de Janeiro,FILOSOFIA,MESTRADO/DOUTORADO,ACADÊMICO,5,EM FUNCIONAMENTO
Universidade do Estado do Rio de Janeiro,FISIOPATOLOGIA CLÍNICA E EXPERIMENTAL,MESTRADO/DOUTORADO,ACADÊMICO,5,EM FUNCIONAMENTO
Universidade do Estado do Rio de Janeiro,FISIOPATOLOGIA E CIÊNCIAS CIRÚRGICAS,MESTRADO/DOUTORADO,ACADÊMICO,5,EM FUNCIONAMENTO
Universidade do Estado do Rio de Janeiro,FÍSICA,MESTRADO/DOUTORADO,ACADÊMICO,5,EM FUNCIONAMENTO
Universidade do Estado do Rio de Janeiro,GEOCIÊNCIAS,MESTRADO/DOUTORADO,ACADÊMICO,4,EM FUNCIONAMENTO
Universidade do Estado do Rio de Janeiro,GEOGRAFIA,MESTRADO/DOUTORADO,ACADÊMICO,5,EM FUNCIONAMENTO
Universidade do Estado do Rio de Janeiro,HISTÓRIA,MESTRADO/DOUTORADO,ACADÊMICO,5,EM FUNCIONAMENTO
Universidade do Estado do Rio de Janeiro,HISTÓRIA DA ARTE,MESTRADO/DOUTORADO,ACADÊMICO,4,EM FUNCIONAMENTO
Universidade do Estado do Rio de Janeiro,HISTÓRIA SOCIAL,MESTRADO/DOUTORADO,ACADÊMICO,5,EM FUNCIONAMENTO
Universidade do Estado do Rio de Janeiro,LETRAS,MESTRADO/DOUTORADO,ACADÊMICO,5,EM FUNCIONAMENTO
Universidade do Estado do Rio de Janeiro,LINGUÍSTICA E LÍNGUA PORTUGUESA,MESTRADO/DOUTORADO,ACADÊMICO,A,EM FUNCIONAMENTO
Universidade do Estado do Rio de Janeiro,MICROBIOLOGIA,MESTRADO/DOUTORADO,ACADÊMICO,4,EM FUNCIONAMENTO
Universidade do Estado do Rio de Janeiro,MODELAGEM COMPUTACIONAL,MESTRADO/DOUTORADO,ACADÊMICO,6,EM FUNCIONAMENTO
Universidade do Estado do Rio de Janeiro,OCEANOGRAFIA,MESTRADO/DOUTORADO,ACADÊMICO,4,EM FUNCIONAMENTO
Universidade do Estado do Rio de Janeiro,ODONTOLOGIA,MESTRADO/DOUTORADO,ACADÊMICO,5,EM FUNCIONAMENTO
Universidade do Estado do Rio de Janeiro,POLÍTICAS PÚBLICAS E FORMAÇÃO HUMANA,MESTRADO/DOUTORADO,ACADÊMICO,7,EM FUNCIONAMENTO
Universidade do Estado do Rio de Janeiro,PSICANÁLISE,MESTRADO/DOUTORADO,ACADÊMICO,4,EM FUNCIONAMENTO
Universidade do Estado do Rio de Janeiro,PSICOLOGIA SOCIAL,MESTRADO/DOUTORADO,ACADÊMICO,5,EM FUNCIONAMENTO
Universidade do Estado do Rio de Janeiro,QUÍMICA,MESTRADO/DOUTORADO,ACADÊMICO,4,EM FUNCIONAMENTO
Universidade do Estado do Rio de Janeiro,RELAÇÕES INTERNACIONAIS,MESTRADO/DOUTORADO,ACADÊMICO,4,EM FUNCIONAMENTO
Universidade do Estado do Rio de Janeiro,SAÚDE COLETIVA,MESTRADO/DOUTORADO,ACADÊMICO,7,EM FUNCIONAMENTO
Universidade do Estado do Rio de Janeiro,SERVIÇO SOCIAL,MESTRADO/DOUTORADO,ACADÊMICO,6,EM FUNCIONAMENTO
Universidade do Estado do Rio de Janeiro,SOCIOLOGIA,MESTRADO/DOUTORADO,ACADÊMICO,7,EM FUNCIONAMENTO
